clave,fuente,usr_id,prp_id,url,fecha_scraping,fecha_publicacion,precio,moneda,precio_m2,superficie_cubierta_m2,superficie_total_m2,ambientes,dormitorios,banos,tipo_construccion,condicion,estado_conservacion,antiguedad,localidad,provincia,direccion,latitud,longitud,cochera,plantas,piscina,amoblado,tiene_expensas,valor_expensas,acepta_mascotas,zona_escolar,publicador,tipo_anunciante,es_dueno_directo,posible_duplicado_cruzado,motivo_sospecha,descripcion,id_publicado
inmoclick:1002-1191,inmoclick,1002,1191,https://inmoclick.com/1002-riveros-propiedades-sa/inmuebles/1191/ficha/departamento-en-alquiler-en-thomas-edison-1059-1o-1o,2026-09-09,,1000000.0,ARS,10526.315789473683,95.0,114.0,,2.0,1.0,Departamento,Alquiler,Excelente,13.0,Godoy Cruz,Mendoza,THOMAS EDISON 1059 1º 1º,-32.913710651885204,-68.84060586580603,Garage/Cochera,1.0,False,False,,85000.0,False,,riveros propiedades sa,Inmobiliaria,False,False,,"RIVEROS PROPIEDADES ALQUILA: Departamento De 2 Dormitorios En Zona Jumbo/Hospital Español, Godoy Cruz, Mendoza. NO SE ACEPTAN MASCOTAS. 
Características:
- Living.
- Cocina.
- 2 Dormitorios Con Placar.
- Baño.
- Lavandería.
- 2 Balcones.
- Cochera.
Detalles: 
- Terraza Compartida Con Churrasquera.
- Split, Calefacción Por Radiantes.
- Expensas: $85.000
Requisitos:
- Solicitante Alquiler.
- 1 Garante Propietario Y 1 Garante Con Bono De Sueldo.
- 3 Garantes Con Bono De Sueldo (En Caso De No Tener Garante Propietario).
Contacto:
- www.riverospropiedades.com
- inmobiliaria@riverospropiedades.com",1002-1191
inmoclick:1002-1331,inmoclick,1002,1331,https://inmoclick.com/1002-riveros-propiedades-sa/inmuebles/1331/ficha/departamento-en-alquiler-en-adolfo-calle-210-1o-1o,2026-09-09,,550000.0,ARS,15277.777777777776,36.0,36.0,,1.0,1.0,Departamento,Alquiler,Muy Bueno,18.0,Godoy Cruz,Mendoza,ADOLFO CALLE 210 1º 1º,-32.9164798,-68.84382649999999,Sin Cochera,1.0,False,False,,20000.0,False,,riveros propiedades sa,Inmobiliaria,False,False,,"RIVEROS PROPIEDADES ALQUILA: Departamento De 1 Dormitorio En Calle Adolfo Calle 210 Cerca De La Universidad Champagnat, Godoy Cruz, Mendoza. NO SE PERMITEN MASCOTAS.
Características:
- Estar Cocina Comedor.
- Baño Completo.
- 1 Dormitorio Con Placar.
- Balcón.
Detalles:
- Ubicado En Planta Alta Por Escalera.
- Aire Acondicionado Frio/Calor.
- Calefactor A Gas.
- No Tiene Cochera.
- Expensas: $20.000 Aproximadamente (Luz Espacios Comunes, Focos, Productos De Limpieza).
Requisitos:
- Solicitante Alquiler.
- 1 Garante Propietario Y 1 Garante Con Bono De Sueldo.
- 3 Garantes Con Bono De Sueldo (En Caso De No Tener Garante Propietario).
Contacto:
- www.riverospropiedades.com
- inmobiliaria@riverospropiedades.com",1002-1331
inmoclick:1002-1433,inmoclick,1002,1433,https://inmoclick.com/1002-riveros-propiedades-sa/inmuebles/1433/ficha/departamento-en-alquiler-en-dorrego-551-1o-3o,2026-09-09,,700000.0,ARS,10769.23076923077,65.0,70.0,4.0,2.0,1.0,Departamento,Alquiler,Excelente,6.0,Guaymallen,Mendoza,DORREGO 551 1º 3º,-32.90208997867705,-68.82883636934223,Garage/Cochera,1.0,False,False,,25000.0,False,,riveros propiedades sa,Inmobiliaria,False,False,,"RIVEROS PROPIEDADES ALQUILA: Departamento Primer Piso Por Escalera, Sobre Calle Dorrego Esquina Juan G. Godoy, Dorrego, Guaymallén, Mendoza. NO SE PERMITEN MASCOTAS. 
Superficie Total: 70M2 + Cochera (65 M2 Departamento, 5 M2 Patio + Cochera Con Porton Automático).
Caracteristicas:
- Living Comedor Amplio.
- Cocina y Lavanderia.
- Patio Tendedero.
- Baño Con Ante Baño.
- 2 Dormitorios Con Placar.
- Cochera Con Portón Automático.
Detalles:
- Abona Limpieza.
- Con Rejas.
- Carpintería De Aluminio.
- Termo tanque 80 Litros.
- Mesada De Granito Natural.
- Bajo Mesada y Alacena De Madera Placa Melamina.
- Horno Cocina.
- Extractor.
- Calefactor.
- Aire Acondicionado en Todos Los Ambientes.
Contacto:
- www.riverospropiedades.com
- inmobiliaria@riverospropiedades.com",1002-1433
inmoclick:1002-1556,inmoclick,1002,1556,https://inmoclick.com/1002-riveros-propiedades-sa/inmuebles/1556/ficha/departamento-en-alquiler-en-tiburcio-benegas-475-1o4o,2026-09-09,,500000.0,ARS,9090.90909090909,55.0,55.0,,1.0,1.0,Departamento,Alquiler,Muy Bueno,10.0,Godoy Cruz,Mendoza,TIBURCIO BENEGAS 475 1º4º,-32.9373091,-68.85293879999999,Sin Cochera,1.0,False,False,,50000.0,False,,riveros propiedades sa,Inmobiliaria,False,False,,"RIVEROS PROPIEDADES ALQUILA: Departamento De 1 Dormitorio En Calle Tiburcio Benegas Cerca San Martin Sur, Godoy Cruz, Mendoza. NO SE PERMITEN MASCOTAS.
Caracteristicas:
- Estar Comedor,
- Cocina,
- 1 Dormitorio,
- Baño,
- Balcon.
Detalles:
- No Posee Cochera,
- Frontal, Ubicado En Primer Piso Por Escalera,
- Abona Expensas: $50.000 Aprox.
Requisitos:
- 1 Garante Propietario Y 1 Garante Con Bono De Sueldo.
- 3 Garantes Con Bono De Sueldo (En Caso De No Tener Garante Propietario).
Contacto:
- www.riverospropiedades.com
- inmobiliaria@riverospropiedades.com",1002-1556
inmoclick:1002-1578,inmoclick,1002,1578,https://inmoclick.com/1002-riveros-propiedades-sa/inmuebles/1578/ficha/duplex-en-alquiler-en-cochabamba-4093-5o,2026-09-09,,700000.0,ARS,11666.666666666666,60.0,75.0,,2.0,2.0,Duplex,Alquiler,Muy Bueno,10.0,Guaymallen,Mendoza,COCHABAMBA 4093 5º,-32.912453728361825,-68.79424687116393,Garage/Cochera,2.0,False,False,,90000.0,False,,riveros propiedades sa,Inmobiliaria,False,False,,"RIVEROS PROPIEDADES ALQUILA: Duplex 2 Dormitorios En Calle Cochabamba, Guaymallén, Mendoza. NO SE PERMITEN MASCOTAS. 
Caracteristicas:
PLANTA BAJA:
- Living Comedor Amplio, 
- Cocina Y Lavandería, 
- Toilette, 
- Patio Con Leonera, 
- Cochera Cubierta. 
PLANTA ALTA: 
- 2 Dormitorios Con Placard,
- Baño Completo
- Abona Expensas ($90.000 aprox, incluye luz de espacios comunes, agua, municipalidad y limpieza)
Requisitos: 
- Solicitante alquiler. 
- 1 garante propietario y 1 garante con bono de sueldo. 
- 3 garantes con bono de sueldo (en caso de no tener garante propietario). 
Contacto: 
- www.riverospropiedades.com 
- inmobiliaria@riverospropiedades.com",1002-1578
inmoclick:1002-1622,inmoclick,1002,1622,https://inmoclick.com/1002-riveros-propiedades-sa/inmuebles/1622/ficha/departamento-en-alquiler-en-jorge-newbery-811-planta-alta,2026-09-09,,450000.0,ARS,11250.0,40.0,55.0,,1.0,1.0,Departamento,Alquiler,Muy Bueno,10.0,Guaymallen,Mendoza,JORGE NEWBERY 811 PLANTA ALTA,-32.9012272,-68.7812259,Garage/Cochera,1.0,False,False,False,,False,,riveros propiedades sa,Inmobiliaria,False,False,,"RIVEROS PROPIEDADES ALQUILA: Departamento De 1 Dormitorio En Calle Jorge Newbery, Villanueva, Guaymallén, Mendoza. NO SE PERMITEN MASCOTAS.
Características:
- Cocina Comedor Amplio.
- 1 Dormitorio Sin Placar.
- Baño Completo.
- Terraza.
- Cochera Semi-techada.
Detalles:
- Ubicado En Planta Alta Por Escalera.
- No Posee Aparato De Cocina.
- Posee Termo Tanque.
Requisitos:
- Solicitante Alquiler.
- 1 Garante Propietario Y 1 Garante Con Bono De Sueldo.
- 3 Garantes Con Bono De Sueldo (En Caso De No Tener Garante Propietario).
Contacto:
- www.riverospropiedades.com
- inmobiliaria@riverospropiedades.com",1002-1622
inmoclick:1002-1646,inmoclick,1002,1646,https://inmoclick.com/1002-riveros-propiedades-sa/inmuebles/1646/ficha/departamento-en-alquiler-en-necochea-85-7o3o,2026-09-09,,450000.0,ARS,8181.818181818182,55.0,55.0,,1.0,1.0,Departamento,Alquiler,Muy Bueno,35.0,Capital,Mendoza,NECOCHEA 85 7º3º,-32.88725083225523,-68.83960041534424,Sin Cochera,1.0,False,,,46000.0,False,,riveros propiedades sa,Inmobiliaria,False,False,,"RIVEROS PROPIEDADES ALQUILA: Departamento De 1 Dormitorio Calle Necochea, Ciudad, Mendoza. NO SE PERMITEN MASCOTAS. 
Características: 
- Cocina Comedor,
- 1 Dormitorio Con Placard,
- 1 Baño Completo,
Detalles: 
- Aparato De Cocina Y Calefón Escorial Chico.
- Posee: Mesa, 4 Sillas, Heladerita, 1 A/A Frio-Calor, Cama Matrimonial, 2 Mesas De Luz, Aspiradora. 
- Expensas: $46.000 (aproximadamente)
Requisitos: 
- Solicitante Alquiler. 
- 1 Garante Propietario Y 1 Garante Con Bono De Sueldo. 
- 3 Garantes Con Bono De Sueldo (En Caso De No Tener Garante Propietario). 
Contacto: 
- www.riverospropiedades.com 
- inmobiliaria@riverospropiedades.com",1002-1646
inmoclick:1002-1663,inmoclick,1002,1663,https://inmoclick.com/1002-riveros-propiedades-sa/inmuebles/1663/ficha/departamento-en-alquiler-en-25-de-mayo-130-1o4o,2026-09-09,,630000.0,ARS,9692.307692307691,65.0,75.0,,2.0,1.0,Departamento,Alquiler,Excelente,15.0,Guaymallen,Mendoza,25 DE MAYO 130 1º4º,-32.89745516725097,-68.83258278650818,Garage/Cochera,1.0,False,False,False,,False,,riveros propiedades sa,Inmobiliaria,False,False,,"RIVEROS PROPIEDADES ALQUILA: Departamento De 2 Dormitorios En Calle 25 De Mayo Casi Costanera, Dorrego, Guaymallén, Mendoza. NO SE PERMITEN MASCOTAS.
Características:
- Living Comedor Amplio.
- Cocina Y Lavandería.
- Baño Completo.
- 2 Dormitorios Con Placar.
- Cochera Con Porton Automatico.
Requisitos:
- Solicitante Alquiler.
- 1 Garante Propietario Y 1 Garante Con Bono De Sueldo.
- 3 Garantes Con Bono De Sueldo (En Caso De No Tener Garante Propietario).
Contacto:
- www.riverospropiedades.com
- inmobiliaria@riverospropiedades.com",1002-1663
inmoclick:1002-1686,inmoclick,1002,1686,https://inmoclick.com/1002-riveros-propiedades-sa/inmuebles/1686/ficha/departamento-en-alquiler-en-sobremonte-174-2o,2026-09-09,,650000.0,ARS,10000.0,65.0,65.0,,2.0,1.0,Departamento,Alquiler,Excelente,20.0,Guaymallen,Mendoza,SOBREMONTE 174 2º,-32.89862305031293,-68.83148360370483,Garage/Cochera,1.0,False,False,False,,False,,riveros propiedades sa,Inmobiliaria,False,False,,"RIVEROS PROPIEDADES ALQUILA: Departamento De 2 Dormitorios En Calle Sobremonte Cerca Adolfo Calle, Dorrego, Guaymallén, Mendoza. NO SE PERMITEN ANIMALES.
Características:
- Estar Cocina Comedor.
- 2 Dormitorios Con Placar.
- Baño.
- 2 Patios.
- Cochera Cubierta.
Requisitos:
- Solicitante Alquiler.
- 1 Garante Propietario Y 1 Garante Con Bono De Sueldo.
- 3 Garantes Con Bono De Sueldo (En Caso De No Tener Garante Propietario).
Contacto:
- www.riverospropiedades.com
- inmobiliaria@riverospropiedades.com",1002-1686
inmoclick:1002-1688,inmoclick,1002,1688,https://inmoclick.com/1002-riveros-propiedades-sa/inmuebles/1688/ficha/departamento-en-alquiler-en-talcahuano-y-charcas-4290-1o8o,2026-09-09,,550000.0,ARS,8461.538461538461,65.0,80.0,,1.0,1.0,Departamento,Alquiler,Excelente,15.0,Guaymallen,Mendoza,TALCAHUANO Y CHARCAS 4290 1º8º,-32.91038381274054,-68.7922873989502,Garage/Cochera,1.0,False,False,,30000.0,False,,riveros propiedades sa,Inmobiliaria,False,False,,"RIVEROS PROPIEDADES ALQUILA: Departamento De 1 Dormitorio En Zona Carrefour, Calle Talcahuano Y Charcas, Villanueva, Guaymallén, Mendoza. NO SE PERMITEN MASCOTAS. 
Caracteristicas:
- Estar Comedor Con Desayunador.
- Cocina Y Lavandería. 
- 1 Dormitorio Con Placar.
- Baño Con Ante baño.
- Cochera.
- Balcón.
Detalles:
- Abona Expensas: $30.000 Aproximadamente
Contacto:
- www.riverospropiedades.com
- inmobiliaria@riverospropiedades.com",1002-1688
inmoclick:1002-1690,inmoclick,1002,1690,https://inmoclick.com/1002-riveros-propiedades-sa/inmuebles/1690/ficha/departamento-en-alquiler-en-los-toneles-2495-2o27o,2026-09-09,,580000.0,ARS,7733.333333333333,75.0,75.0,,2.0,1.0,Departamento,Alquiler,Muy Bueno,40.0,Capital,Mendoza,LOS TONELES 2495 2º27º,-32.87412100000001,-68.84139534973754,Sin Cochera,1.0,False,False,,40000.0,False,,riveros propiedades sa,Inmobiliaria,False,False,,"RIVEROS PROPIEDADES ALQUILA: Departamento De 2 Dormitorios En Zona Parque Central, Calle Los Toneles, Ciudad, Mendoza. NO SE PERMITEN MASCOTAS.
Características:
- Cocina.
- Estar Comedor.
- Lavandería.
- 2 Dormitorios Con Placar.
- Baño Completo.
- Balcón.
- Espacio Vehicular.
Detalles:
- Expensas: $40.000 Aproximadamente
- Preferentemente Sin Niños, A Conversar.
Requisitos:
- Solicitante Alquiler.
- 1 Garante Propietario Y 1 Garante Con Bono De Sueldo.
- 3 Garantes Con Bono De Sueldo (En Caso De No Tener Garante Propietario).
Contacto:",1002-1690
inmoclick:1002-1692,inmoclick,1002,1692,https://inmoclick.com/1002-riveros-propiedades-sa/inmuebles/1692/ficha/departamento-en-alquiler-en-calle-12-s-n-manzana-n-lote-238-planta-baja-2,2026-09-09,,600000.0,ARS,10000.0,60.0,75.0,,2.0,1.0,Departamento,Alquiler,Excelente,3.0,Guaymallen,Mendoza,CALLE 12 S/N MANZANA Ñ LOTE 238 PLANTA BAJA 2,-32.92629667274471,-68.76869561457829,Garage/Cochera,1.0,False,False,False,,False,,riveros propiedades sa,Inmobiliaria,False,False,,"RIVEROS PROPIEDADES ALQUILA: Departamento De 2 Dormitorios En Barrio Jardín Inka, Jesús Nazareno, Guaymallén, Mendoza. NO SE PERMITEN MASCOTAS.
Características:
- Estar Cocina Comedor.
- 2 Dormitorios Con Placar.
- Baño Completo.
- Patio - Lavanderia.
- Cochera Descubierta.
Detalles:
- Ubicado En Planta Baja.
- Complejo De 4 Departamentos.
- No Paga Expensas, Abona Luces De Espacios Comunes.
Requisitos:
- Solicitante Alquiler.
- 1 Garante Propietario Y 1 Garante Con Bono De Sueldo.
- 3 Garantes Con Bono De Sueldo (En Caso De No Tener Garante Propietario).
Contacto:
- www.riverospropiedades.com
- inmobiliaria@riverospropiedades.com",1002-1692
inmoclick:1002-1694,inmoclick,1002,1694,https://inmoclick.com/1002-riveros-propiedades-sa/inmuebles/1694/ficha/duplex-en-alquiler-en-moldes-734-j,2026-09-09,,800000.0,ARS,6666.666666666667,120.0,175.0,,4.0,2.0,Duplex,Alquiler,Muy Bueno,40.0,Guaymallen,Mendoza,"MOLDES 734 ""J""",-32.913213595285164,-68.8310003423279,Garage/Cochera,2.0,False,False,,20000.0,False,,riveros propiedades sa,Inmobiliaria,False,False,,"RIVEROS PROPIEDADES ALQUILA: Dúplex De 4 Dormitorios En Calle Moldes Cerca De Boulevard De Calle Dorrego, Guaymallén, Mendoza. NO SE PERMITEN MASCOTAS. 
Características:
- PLANTA BAJA:
- Estar Comedor,
- Cocina,
- 1 Dormitorio,
- Baño Completo,
- Patio,
- Cochera.
- PLANTA ALTA:
- 3 Dormitorios Con Placar,
- Baño Completo.
Detalles: 
- Abona Expensas $20.000 (Aprox)
- Ubicado En Complejo Cerrado.
Requisitos: 
- Solicitante alquiler. 
- 1 garante propietario y 1 garante con bono de sueldo. 
- 3 garantes con bono de sueldo (en caso de no tener garante propietario). 
Contacto: 
- www.riverospropiedades.com 
- inmobiliaria@riverospropiedades.com",1002-1694
inmoclick:1002-597,inmoclick,1002,597,https://inmoclick.com/1002-riveros-propiedades-sa/inmuebles/597/ficha/departamento-en-alquiler-en-renato-zanzin-1464-1o-5o,2026-09-09,,580000.0,ARS,13181.818181818182,44.0,50.0,,1.0,1.0,Departamento,Alquiler,Excelente,10.0,Godoy Cruz,Mendoza,RENATO ZANZIN 1464 1º 5º,-32.908736593257416,-68.85474069999997,Garage/Cochera,1.0,False,False,,20000.0,False,,riveros propiedades sa,Inmobiliaria,False,False,,"RIVEROS PROPIEDADES ALQUILA: Departamento De 1 Dormitorio En Calle Renato Zanzin Casi Pellegrini, En Godoy Cruz, Mendoza. NO SE PERMITEN MASCOTAS. 
Características:
- Estar Comedor.
- Cocina Con Desayunador y Lavanderia.
- Baño Completo Con Bañadera.
- 1 Dormitorio Con Placar.
- Balcón.
- Cochera Cubierta.
Detalles: 
- Expensas: $20.000 Aprox.
Requisitos:
- Solicitante Alquiler. 
- 1 Garante Propietario Y 1 Garante Con Bono De Sueldo.
- 3 Garantes Con Bono De Sueldo (En Caso De No Tener Garante Propietario).
Contacto:
- www.riverospropiedades.com
- inmobiliaria@riverospropiedades.com",1002-597
inmoclick:101189-240,inmoclick,101189,240,https://inmoclick.com/101189-juan-carlos-raiti/inmuebles/240/ficha/departamento-en-alquiler-en-calle-castro,2026-09-09,,480000.0,ARS,9600.0,50.0,50.0,3.0,1.0,1.0,Departamento,Alquiler,Excelente,7.0,Guaymallen,Mendoza,CALLE CASTRO,-32.91384293529721,-68.78489798130583,Garage,1.0,,False,,75000.0,False,,juan carlos raiti,Inmobiliaria,False,False,,"Departamento en planta baja, dentro de un complejo íntimo de cuatro unidades, ideal para quienes buscan comodidad y acceso rápido a la ciudad. Ubicado en calle Castro, a sólo 50 metros de calle Urquiza, ofrece una ubicación práctica y de fácil llegada.

Características principales:
- 📍 Ubicación: Calle Castro, a 50 m de calle Urquiza 
- 🏘️ Complejo: Parte de un conjunto de 4 departamentos (planta baja) 
- 🛏️ Dormitorios: 1 dormitorio con placard empotrado 
- 🍽️ Cocina: Cocina con amueblamientos completos, diseño moderno 
- 🛁 Baños: 1 baño completo con antebaño 
- 🛋️ Ambientes: Living-comedor luminoso y funcional 
- 🚗 Cochera: Espacio de cochera incluido

Descripción:
Este departamento combina practicidad y estilo en un espacio bien distribuido. El dormitorio con placard ofrece almacenamiento ordenado, mientras que la cocina, totalmente amueblada y de diseño moderno, facilita la vida diaria con estética contemporánea. El baño completo con antebaño brinda mayor comodidad y privacidad. El living-comedor propone un ambiente acogedor para recibir visitas o descansar después del trabajo. Al estar en planta baja, el acceso es directo y cómodo, y la cochera incluida aporta un valor agregado importante para quienes buscan seguridad y confort para su vehículo. Su ubicación, a pocos pasos de calle Urquiza, lo hace atractivo para quienes valoran la cercanía a puntos de interés sin renunciar a la tranquilidad de un complejo pequeño. Ideal para pareja o persona sola que busca funcionalidad y buen diseño.",101189-240
inmoclick:101189-257,inmoclick,101189,257,https://inmoclick.com/101189-juan-carlos-raiti/inmuebles/257/ficha/departamento-en-alquiler-en-calle-chile-entre-las-heras-y-necochea,2026-09-09,,430000.0,ARS,6142.857142857143,70.0,70.0,4.0,2.0,1.0,Departamento,Alquiler,Muy Bueno,20.0,Capital,Mendoza,CALLE CHILE entre Las Heras Y Necochea,-32.88558206610525,-68.8445618685089,Sin Cochera,1.0,False,False,,150000.0,False,,juan carlos raiti,Inmobiliaria,False,False,,"🛏️ 2 dormitorios con placares 
🚿 1 baño 
🍽️ Cocina funcional 
🏢 3er piso 
✨ Estado: lindo, para entrar a vivir

Presentamos un departamento lindo y práctico en 3er piso, pensado para quienes buscan comodidad y buen aprovechamiento del espacio. Sus dos dormitorios cuentan con placares empotrados que facilitan el orden y permiten optimizar cada ambiente; son habitaciones ideales para armar el dormitorio principal y una habitación auxiliar, oficina o cuarto de niños según tus necesidades.

La cocina, funcional y bien distribuida, ofrece el espacio necesario para preparar tus comidas del día a día y adaptar con facilidad pequeños electrodomésticos o soluciones de almacenamiento adicionales. El baño, completo, responde a la funcionalidad que demanda una vivienda cotidiana.

Al estar en un tercer piso, el inmueble ofrece mayor privacidad y menos ruidos de calle, lo que suma tranquilidad a la experiencia de vivir aquí. Su estado “lindo” sugiere que se encuentra en condiciones aptas para mudarse sin grandes reformas, permitiéndote enfocarte en decorar y personalizar cada ambiente a tu gusto.

Es una opción atractiva para parejas, familias pequeñas o inversores que buscan una propiedad con distribución práctica y buen potencial. Consultá para coordinar una visita y comprobar en persona todas las ventajas que ofrece este departamento.",101189-257
inmoclick:101189-260,inmoclick,101189,260,https://inmoclick.com/101189-juan-carlos-raiti/inmuebles/260/ficha/departamento-en-alquiler-en-calle-ohiggins-antes-de-25-de-mayo,2026-09-09,,650000.0,ARS,9285.714285714286,70.0,70.0,5.0,2.0,2.0,Departamento,Alquiler,Excelente,10.0,Capital,Mendoza,CALLE OHIGGINS ANTES DE 25 DE MAYO,-32.90558183506181,-68.85392462198958,Garage,1.0,False,False,,65000.0,False,,juan carlos raiti,Inmobiliaria,False,False,,"🛏️ 2 dormitorios con placard 
🚿 2 baños (uno en suite) 
🛋️ Living amplio y luminoso 
🚗 Cochera incluida 
☀️ Muy luminoso 
📍 Primer piso

Se alquila departamento en primer piso que combina confort y funcionalidad. La distribución es práctica: dos dormitorios con placard que ofrecen espacio de guardado ordenado y un baño en suite para mayor privacidad, además de un segundo baño que facilita la convivencia diaria. El living, amplio y luminoso, es el corazón del hogar y permite recibir visitas, armar un espacio de estudio o disfrutar de un agradable descanso con buena iluminación natural.

La cochera incluida aporta comodidad y seguridad para el vehículo, una ventaja notable en la ciudad. Al estar en primer piso, el acceso es directo y cómodo, ideal tanto para familias como para profesionales que buscan simplicidad en su rutina diaria.

Propiedad luminosa y cómoda, con ambientes bien pensados para el día a día. Perfecta para quienes priorizan practicidad sin resignar confort. Contacte para coordinar visita y conocer en persona la atmósfera y distribución que hacen de este departamento una opción atractiva para vivir.",101189-260
inmoclick:101189-261,inmoclick,101189,261,https://inmoclick.com/101189-juan-carlos-raiti/inmuebles/261/ficha/departamento-en-alquiler-en-calle-pascual-segura-y-25-de-mayo,2026-09-09,,850000.0,ARS,8500.0,100.0,100.0,5.0,3.0,2.0,Departamento,Alquiler,Excelente,10.0,Capital,Mendoza,CALLE PASCUAL SEGURA Y 25 DE MAYO,-32.905334245417265,-68.85330152290787,Garage,1.0,False,False,,30000.0,False,,juan carlos raiti,Inmobiliaria,False,False,,"Departamento amplio y luminoso ideal para una familia que busca confort y funcionalidad en cada ambiente. Al ingresar se percibe una circulación cómoda entre los espacios: un living comedor con balcón que aporta luz natural y permite disfrutar de momentos de relax y reuniones; una cocina amplia y amoblada que facilita la organización y el día a día; además cuenta con tres dormitorios con placard, pensados para descanso y privacidad, y dos baños que brindan comodidad para toda la familia. La lavandería luminosa suma practicidad y ventilación al servicio doméstico. La cochera incluida es una ventaja valiosa en la rutina diaria.

Características principales:
- 🛏️ 3 dormitorios con placard
- 🚿 2 baños
- 🍽️ Cocina amplia amoblada
- 🧺 Lavandería luminosa
- 🛋️ Living comedor con balcón
- 🚗 Cochera

Este inmueble combina amplitud y luz natural, ofreciendo ambientes versátiles que se adaptan tanto a la vida familiar como al teletrabajo. La distribución permite separar las áreas sociales de las privadas, mientras que el balcón amplía el living hacia el exterior. Una propuesta práctica y confortable, lista para convertirse en tu próximo hogar.",101189-261
inmoclick:101867-24,inmoclick,101867,24,https://inmoclick.com/101867-rosana/inmuebles/24/ficha/departamento-en-alquiler-en-mitre-749-cdad,2026-09-09,,480000.0,ARS,13714.285714285714,35.0,35.0,2.0,1.0,1.0,Departamento,Alquiler,Excelente,,Capital,Mendoza,Mitre 749 cdad,,,Indistinto,1.0,False,False,False,,False,No,rosana,Dueno Directo,True,False,,Dueño directo Departamento calle Mitre entre San Lorenzo y Montevideo. Dormitorio. Cocina. Estar. Baño. Aire acondicionado frio/calor. Sin expensas,101867-24
inmoclick:10208-247,inmoclick,10208,247,https://inmoclick.com/10208-vicente-propiedades/inmuebles/247/ficha/departamento-en-alquiler-en-barrio-natania-47-maipu,2026-09-09,,700000.0,ARS,9459.45945945946,74.0,74.0,,2.0,2.0,Departamento,Alquiler,Excelente,,Maipu,Mendoza,"Barrio Natania 47, Maipú",-32.942327010330644,-68.80337386687624,Garage,2.0,,,False,,False,,vicente propiedades,Inmobiliaria,False,False,,"DÚPLEX EN ALQUILER – BARRIO NATANIA 47, MAIPÚ 

Hoy conocemos este dúplex ubicado en Barrio Natania 47 de Maipú, dentro de un entorno residencial tranquilo y agradable.

Cuenta con:
• Cocina-comedor equipada con horno
• Baño de visitas
• 2 dormitorios con placares empotrados
• Baño completo
• Espacio para lavandería o guardado
• Cochera techada

Una propiedad funcional y bien distribuida, ideal para disfrutar cómodamente de cada espacio.

Canon mensual: $700.000
Actualizaciones trimestrales mediante IPC.

Consultanos para recibir más información y coordiná tu visita.",10208-247
inmoclick:10313-13,inmoclick,10313,13,https://inmoclick.com/10313-mario-arturo-romani/inmuebles/13/ficha/departamento-en-alquiler-en-lavalle-290-esquina-san-martin-sur,2026-09-09,,650000.0,ARS,9285.714285714286,70.0,70.0,5.0,2.0,1.0,Departamento,Alquiler,Excelente,35.0,Godoy Cruz,Mendoza,Lavalle 290 esquina San Martin sur,-32.87505096302248,-68.83456419,Sin Cochera,1.0,False,False,,38000.0,,,mario arturo romani,Dueno Directo,True,False,,"• 🏠 Ubicación: Lavalle esquina San Martín (sur), a 2 cuadras de la plaza 
• 🛏️ Dormitorios: 2 dormitorios con placares 
• 🛁 Baños: 1 baño con antebaño 
• 🛋️ Ambientes: Living comedor amplio + cocina comedor 
• 🧺 Lavadero: Lavadero cubierto 
• 🧽 Estado: Se entrega recién pintado y en excelentes condiciones 
• 🔥 Equipamiento: Cocina, calefón y estufa incluidos 
• 🪜 Piso: Primer piso por escalera 
• 👥 Capacidad: Máximo 3 personas 
• 🐶 Mascota: Se acepta mascota pequeña, con supervisión constante del inquilino 
• 📄 Condiciones: Contrato por 2 años con actualizaciones cuatrimestrales por IPC 
• 🛍️ Entorno: Rodeado de comercios de distintos rubros

Descripción:
Disfrute de la comodidad de vivir en una de las esquinas más prácticas de la zona sur: a solo dos cuadras de la plaza y con todo tipo de comercios a mano, este departamento ofrece un equilibrio ideal entre tranquilidad y conveniencia. En primer piso por escalera, encontrará un ingreso que conduce a espacios bien distribuidos: dos dormitorios con placares que brindan almacenamiento ordenado, un baño con antebaño que aporta mayor funcionalidad, y un living comedor perfecto para recibir visitas o disfrutar de ratos de relax.

La cocina comedor integrada y el lavadero cubierto facilitan las tareas diarias, y el equipamiento (cocina, calefón y estufa) permite instalarse sin demoras. Se entrega recién pintado y en excelentes condiciones, listo para habitar. Ideal para parejas, pequeñas familias o profesionales que busquen confort y ubicación estratégica. Se admite una mascota pequeña bajo supervisión, y el contrato es por 2 años con actualizaciones cuatrimestrales por IPC, ofreciendo seguridad y previsibilidad. Un hogar práctico y acogedor en una ubicación privilegiada.",10313-13
inmoclick:103145-4,inmoclick,103145,4,https://inmoclick.com/103145-marcelo-cardone/inmuebles/4/ficha/departamento-en-alquiler-en-palacios-cesar-1299-las-heras,2026-09-09,,650000.0,ARS,7222.222222222223,90.0,120.0,,3.0,2.0,Departamento,Alquiler,Bueno,,Las Heras,Mendoza,"Palacios Cesar 1299, las heras",-32.852336614470865,-68.8496570767212,Garage/Cochera,,,,False,,,,marcelo cardone,Dueno Directo,True,False,,"Alquilo maravilloso departamento. Ubicado en calle Cesar Palacios 1299, Las Heras, inmediaciones ChangoMás.

Sin expensas.
Desarrollado de la siguiente manera en planta baja: cochera, cocina-comedor, living-comedor, baño y patio. En planta alta: 3 dormitorios (1 pequeño) y baño.
Se aceptan mascotas.
Plazo de contrato: 2 años.
Actualización de canon cuatrimestral según ICL.

Requisitos:
-Mes de alquiler
-Mes de depósito (se puede abonar en 2 pagos)
-$300.000 para gastos administrativos (confección de contrato y averiguación de garantías, también se puede abonar en 2 pagos)
-Solicitante con bono de sueldo
-Un garante propietario y uno con bono de sueldo o 2 garantes con bono de sueldo.",103145-4
inmoclick:10325-330,inmoclick,10325,330,https://inmoclick.com/10325-inmobiliaria-perez-elustondo/inmuebles/330/ficha/departamento-en-alquiler-en-olascoaga1048-ciudad,2026-09-09,,1200.0,USD,3.0,400.0,400.0,8.0,4.0,5.0,Departamento,Alquiler,---,30.0,Capital,Mendoza,Olascoaga1048 ciudad,-32.8885223,-68.8542118,,,,,,500000.0,,,inmobiliaria perez elustondo,Inmobiliaria,False,False,,"En el corazón de la 5.ª Sección Residencial Sur de Mendoza, se encuentra este exclusivo departamento en alquiler, ideal para quienes buscan comodidad y funcionalidad. Con una superficie total de 400 m2, de los cuales 400 m2 son cubiertos, el inmueble destaca por su amplia disposición frente, ofreciendo un entorno luminoso y acogedor. Este espacioso departamento cuenta con 8 ambientes, incluyendo 4 dormitorios y 4 baños, diseñados para brindar el máximo confort. La distribución incluye un hall de entrada, living comedor, cocina, lavadero, escritorio, y un encantador balcón que invita a disfrutar del aire libre. 

Además, el departamento está equipado con todas las comodidades necesarias para una vida moderna: agua corriente, gas natural, luz, termotanque, aire acondicionado y desagüe cloacal. La propiedad también cuenta con un sistema de seguridad que incluye encargado y ascensor, garantizando tranquilidad y accesibilidad. Con 2 cocheras cubiertas, este inmueble es ideal para familias o profesionales que requieran espacio adicional. La ubicación es estratégica, en una zona escolar y con fácil acceso a servicios, lo que lo convierte en una opción atractiva tanto para vivir como para establecer un espacio profesional, ya que es apto para este fin. 

Por último, las expensas son de AR$500.000, lo que asegura el mantenimiento de las áreas comunes y el correcto funcionamiento de los servicios. Con una antigüedad de 30 años, esta propiedad ha sido cuidadosamente mantenida, haciendo de este departamento una oportunidad única en el mercado actual.

Requisitos

Dos Garantes con Recibo de Sueldo o Propiedad.

No figurar en el Veraz

Mes de depósito

Mes de alquiler

Mes de Honorarios Inmobiliaria

Gastos de Contrato (24 meses incremento cuatri en base al IPC) y firmas.

Para combinar una visita contactarse con Imobiliaria Perez Elustondo (Mat. 1435)",10325-330
inmoclick:10325-359,inmoclick,10325,359,https://inmoclick.com/10325-inmobiliaria-perez-elustondo/inmuebles/359/ficha/departamento-en-alquiler-en-buenos-aires-136,2026-09-09,,500000.0,ARS,9090.90909090909,55.0,55.0,2.0,1.0,1.0,Departamento,Alquiler,---,,Capital,Mendoza,Buenos Aires 136,-32.88739,-68.8362961,,,,,,100000.0,,,inmobiliaria perez elustondo,Inmobiliaria,False,False,,"Ubicado en la tranquila calle Buenos Aires, en la 1.ª Sección del Parque Central de Mendoza, este departamento en alquiler es una opción ideal para quienes buscan comodidad y funcionalidad. Con una superficie total de 55 m², el inmueble cuenta con un ambiente acogedor que incluye un dormitorio, un baño y una cocina equipada, perfecta para disfrutar de un estilo de vida urbano. Su disposición contrafrente garantiza un ambiente más tranquilo y privado, ideal para el descanso después de un largo día.

El departamento es apto para uso profesional, lo que lo convierte en una excelente inversión para quienes desean establecer su oficina en una zona estratégica de la ciudad. Entre sus características destacan el aire acondicionado, placards, y servicios como agua corriente, gas natural y desagüe cloacal. Las expensas se sitúan en AR$100.000, lo que permite una gestión adecuada de los gastos mensuales. 

Con una ubicación privilegiada y una oferta de servicios que facilita la vida diaria, este departamento es una oportunidad que no se puede dejar pasar, ya sea para vivir o para establecer un negocio.

Requisitos

Dos Garantes con Recibo de Sueldo o Propiedad.

No figurar en el Veraz

Mes de depósito

Mes de alquiler

Mes de Honorarios Inmobiliaria

Gastos de Contrato (24 meses incremento cuatri en base al ICL) y firmas.

Para combinar una visita contactarse con Imobiliaria Perez Elustondo (Mat. 1435)",10325-359
inmoclick:10325-362,inmoclick,10325,362,https://inmoclick.com/10325-inmobiliaria-perez-elustondo/inmuebles/362/ficha/departamento-en-alquiler-en-san-lorenzo-507,2026-09-09,,750000.0,ARS,15000.0,50.0,50.0,3.0,1.0,1.0,Departamento,Alquiler,Excelente,,Capital,Mendoza,San Lorenzo 507,-32.8929058,-68.8454412,Sin Cochera,,False,False,False,,False,No,inmobiliaria perez elustondo,Inmobiliaria,False,False,,"Ubicado en la calle San Lorenzo, en la 2.ª Sección del Barrio Cívico de Mendoza, este departamento en alquiler ofrece una excelente oportunidad tanto para vivir como para establecer oficinas. Con una superficie total de 50 m² aprox, de los cuales 50 m² son cubiertos, el espacio está diseñado para maximizar la comodidad y funcionalidad. Su distribución incluye 3 ambientes que comprenden un dormitorio y un baño, ideal para quienes buscan un hogar acogedor o un espacio apto para actividades profesionales.

La propiedad cuenta con servicios esenciales como agua corriente, gas natural, y desagüe cloacal, asegurando una calidad de vida superior. Además, está equipada con un termotanque y aire acondicionado, proporcionando confort durante todo el año. La accesibilidad es una característica destacada, con alumbrado público y pavimento que facilitan el acceso a la propiedad, situada en una zona escolar y un barrio abierto, lo que la convierte en un lugar ideal para familias y profesionales. Se entrega amoblada.

Con un precio de AR$750.000, este departamento es especialmente atractivo por su uso comercial y aptitud profesional, ofreciendo versatilidad para distintos tipos de inquilinos. Aunque no cuenta con cochera, su ubicación privilegiada y las características del entorno compensan esta ausencia, haciendo de esta propiedad una opción destacada en el mercado de alquileres de Mendoza.
Para combinar una visita contactarse con Inmobiliaria Perez Elustondo (Mat. 1435)",10325-362
inmoclick:103323-6,inmoclick,103323,6,https://inmoclick.com/103323-rt-bienes-raices/inmuebles/6/ficha/departamento-en-alquiler-en-coronel-plaza-y-chile,2026-09-09,,700000.0,ARS,6481.481481481482,108.0,124.0,4.0,2.0,2.0,Departamento,Alquiler,Excelente,10.0,Capital,Mendoza,Coronel Plaza y Chile,-32.87971,-68.8421,Garage,1.0,False,False,,20000.0,False,,rt bienes raices,Inmobiliaria,False,False,,"RT Bienes Raíces alquila: luminoso y funcional departamento en la 1.ª Sección Parque Central, en la esquina de Coronel Plaza y Chile. Ubicado en una zona tranquila y de fácil acceso, este hogar ofrece comodidad y espacios pensados para la vida cotidiana y el teletrabajo.

Características principales:
- 🛏️ 2 dormitorios
- 💻 Escritorio (área de trabajo/estudio)
- 🛁 Baño completo
- 🚽 Toilette de cortesía
- 🍽️ Cocina independiente
- 🛋️ Amplio living comedor muy luminoso
- ☀️ Terraza de uso común

Descripción:
El departamento destaca por su distribución práctica: la cocina independiente permite cocinar con comodidad sin perder la conexión con el resto de la casa, mientras que el amplio living comedor, bañado por luz natural, es el lugar ideal para recibir visitas o disfrutar en familia. El escritorio incorporado transforma una de las áreas en un espacio tranquilo y productivo para quienes trabajan o estudian desde casa. Contar con baño completo más toilette aporta mayor confort y funcionalidad en el día a día.

Si buscás un departamento cómodo, versátil y bien ubicado en Mendoza Capital, esta propiedad es una excelente opción. Contactanos para más información y coordinar una visita.",103323-6
inmoclick:107658-2,inmoclick,107658,2,https://inmoclick.com/107658-federico-urquiza/inmuebles/2/ficha/departamento-en-alquiler-en-las-heras-143-147,2026-09-09,,445000.0,ARS,9888.888888888889,45.0,45.0,2.0,1.0,1.0,Departamento,Alquiler,Excelente,,Godoy Cruz,Mendoza,las heras 143/147,-32.92601152012698,-68.8469533568695,Sin Cochera,1.0,False,False,,31000.0,False,,federico urquiza,Dueno Directo,True,False,,"Departamento en primer piso por escalera. Compuesto por living comedor y cocina integrada, una habitación con placard, Antebaño y baño completo. A 1 cuadra de plaza Godoy cruz

CONTACTAR POR WHASTAPP 

DETALLE: Se entrega con artefacto de cocina, amoblamiento de alacenas y bajo mesada, luminarias, termotanque, artefacto de cocina.

REQUISITOS:
 - 2 garantes con bono de sueldo
 - 1 con propiedad
 - mes corriente
 - mes de deposito
 - gastos escribania

* Expensas: $ 45.000 aproximadamente
* Contratar seguro contra robo e incendio.
* NO se aceptan mascotas.
* Contrato por uno/dos años.
* Aumento trimestral por ICL.

CONTACTAR POR WHASTAPP",107658-2
inmoclick:113928-1,inmoclick,113928,1,https://inmoclick.com/113928-maria-jimena-gasco/inmuebles/1/ficha/duplex-en-alquiler-en-elpidio-gonzalez-37732,2026-09-09,,800000.0,ARS,12903.225806451614,62.0,67.0,,2.0,2.0,Duplex,Alquiler,Excelente,13.0,Guaymallen,Mendoza,ELPIDIO GONZALEZ 37732,-32.918898367075734,-68.80089417056797,Garage Doble,2.0,,False,,15000.0,,,maria jimena gasco,Dueno Directo,True,False,,"Alquilo duplex en barrio cerrado en las inmediaciones del Club de Campo Mendoza. Tranquilo y seguro y muy luminoso. Cuenta con dos habitaciones, baño y toilette, cochera doble, living comedor y cocina incorporada. Horno, termotanque, dos estufas y dos aires acondicionados. Ideal para parejas. Se admiten mascotas pequeñas. Sin amueblar",113928-1
inmoclick:116242-9,inmoclick,116242,9,https://inmoclick.com/116242-federico/inmuebles/9/ficha/departamento-en-alquiler-en-dr-myara,2026-09-09,,530000.0,ARS,10600.0,50.0,45.0,2.0,1.0,1.0,Departamento,Alquiler,Muy Bueno,,Capital,Mendoza,Dr. Myara,,,Garage/Cochera,,,False,,50000.0,False,,federico,Dueno Directo,True,False,,"Alquilo departamento 2 ambientes en complejo Champagnat, detras del centro comercial Lomas. Con cochera. Frente a Dalvian. Aire acondicionado frio calor, calefactor.",116242-9
inmoclick:116844-47,inmoclick,116844,47,https://inmoclick.com/116844-martinez-petra-y-asoc/inmuebles/47/ficha/departamento-en-alquiler-en-lopez-de-gomara-481,2026-09-09,,500000.0,ARS,10000.0,50.0,50.0,,1.0,1.0,Departamento,Alquiler,Excelente,7.0,Guaymallen,Mendoza,Lopez de Gomara  481,,,Sin Cochera,,,,,,,,martinez petra y asoc,Inmobiliaria,False,False,,"- 🛏️ Monoambiente con separación para la habitación 
- 🍽️ Cocina integrada al living-comedor que posee calefón eléctrico. 
- 🚿 Baño completo 
- ✨ Departamento nuevo calefaccionado
- 👥 Ideal para pareja o una persona 
- 📍 A una cuadra de calle Libertad y carril Godoy Cruz 
- 🔒 Seguridad

Este monoambiente nuevo combina diseño práctico y confort para una vida urbana sin complicaciones. La distribución con separación inteligente entre la cama y el área social garantiza privacidad sin perder sensación de amplitud, permitiendo crear un rincón de descanso acogedor y un living funcional para relajarse o recibir visitas. La cocina integrada al living-comedor facilita la interacción diaria y optimiza el espacio: cocinar mientras conversas con amigos o disfrutas de tu serie favorita es sencillo y natural.

El baño completo aporta la comodidad esencial para el día a día, y el estado nuevo del departamento minimiza preocupaciones de mantenimiento, ofreciendo una mudanza rápida y tranquila. Ubicado a solo una cuadra de calle Libertad y del carril Godoy Cruz, combina la calma de la vivienda con acceso ágil a comercios, transporte y servicios. La presencia de seguridad suma tranquilidad y confort.

Perfecto para quien busca un hogar listo para habitar, con posibilidades claras de personalización en su ambientación. Funcionalidad, confort y ubicación: una alternativa ideal para vivir en pareja o de forma independiente con estilo y practicidad.",116844-47
inmoclick:116965-9,inmoclick,116965,9,https://inmoclick.com/116965-cerroni-lorena/inmuebles/9/ficha/departamento-en-alquiler-en-alberdi-881,2026-09-09,,520000.0,ARS,10400.0,50.0,60.0,,1.0,1.0,Departamento,Alquiler,Muy Bueno,,Godoy Cruz,Mendoza,Alberdi 881,,,Indistinto,,False,False,,30000.0,False,,cerroni lorena,Dueno Directo,True,False,,Alquilo departamento un dormitorio ante baño un baño cocina comedor patio y cochera,116965-9
inmoclick:11817-241,inmoclick,11817,241,https://inmoclick.com/11817-sandra-duclos-operaciones-inmobiliarias/inmuebles/241/ficha/departamento-en-alquiler-en-martin-rodriguez-236,2026-09-09,,650000.0,ARS,8125.0,80.0,80.0,4.0,2.0,1.0,Departamento,Alquiler,Muy Bueno,15.0,Guaymallen,Mendoza,Martín Rodriguez 236,-32.90272279213352,-68.80901305767212,Garage/Cochera,1.0,False,False,,30000.0,False,,sandra duclos operaciones inmobiliarias,Inmobiliaria,False,False,,"Departamento en alquiler ideal por su ubicación y funcionalidad: a una cuadra de la Universidad J. A. Maza, en complejo privado sobre Martín Rodríguez 236, Guaymallén. Excelente opción para quienes buscan comodidad, seguridad y cercanía a servicios.

Características principales:
- 2 dormitorios con placard 
- Living comedor amplio 
- Cocina equipada con artefacto 
- 1 baño completo 
- Patio interno privado 
- Cochera para 2 autos (portón corredizo) 
- Complejo privado — 1º piso por escalera 
- Ubicación: Martín Rodríguez 236, a cuadras de la Universidad J. A. Maza 
- Alquiler: $650.000 + expensas 
- Todos los servicios

Por qué te va a gustar: la distribución ofrece espacios independientes para vivir y estudiar o trabajar desde casa; el patio interno aporta un sector exterior privado y ventilación; la cochera doble con portón corredizo brinda comodidad y seguridad para dos vehículos. Estar en un complejo privado suma tranquilidad y sentido de comunidad, además de la ventaja de encontrarse muy cerca de la universidad y comercios locales.

Para más información y coordinar visita, comunicarse por WhatsApp.",11817-241
inmoclick:11817-249,inmoclick,11817,249,https://inmoclick.com/11817-sandra-duclos-operaciones-inmobiliarias/inmuebles/249/ficha/departamento-en-alquiler-en-marconi-726,2026-09-09,,620000.0,ARS,10333.333333333334,60.0,60.0,5.0,2.0,2.0,Departamento,Alquiler,Excelente,15.0,Godoy Cruz,Mendoza,Marconi 726,-32.917185009594384,-68.84430706441802,Sin Cochera,1.0,False,,,75000.0,False,,sandra duclos operaciones inmobiliarias,Inmobiliaria,False,False,,"Excelente departamento en alquiler dentro de complejo privado, ideal para quienes buscan confort y funcionalidad en una planta baja de fácil acceso. Espacios bien distribuidos que aprovechan sus 60 m² para ofrecer una vida cómoda: dos dormitorios con placard, un living comedor amplio y cocina comedor con artefacto de cocina incluido. Cuenta además con lavandería independiente y dos baños (uno completo y otro de servicio), lo que suma practicidad para el día a día. El complejo ofrece un patiecito común con churrasquera y un SUM para reuniones o eventos pequeños, aportando valor de disfrute comunitario.

Características principales:
- 2 dormitorios con placard
- Living comedor
- Cocina comedor con artefacto de cocina
- Lavandería independiente
- 2 baños (1 completo + 1 de servicio)
- Patiecito común con churrasquera
- SUM (salón de usos múltiples)
- Superficie: 60 m²
- Dirección: Marconi 726, Godoy Cruz
- Planta baja
- Todos los servicios
- Precio: $620.000 + $75.000

Vivir aquí significa disfrutar de la comodidad de un departamento funcional dentro de un entorno privado con espacios comunes pensados para compartir. Perfecto para parejas o familias pequeñas que valoran la practicidad y la cercanía a los servicios. Para más información e ir a verlo comunicarse al WhatsApp.",11817-249
inmoclick:120834-5,inmoclick,120834,5,https://inmoclick.com/120834-ruben/inmuebles/5/ficha/departamento-en-alquiler-en-madrid-2460,2026-09-09,,590000.0,ARS,12291.666666666666,48.0,58.0,2.0,1.0,1.0,Departamento,Alquiler,Excelente,5.0,Godoy Cruz,Mendoza,Madrid 2460,-32.948984158849,-68.86413756839636,Garage/Cochera,1.0,False,False,False,,False,,ruben,Dueno Directo,True,False,,"- 🛏️ Dormitorio amplio, luminoso y bien ventilado (con placard integrado) 
- 🍽️ Cocina comedor-estar amplio y funcional, con buena entrada de luz 
- 🚿 Baño y antebaño, distribución práctica para el uso cotidiano 
- ☀️ Muy luminoso con excelente ventilación natural en todos los ambientes 
- 🚗 Espacio al aire libre para estacionar vehículo mediano (sin techo) 
- 🛒 A 7 cuadras de Changomás y de ESTACIÓN BENEGAS DE METRO TRANVÍA
- 🌳 A 15 minutos caminando de Parque Benegas y Mall Palmares 
- 🚌 A 2 cuadras de la parada de colectivos 
- 🤝 Trato directo con propietario 
- 📞 Requisitos y visitas: consultar al teléfono 

Descripción:
Vivir en este departamento en planta alta es elegir comodidad y luz en un entorno residencial y tranquilo. Distribuido en segundo nivele, ofrece un dormitorio de generosas dimensiones con placard integrado que facilita la organización, y un amplio sector de cocina-comedor-estar ideal para el día a día y para recibir amigos. La presencia de antebaño aporta practicidad y mayor privacidad al baño principal.

La orientación del inmueble y sus aberturas permiten ambientes cálidos y muy ventilados durante todo el día, creando una sensación acogedora y confortable. Además cuenta con balcón para tender orientado al norte(bien soleado)El espacio exterior destinado al estacionamiento para un vehículo mediano, aunque descubierto, suma conveniencia en un barrio residencial.

Su ubicación combina calma y conectividad: a pocas cuadras del supermercado Changomás, con acceso fácil al transporte público y a una caminata amable hasta Parque Benegas y el Mall Palmares, ofreciendo opciones de recreación y compras sin depender del auto.

Contacto directo con el propietario para consultas sobre requisitos y coordinación de visitas: . Ideal para quien busca un hogar práctico, luminoso y bien ubicado.",120834-5
inmoclick:123509-16,inmoclick,123509,16,https://inmoclick.com/123509-bruno-sanchez/inmuebles/16/ficha/departamento-en-alquiler-en-dr-notti-1680,2026-09-09,,690000.0,ARS,10615.384615384615,65.0,78.0,,2.0,1.0,Departamento,Alquiler,Excelente,,Capital,Mendoza,Dr. Notti 1680,-32.864188781606146,-68.87551202916212,Garage,,,,,35000.0,,,bruno sanchez,Dueno Directo,True,False,,"Dueño alquila departamento 2 dormitorios en planta baja.
El inmueble cuenta con cochera privada, portón automático infividual, cerco eléctrico, cocina amplia, living-comedor, baño completo, dormitorio principal, dormitorio-estudio y balcon.
Estado de conservación excelente. Se aceptan 1 mascota pequeña o mediana.",123509-16
inmoclick:12373-301,inmoclick,12373,301,https://inmoclick.com/12373-scaffidi-propiedades/inmuebles/301/ficha/departamento-en-alquiler-en-beltran-243,2026-09-09,,350000.0,ARS,8750.0,40.0,49.0,3.0,1.0,1.0,Departamento,Alquiler,Muy Bueno,,Capital,Mendoza,BELTRAN 243,-32.87505096302248,-68.83456419,Sin Cochera,,,,False,,False,,scaffidi propiedades,Inmobiliaria,False,False,,"SCAFFIDI PROPIEDADES ALQUILA

DEPARTAMENTO EN PLANTA BAJA DE UN DORMITORIO AMPLIO.

CUENTA CON COCINA INTEGRADA A LIVING COMEDOR, BAÑO, LAVANDERÍA Y PATIECITO CON LEONERA.

NO SE ABONAN EXPENSAS.

PARA MÁS INFORMACIÓN Y CONSULTAS:
INSTAGRAM: @SCAFFIDI.PROPIEDADES",12373-301
inmoclick:12373-308,inmoclick,12373,308,https://inmoclick.com/12373-scaffidi-propiedades/inmuebles/308/ficha/departamento-en-alquiler-en-san-lorenzo-91,2026-09-09,,500000.0,ARS,7692.307692307692,65.0,65.0,3.0,1.0,1.0,Departamento,Alquiler,Muy Bueno,,Capital,Mendoza,San Lorenzo 91,-32.8935042,-68.8413592,Sin Cochera,,,,,40000.0,False,,scaffidi propiedades,Inmobiliaria,False,False,,"SCAFFIDI PROPIEDADES
ALQUILA.

DEPARTAMENTO CON UN DORMITORIO AMPLIO CON BALCÓN, LIVING COMEDOR, COCINA Y BAÑO COMPLETO. 
ENTRADA POR CALLE SAN LORENZO ESQUINA CALLE 9 DE JULIO DE CIUDAD, MENDOZA.
SEGUNDA PLANTA CON ASCENSOR CON UNA SUPERFICIE DE 65 M2 APROX.

FÁCIL ACCESO POR ESCALERA O ASCENSOR.
MUY LUMINOSO.

TRANQUILO Y SEGURO.",12373-308
inmoclick:12373-315,inmoclick,12373,315,https://inmoclick.com/12373-scaffidi-propiedades/inmuebles/315/ficha/departamento-en-alquiler-en-gutierrez-650,2026-09-09,,500000.0,ARS,8333.333333333334,60.0,60.0,4.0,1.0,1.0,Departamento,Alquiler,Muy Bueno,,Capital,Mendoza,GUTIERREZ 650,-32.8870842,-68.8470896,Sin Cochera,,,,,75000.0,False,,scaffidi propiedades,Inmobiliaria,False,False,,"SCAFFIDI PROPIEDADES.
ALQUILA.

DEPARTAMENTO EN UN ESTADO EXCELENTE FRENTE A PLAZA CHILE, CALLE GUTIERREZ, EN UNA SEGUNDA PLANTA DE UN DORMITORIO CON PLACARD Y MESAS DE LUZ FLOTANTES, LIVING COMEDOR, COCINA CON LAVANDERÍA, BAÑO COMPLETO CON BAÑERA. POSEE DOBLE ENTRADA AL DEPARTAMENTO.

MUY LUMINOSO. EXCELENTE UBICACIÓN.

NO POSEE COCHERA. 
INCLUYE ARTEFACTO DE COCINA.
EL EDIFICIO TIENE DOS ASCENSORES.
ABONA EXPENSAS: $75.000 APROX
MASCOTAS CONSULTAR!

PARA MÁS INFORMACIÓN Y CONSULTAS:
INSTAGRAM: @SCAFFIDI.PROPIEDADES",12373-315
inmoclick:12373-321,inmoclick,12373,321,https://inmoclick.com/12373-scaffidi-propiedades/inmuebles/321/ficha/duplex-en-alquiler-en-felix-suarez-685-m5519dke-mendoza-argentina,2026-09-09,,950000.0,ARS,8407.079646017699,113.0,120.0,6.0,3.0,2.0,Duplex,Alquiler,Excelente,,Guaymallen,Mendoza,"Félix Suárez 685, M5519DKE Mendoza, Argentina",-32.87505096302248,-68.83456419,Garage/Cochera,2.0,,,,18000.0,False,,scaffidi propiedades,Inmobiliaria,False,False,,"SCAFFIDI PROPIEDADES
ALQUILA.

IMPECABLE Y HERMOSO DÚPLEX EN CALLE FELIX SUAREZ EN COMPLEJO PRIVADO EN VILLANUEVA, MUY CERCA DE MENDOZA PLAZA SHOPING.

TRES DORMITORIOS CON AMPLIOS PLACARES EMPOTRADOS, UNO DE ELLOS CON BIBLIOTECA, EL DORMITORIO PRINCIPAL CUENTA CON BALCÓN GRANDE, LIVING COMEDOR, COCINA COMEDOR, DOS BAÑOS, UNO COMPLETO Y OTRO DE SERVICIO, COCHERA TECHADA, BAULERA, LAVANDERÍA Y AMPLIO PATIO CON CHURRASQUERA Y DEPÓSITO INTERNO.

EXTRAS: AIRE ACONDICIONADO, TOLDOS Y CERCO ELÉCTRICO.

LA PROPIEDAD SE ENCUENTRA EN UN ESTADO EXCELENTE Y ES MUY LUMINOSA.
EL COMPLEJO CUENTA CON PORTON AUTOMÁTICO.",12373-321
inmoclick:1250-264,inmoclick,1250,264,https://inmoclick.com/1250-daniel-lucca-y-asociados/inmuebles/264/ficha/departamento-en-alquiler-en-paso-de-los-patos-281,2026-09-09,,420000.0,ARS,10500.0,40.0,60.0,,1.0,1.0,Departamento,Alquiler,Muy Bueno,,Guaymallen,Mendoza,Paso de los Patos 281,-32.900239122651634,-68.81997144223583,Garage,1.0,,,,25000.0,False,,daniel lucca y asociados,Inmobiliaria,False,False,,"Departamento en alquiler – Dorrego

Si buscás un departamento cómodo, bien ubicado y con cochera, esta puede ser una muy buena opción.

Ubicado en Dorrego, en una zona de excelente entorno y con rápida conexión al centro de Mendoza.

El departamento se encuentra en planta baja y cuenta con:

1 dormitorio con placard.
Estar-comedor con cocina integrada.
Baño completo.
Aire acondicionado.
Cochera cerrada y cubierta.

Además, tiene expensas bajas, lo que ayuda a reducir el costo mensual de mantenimiento.

📞 Consultanos para coordinar una visita o solicitar más información.
Daniel Lucca & Asociados – Servicios Inmobiliarios",1250-264
inmoclick:1250-266,inmoclick,1250,266,https://inmoclick.com/1250-daniel-lucca-y-asociados/inmuebles/266/ficha/departamento-en-alquiler-en-sarmiento-49-capital,2026-09-09,,370000.0,ARS,14800.0,25.0,30.0,,,1.0,Departamento,Alquiler,Muy Bueno,30.0,Capital,Mendoza,Sarmiento 49 Capital,-32.8903153,-68.8413179,Sin Cochera,,,False,,52000.0,False,,daniel lucca y asociados,Inmobiliaria,False,False,,"MONOAMBIENTE EN ALQUILER – MICROCENTRO DE MENDOZA

Excelente ubicación en pleno centro de Mendoza, sobre la zona de Peatonal y San Martín, con todo al alcance: comercios, bancos, transporte público y la dinámica propia del microcentro.

El departamento cuenta con aproximadamente 27 m² y dispone de:

Ambiente único
Kitchenette
Baño completo
Pequeño patio de uso exclusivo

Una opción práctica y funcional, ideal para quien busca vivir en una ubicación estratégica y moverse caminando a todos lados.

Expensas: $52.000",1250-266
inmoclick:1250-267,inmoclick,1250,267,https://inmoclick.com/1250-daniel-lucca-y-asociados/inmuebles/267/ficha/departamento-en-alquiler-en-talcahuano-150,2026-09-09,,720000.0,ARS,13090.90909090909,55.0,60.0,3.0,2.0,1.0,Departamento,Alquiler,Excelente,1.0,Guaymallen,Mendoza,Talcahuano 150,-32.9097825,-68.79111859999999,Garage/Cochera,,,False,,80000.0,False,,daniel lucca y asociados,Inmobiliaria,False,False,,"ALQUILER | AMPLIO DEPARTAMENTO DE 2 DORMITORIOS EN VILLA NUEVA

Amplio y luminoso departamento ubicado en Villa Nueva, dentro de un complejo residencial, con una distribución cómoda y espacios pensados para disfrutar tanto del interior como del exterior.

La propiedad cuenta con un amplio living-comedor, dos dormitorios y un baño completo. Uno de sus principales diferenciales es su terraza privada con parrilla, un espacio ideal.

Además, dispone de cochera techada dentro del complejo, aportando comodidad y seguridad.

El departamento se destaca especialmente por su luminosidad y sus hermosas vistas, características que se disfrutan desde distintos ambientes y hacen que la propiedad tenga una muy buena calidad espacial.

Una propuesta para quienes buscan un departamento amplio, luminoso y con espacios exteriores propios, en una ubicación consolidada de Villa Nueva.

Consultanos para conocer condiciones y coordinar una visita.",1250-267
inmoclick:126572-2,inmoclick,126572,2,https://inmoclick.com/126572-andres-rios/inmuebles/2/ficha/departamento-en-alquiler-en-calle-san-martin-1363,2026-09-09,,350000.0,ARS,5833.333333333333,60.0,60.0,3.0,1.0,1.0,Departamento,Alquiler,Bueno,,Las Heras,Mendoza,Calle San Martin  1363,-32.8520915,-68.83415115952454,Sin Cochera,,False,False,False,,False,No,andres rios,Dueno Directo,True,False,,"Se alquila departamento en Las Heras, sobre calle San Martín. Propiedad de dueño directo, ideal para una o dos personas que busquen comodidad.

Características principales:
- 🏠 Entrada independiente 
- 🛗 1er piso 
- 🍽️ Cocina-comedor funcional 
- 🛁 Baño completo 
- 🛏️ 1 dormitorio 
- ☀️ Terraza compartida

Descripción:
Departamento acogedor y práctico con acceso independiente que garantiza mayor privacidad y autonomía. Por ser ideal para una o dos personas, resulta una opción perfecta tanto para parejas como para personas solas que buscan un espacio manejable y bien ubicado en Las Heras centro. 

Condiciones y requisitos (excluyentes):
- 💵 Mes de alquiler
- 💰 Mes de depósito 
- 📝 Gastos de confección de contrato y certificado de firmas 
- 🔒 Se solicitan garantías

Para más información o coordinación de visitas comunicarse únicamente por celular (Whatsapp o llamadas). Propietario directo.",126572-2
inmoclick:132093-2,inmoclick,132093,2,https://inmoclick.com/132093-marcelo-moris/inmuebles/2/ficha/departamento-en-alquiler-en-infanta-mercedes-de-san-martin-34,2026-09-09,,650000.0,ARS,10317.460317460318,63.0,69.0,3.0,2.0,2.0,Departamento,Alquiler,Excelente,,Capital,Mendoza,Infanta Mercedes de San Martín 34,-32.8955348,-68.8412559,Sin Cochera,,False,False,,120000.0,False,,marcelo moris,Dueno Directo,True,False,,"Departamento 2 Dormitorios. En una de las mejores ubicaciones de Ciudad.

Características Principales: 
Superficie: 63 m² totales de pura funcionalidad.

☀️ Excelente luminosidad.
🛏️ 2 dormitorios con amplios placares empotrados.
🚿 2 baños.
🛋️ Living-comedor de generosas dimensiones.
🍽️ Cocina comedor independiente.
🪵 Pisos de parquet en impecable estado.
📦 Baulera propia. (6.80 m²)

La propiedad ha sido íntegramente renovada, contando con mobiliario de cocina y placares en dormitorios a estrenar. El departamento destaca por sus dimensiones generosas y su excelente distribución.

Requisitos de Ingreso
🟢 Disponible de inmediato
💰 Alquiler: $650.000/mes – ajuste trimestral por IPC
📄 Contrato: 24 meses – Depósito: 2 meses
🛡️ Garantes: 2 con recibo de haberes
👤 Trato directo con el propietario ;)
Restricciones: No apto profesional.",132093-2
inmoclick:132842-1,inmoclick,132842,1,https://inmoclick.com/132842-roxana-barretto/inmuebles/1/ficha/departamento-en-alquiler-en-33-orientales-369,2026-09-09,,550000.0,ARS,11702.127659574468,47.0,64.0,,2.0,1.0,Departamento,Alquiler,Muy Bueno,,Godoy Cruz,Mendoza,33 orientales 369,,,Indistinto,,,False,,27000.0,False,,roxana barretto,Dueno Directo,True,False,,"- 🛏️ 2 dormitorios con placares empotrados 
- 🛁 1 baño completo 
- 🍽️ Cocina-comedor equipada (cocina instalada) 
- 🧺 Lavarropas incluido 
- ❄️ Aire acondicionado 
- 🚫 Sin cochera

Acogedor departamento de dos habitaciones pensado para quienes buscan comodidad y practicidad desde el primer día. Los dos dormitorios disponen de placares, ofreciendo espacio de almacenamiento eficiente que mantiene los ambientes ordenados y funcionales. La cocina-comedor, equipada con cocina instalada, permite disfrutar de comidas en casa y momentos compartidos sin necesidad de reformas ni compras adicionales.

El baño completo es de uso cómodo y el lavarropas incluido facilita las tareas diarias, aportando un claro ahorro de tiempo y esfuerzo. El aire acondicionado garantiza confort en los meses de calor, haciendo el hogar agradable en todas las estaciones.

La ausencia de cochera se compensa con la sencillez de mantenimiento y un enfoque en lo esencial: una vivienda lista para habitar. Ideal para parejas, profesionales o pequeñas familias que buscan un espacio práctico, bien equipado y sin complicaciones. Si valoras funcionalidad y confort en una vivienda que viene con lo necesario, esta propuesta merece una visita.",132842-1
inmoclick:13434-8,inmoclick,13434,8,https://inmoclick.com/13434-alejandro/inmuebles/8/ficha/departamento-en-alquiler-en-espana-170,2026-09-09,,500000.0,ARS,10416.666666666666,48.0,56.0,,1.0,1.0,Departamento,Alquiler,Muy Bueno,,Lujan de Cuyo,Mendoza,España 170,-33.03700900485889,-68.8817432392868,Sin Cochera,,,,,,False,,alejandro,Dueno Directo,True,False,,"Excelente estado
1 Habitación
Patio interior
Balcon
Apto oficina, estudio, consultorio",13434-8
inmoclick:135557-15,inmoclick,135557,15,https://inmoclick.com/135557-ana-maria-solas/inmuebles/15/ficha/departamento-en-alquiler-en-coronel-rodriguez-252,2026-09-09,,450000.0,ARS,12857.142857142857,35.0,60.0,3.0,1.0,1.0,Departamento,Alquiler,Muy Bueno,20.0,Capital,Mendoza,Coronel Rodriguez 252,-32.8974301,-68.8539188,Sin Cochera,,False,,,30000.0,False,,ana maria solas,Dueno Directo,True,False,,"Departamento frente a la UTN, ideal para quien busca comodidad y ubicación estratégica. Esta unidad de un dormitorio cuenta con un ambiente de comedor integrado y cocina, amoblado y listo para mudarse: una opción práctica y funcional especialmente pensada para estudiantes o profesionales que necesitan cercanía al campus y a la vida urbana.

Características principales:
- 🛏️ 1 dormitorio
- 🛋️ Comedor/living integrado
- 🍳 Kitchen (cocina)
- 🪑 Amoblado, listo para habitar
- 📍 Frente a la UTN, a metros de Arístides Villanueva (Quinta Sección)
- 🎯 Ideal para estudiante o profesional por su ubicación

Vivir frente a la UTN ofrece la comodidad de llegar a clase en minutos y optimizar tiempos de estudio y traslado. Estar a pocos metros de Arístides Villanueva significa estar cerca de comercios y servicios principales de la zona, sin renunciar a la tranquilidad de la Quinta Sección. El departamento, por su distribución práctica y mobiliario incluido, permite instalarse inmediatamente y enfocarse en lo importante: estudiar, trabajar y disfrutar de la ciudad. Una alternativa eficiente y bien ubicada para quienes valorizan tiempo y comodidad.",135557-15
inmoclick:13573-5,inmoclick,13573,5,https://inmoclick.com/13573-orlando-toti/inmuebles/5/ficha/departamento-en-alquiler-en-alem-25,2026-09-09,,630000.0,ARS,16578.947368421053,38.0,38.0,,1.0,1.0,Departamento,Alquiler,Excelente,,Capital,Mendoza,Alem 25,-32.89305023364563,-68.83947826627045,Sin Cochera,,,,,53000.0,False,,orlando toti,Dueno Directo,True,False,,"DUEÑO ALQUILA DEPARTAMENTO FRONTAL CÉNTRICO, MUY BIEN UBICADO EN ALEM Y SAN MARTÍN CON VISTA A CALLE SAN MARTÍN, A DOS CUADRAS DE PEATONAL Y EN PLENA ZONA BANCARIA.
LINEAS DE MICRO EN LA ENTRADA DEL EDIFICIO.
SIN COMISIÓN, NI COBRO DE CERTIFICACIÓN DE FIRMAS.
DEPARTAMENTO CON UN DORMITORIO Y LIVING COMEDOR CON COCINA, BAÑO CON BAÑERA.
CALEFACTOR Y AIRE ACONDICIONADO FRIO CALOR.
CORTINAS BLACK OUT.
SIN COCHERA.
EL PLAZO DEL CONTRATO SE ACUERDA ENTRE AMBAS PARTES CON UN MINIMO DE 6 MESES.
ACTUALIZACION TRIMESTRAL.
SE ALQUILA SIN LOS MUEBLES DE LAS FOTOS.
REQUISITOS: 
FOTOCOPIA DE DNI Y BONO DE SUELDO TITULAR Y GARANTES.
DOS GARANTES,UNO CON BONO DE SUELDO Y OTRO CON PROPIEDAD (negociable).
MES DE DEPOSITO Y PAGO DE ALQUILER DEL 1 AL 5 DE CADA MES.
EXPENSAS, AGUA, LUZ, GAS Y MUNICIPALIDAD, ETC. A CARGO DEL INQUILINO, INMOBILIARIO A CARGO DEL DUEÑO.",13573-5
inmoclick:136016-6,inmoclick,136016,6,https://inmoclick.com/136016-r-v-negocios-inmobiliarios-estudio-juridico/inmuebles/6/ficha/departamento-en-alquiler-en-calle-cochabamba,2026-09-09,,850000.0,ARS,10625.0,80.0,80.0,4.0,2.0,1.0,Departamento,Alquiler,Muy Bueno,5.0,Guaymallen,Mendoza,Calle Cochabamba,-32.912578403412134,-68.7950996682312,Garage/Cochera,1.0,False,False,,,False,,r v negocios inmobiliarios estudio juridico,Inmobiliaria,False,False,,"Departamento en alquiler ubicado en calle Cochabamba a dos cuadras de calle Azcuenaga y 6 cuadras de calle Urquiza.
Barrio con rápida llegada a los principales accesos de la Ciudad (Sur y Este).
Su ingreso es por la cochera, cuenta con patio (mediano).
Tiene cocina comedor integrada, espacio para lavarropa.
Incluye cocina, calefactor y panel de caloventor, ventiladores (habitación).
Iluminación en todos sus espacios (interior y exterior).Barrales colocados.
Dos habitaciones con placares empotrados.
Baño completo.
Cuenta con rejas en puerta y aberturas.
Disponible para ingreso a vivir a partir del 1 de julio 2026.

Requisitos:
Contrato de locación por 2 años
Mes de alquiler
Mes de depósito (consultar formas de abonar)
Honorarios corredor inmobiliario
Certificación de firma (ante Escribano Publico)

Consúltanos y coordinamos una visita.
R&V Negocios Inmobiliarios.",136016-6
inmoclick:136928-20,inmoclick,136928,20,https://inmoclick.com/136928-amtpropiedades/inmuebles/20/ficha/departamento-en-alquiler-en-adolfo-calle-y-houssay,2026-09-09,,670000.0,ARS,9571.42857142857,70.0,70.0,5.0,3.0,1.0,Departamento,Alquiler,Excelente,,Guaymallen,Mendoza,ADOLFO CALLE Y HOUSSAY,-32.91157512042202,-68.80305168203125,Sin Cochera,,,,,50000.0,False,,amtpropiedades,Inmobiliaria,False,False,,"Excelente departamento en alquiler, ideal para quienes buscan comodidad, luminosidad y buena ubicación. Con orientación hacia el este, recibe la luz de la mañana que aporta calidez y energía a los ambientes, creando un hogar agradable para toda la familia. Su distribución funcional —con cocina comedor y living comedor separados— facilita la vida diaria y los momentos de encuentro. El edificio cuenta con ascensor, lo que suma practicidad al ingreso y la movilidad dentro del inmueble. Además, su cercanía al shopping y a instituciones educativas de todos los niveles convierte a esta propiedad en una opción práctica y estratégica para el día a día. Varias líneas e colectivos realizan su recorrido por la zona.

Características principales:
- 🛏️ 3 dormitorios 
- 🛁 1 baño 
- 🍽️ Cocina comedor 
- 🛋️ Living comedor 
- 🛗 Ascensor 
- ☀️ Muy luminoso (orientación este) 
- 🛍️ A cuadras del shopping 
- 🎓 Cercano a instituciones educativas de todos los niveles 
- 🌳 Espacios verdes a pocos metros

Un hogar pensado para disfrutar en familia: la luz natural realza cada ambiente. La ubicación ofrece acceso fácil a comercios, transporte y zonas recreativas, aportando confort y calidad de vida. Perfecto para quienes valoran funcionalidad, luz y una localización que facilita la rutina diaria. Solicite visita para conocerlo personalmente.",136928-20
inmoclick:136928-6,inmoclick,136928,6,https://inmoclick.com/136928-amtpropiedades/inmuebles/6/ficha/departamento-en-alquiler-en-cervantes-2113-godoy-cruz,2026-09-09,,900000.0,ARS,12857.142857142857,70.0,76.0,3.0,2.0,2.0,Departamento,Alquiler,Excelente,,Godoy Cruz,Mendoza,CERVANTES 2113 GODOY CRUZ,-32.95399222054773,-68.84770769277928,Garage/Cochera,1.0,False,,False,,False,,amtpropiedades,Inmobiliaria,False,False,,"Departamento a estrenar en Godoy Cruz, sobre calle principal, ubicado dentro de un barrio cerrado que ofrece seguridad y tranquilidad sin perder la cercanía con la ciudad. Muy luminoso y con finas terminaciones, este hogar combina confort moderno con practicidad: ambientes integrados, calefacción central por radiadores y todos los electrodomésticos esenciales listos para mudarse.

El living comedor y la cocina integrados permiten disfrutar de espacios amplios y bien iluminados, perfectos para recibir amigos o para el día a día en familia. El dormitorio principal en suite brinda privacidad y comodidad, mientras que el segundo dormitorio y el baño zonal cubren las necesidades de invitados o niños. La caldera dual alimenta la calefacción por radiadores y el calefón, asegurando confort térmico constante. Carpintería de aluminio con cortinas y detalles cuidados completan un ambiente actual y de bajo mantenimiento. Posee placares.

Características principales:
- 📍 Ubicación: Godoy Cruz, sobre calle principal 
- 🏡 Barrio cerrado con portón automatizado 
- 🚗 Cochera incluida 
- 🛏️ 2 dormitorios (1 en suite) 
- 🛁 2 baños (1 en suite + baño zonal) 
- 🛋️ Cocina – living – comedor integrados 
- 🧊 Cocina, heladera, lavarropas y extractor incluidos 
- ♨️ Caldera dual que alimenta calefacción por radiadores y el calefón 
- ✨ Finas terminaciones y 🪟 carpintería de aluminio con cortinas
- ☀️ Muy luminoso 
- 🛡️ Seguro por encontrarse en complejo cerrado 
- 🛍️ Cercano a centros comerciales importantes y 🚍 colectivos de varias líneas en la puerta

Un departamento listo para estrenarse que combina seguridad, ubicación estratégica y confort. Ideal para quien busca mudarse sin preocupaciones y disfrutar de un espacio moderno y funcional.",136928-6
inmoclick:13758-10,inmoclick,13758,10,https://inmoclick.com/13758-valeria-alentado/inmuebles/10/ficha/departamento-en-alquiler-en-patricias-mendocinas-462,2026-09-09,,540000.0,ARS,12000.0,45.0,55.0,,1.0,1.0,Departamento,Alquiler,Muy Bueno,,Godoy Cruz,Mendoza,Patricias Mendocinas 462,,,Garage,,,,,30000.0,False,,valeria alentado,Dueno Directo,True,False,,"Departamento en alquiler. Cuenta con un living comedor, cocina separada, 1 baño completo, 1 habitación y una cómoda terraza de uso común con baño y parrilla.
 Dispone de cochera techada, portón automatizado, cámaras de seguridad en los espacios comunes y un valor de expensas de $30,000.
Requisitos: 2 garantes con recibo de sueldo y 1 propietario. La actualización cuatrimestral es con IPC.
No dejes pasar esta oportunidad de alquilar este hermoso departamento en Godoy Cruz. ¡Consulta por mensaje de WhatsApp y agenda una visita!",13758-10
inmoclick:13758-9,inmoclick,13758,9,https://inmoclick.com/13758-valeria-alentado/inmuebles/9/ficha/departamento-en-alquiler-en-feliciani-2289,2026-09-09,,750000.0,ARS,11029.411764705885,68.0,75.0,3.0,2.0,2.0,Departamento,Alquiler,Muy Bueno,8.0,Godoy Cruz,Mendoza,Feliciani 2289,,,Garage/Cochera,,,,,78000.0,False,,valeria alentado,Dueno Directo,True,False,,"En la hermosa zona de Godoy Cruz, cerca de Palmares se encuentra este amplio departamento en alquiler. Con una superficie total de 71m2 y una superficie cubierta de 65m2, esta propiedad cuenta con 2 dormitorios, uno de ellos con vestidor y baño en suite, y 2 baños completos con bañera. El departamento se encuentra en el piso 2, al que se puede acceder cómodamente a través del ascensor.

El diseño moderno del departamento se destaca en cada uno de sus espacios, desde el luminoso living comedor hasta la cocina separada, totalmente equipada con todos los servicios electrónicos necesarios para una vida cómoda. Además, cuenta con una cochera para mayor comodidad.

La propiedad tiene una antigüedad de 6 años y se encuentra en buen estado de conservación. En cuanto a las expensas, el valor es de $78000. Condiciones de alquiler, se requiere de 2 garantes con recibo de sueldo o certificación, y un garante propietario o seguro de caución. La actualización del alquiler se realiza cuatrimestralmente por IPC

Para más información y coordinar una visita, contactar únicamente a través de WhatsApp. ¡No dejes pasar esta oportunidad de alquilar este hermoso departamento en Godoy Cruz!",13758-9
inmoclick:13850-6,inmoclick,13850,6,https://inmoclick.com/13850-ana/inmuebles/6/ficha/loft-en-alquiler-en-dr-ramon-carrillo-m22-c27,2026-09-09,,540000.0,ARS,10800.0,50.0,,,,1.0,Loft,Alquiler,Muy Bueno,15.0,Capital,Mendoza,Dr Ramón Carrillo M22 C27,,,Garage/Cochera,2.0,False,,,,False,No,ana,Dueno Directo,True,False,,"Ofrezco LOFT PB,50 MTS CUADRADOS, DUEÑO DIRECTO,con patio pequeño,amoblado, estacionamiento dentro del complejo con portón eléctrico, cuenta con calefactor, vajilla, mesa y 4 sillas, heladera con Freezer (en calidad de préstamo)
Próximo a la UNC, centro comercial LOMAS y acceso fácil a transporte público .A dos cuadras de la avenida Champagnat 
El canon mensual no incluye los servicios de luz, gas,agua ni municipalidad 
Expensas accesibles 
Requisitos: mes al ingresar, mes de depósito, dos garantes y gastos del contrato (accesibles)
El valor mensual se mantiene sin aumento por la duración del año del contrato 
NO SE ACEPTAN MASCOTAS",13850-6
inmoclick:139478-2,inmoclick,139478,2,https://inmoclick.com/139478-ana-belen/inmuebles/2/ficha/departamento-en-alquiler-en-12-de-febrero-y-jorge-a-calle,2026-09-09,,700000.0,ARS,7777.777777777777,90.0,100.0,3.0,2.0,1.0,Departamento,Alquiler,Excelente,15.0,Capital,Mendoza,12 de Febrero y Jorge A. Calle,-32.86782229258808,-68.84520161897123,Garage/Cochera,,False,,False,,False,,ana belen,Dueno Directo,True,False,,"APARTAMENTO CON COCHERA. AMOBLADO,($800.000) ó SIN MUEBLES ($ 700.000) 
Se ubica en un complejo cerrado con portón automático en Sexta Sección, a 400m. del Parque Central. Parada de colectivos a 50m y Metro tranvía a 100m. Cercano a bares, restaurantes, farmacias y supermercados.
A 300 metros del hipermercado COTO y cercano a escuelas, a todos los clubes, atracciones y puntos turísticos de la ciudad.
Habitación matrimonial con cama somier, y dormitorio con dos camas individuales, ambos con placares embutidos del piso al techo.
Amplio living comedor, con muebles de categoría, ventilador de techo y con cómodos sillones y TV.
Cocina equipada completa, y baño completo con bidet y con bañera.
Lavadero independiente
Losa radiante y aire acondicionado . 
Contrato por uno o dos años.
Ajuste trimestral por IPC.
Se requieren dos garantes con bono de sueldo a satisfacción del propietario, comprobación de ingresos del inquilino y un mes de depósito en garantía además del pago del mes adelantado.
Más fotos y video por Whatsapp.",139478-2
inmoclick:1406-3548,inmoclick,1406,3548,https://inmoclick.com/1406-carina-drozd-gestiones-inmobiliarias/inmuebles/3548/ficha/departamento-en-alquiler-en-torre-laureana,2026-09-09,,990000.0,ARS,13200.0,75.0,75.0,5.0,2.0,2.0,Departamento,Alquiler,Excelente,10.0,Capital,Mendoza,TORRE LAUREANA,-32.8879153,-68.846597,Garage,,,False,,140000.0,False,No,carina drozd gestiones inmobiliarias,Inmobiliaria,False,False,,"“CARINA DROZD gestiones inmobiliarias ALQUILA"": DEPARTAMENTO en edificio de CategorÍa “Torre Laureana”.! Ubicadísimo: Calle 25 de Mayo entre Espejo y Gutierrez. Piso 3. Ascensores. Excelentes VISTAS! Luminoso. El edificio cuenta con portero y seguridad 24hs. Consta de: COCINA con amoblamientos completos, horno y anafes- LIVING COMEDOR amplio y luminoso- 2 DORMITORIOS con amplios Placares y A/Acondicionado (El Principal en Suite)- 2 BAÑOS completos (el principál en Suite)- COCHERA cubierta con porton automatizado- Recién Pintado!. VALOR $ 990.000. Expensas: $140.000. No se permite mascota.
El edificio ofrece Laundry, SUM y Seguridad 24hs.
Se abona: mes de Alquiler o días proporcionales (Plazo 1 Año o 18 Meses- Ajustes Cuatrimestrales ICL), Depósito, y Honorarios Inmobiliaria- Requisitos: 2 Garantes (con propiedades y/o con bonos de Sueldo) y Solicitante debe acreditar ingresos (con bonos de Sueldo o Certificación de ingresos por contador). 
CONTACTO: VALENTINA SALVARREDI DROZD - Y CARLA MARCHESINI",1406-3548
inmoclick:1406-3609,inmoclick,1406,3609,https://inmoclick.com/1406-carina-drozd-gestiones-inmobiliarias/inmuebles/3609/ficha/departamento-en-alquiler-en-beltran-1928,2026-09-09,,600000.0,ARS,12000.0,50.0,70.0,3.0,1.0,1.0,Departamento,Alquiler,Excelente,20.0,Godoy Cruz,Mendoza,Beltrán 1928,-32.9044367,-68.8518084,Garage,,False,False,,45000.0,False,No,carina drozd gestiones inmobiliarias,Inmobiliaria,False,False,,"“CARINA DROZD gestiones inmobiliarias"" ALQUILA: hermoso DPTO. Se puede entregar AMOBLADO COMPLETO Opcional. en B° BOMBAL SUR de Godoy Cruz, calle BELTRAN 1928, entre calles Liniers y 25 de Mayo, a 200 mts. de Quinta Sección. FRONTAL al Este. En Complejo cerrado. ASCENSOR. Consta de COCINA COMEDOR alacenas, bajo mesadas, aparato cocina, mesa tipo Desayunador, con banquetas. Calefactor y Equipo de Aire Acondicionado frío calor- 1 DORMITORIO con Placard- 1 BAÑO completo. Luminarias colocadas- BALCON techado, con armario y mesa plegable. Aberturas con rejas- AMOBLAMIENTO: Juego de Living y de Dormitorio, Lavarropas, Heladera, Electrodomésticos, cortinas black out, elementos decorativos- TERRAZA COMPARTIDA con Tender Propio y Churrasquera- COCHERA Cubierta manual- VALOR $ 600.000 sin muebles- $ 700.000 Amoblado completo- Expensas $ 45.000. No se permiten mascotas.
Se abona: mes de Alquiler o días proporcionales (Plazo 1 a 2 Años- Ajustes Cuatrimestrales ICL), Depósito, y Honorarios Inmobiliaria- Requisitos: 2 Garantes (con propiedades y/o con bonos de Sueldo) y Solicitante debe acreditar ingresos (con bonos de Sueldo o Certificación de ingresos por contador).
CONTACTO: VALENTINA SALVARREDI DROZD - Y CARLA MARCHESINI",1406-3609
inmoclick:1406-3611,inmoclick,1406,3611,https://inmoclick.com/1406-carina-drozd-gestiones-inmobiliarias/inmuebles/3611/ficha/departamento-en-alquiler-en-avenida-colon-567,2026-09-09,,800000.0,ARS,17777.777777777777,45.0,45.0,3.0,1.0,1.0,Departamento,Alquiler,Excelente,20.0,Capital,Mendoza,Avenida Colón 567,-32.8933771,-68.8477256,Sin Cochera,,False,False,,90000.0,False,No,carina drozd gestiones inmobiliarias,Inmobiliaria,False,False,,"“CARINA DROZD gestiones inmobiliarias ALQUILA"": DEPARTAMENTO AMOBLADO en edificio de CategorÍa “Canela y Sol”.! Ubicadísimo: Calle COLON 567 casi 25 de Mayo. Piso 8. Ascensores. Excelentes VISTAS! Luminoso. El edificio cuenta con portero en horario de comercio. 
Consta de: COCINA COMEDOR con amoblamientos de cocina completos, Heladera, Lavarropas, TV led, Cocina, Mesa redonda con 4 sillas, Sillón de dos cuerpos, cortinas roller a estrenar- 1 DORMITORIO con Cama de 2 plazas, amplio Placard y A/Acondicionado, cortinas roller a estrenar, 1 BAÑO completo con bañera y vanitory. BALCON pequeño frontal. Tiene CALEFACCION CENTRAL con caldera dual propia, a estrenar. Sin cochera- Recién Pintado!. VALOR $ 800.000 .Expensas $ 90.000 No se permite mascota.
Se abona: mes de Alquiler o días proporcionales (Plazo 1 Año o 18 Meses- Ajustes Cuatrimestrales ICL), Depósito, y Honorarios Inmobiliaria- Requisitos: 2 Garantes (con propiedades y/o con bonos de Sueldo) y Solicitante debe acreditar ingresos (con bonos de Sueldo o Certificación de ingresos por contador). 
CONTACTO: VALENTINA SALVARREDI DROZD - Y CARLA MARCHESINI",1406-3611
inmoclick:1406-3613,inmoclick,1406,3613,https://inmoclick.com/1406-carina-drozd-gestiones-inmobiliarias/inmuebles/3613/ficha/departamento-en-alquiler-en-moreno-park,2026-09-09,,950000.0,ARS,14615.384615384615,65.0,65.0,4.0,2.0,1.0,Departamento,Alquiler,Excelente,10.0,Lujan de Cuyo,Mendoza,Moreno Park,-33.0331234,-68.890609,Garage,,False,False,,55000.0,,No,carina drozd gestiones inmobiliarias,Inmobiliaria,False,False,,"“CARINA DROZD gestiones inmobiliarias ALQUILA"": DEPARTAMENTO AMOBLADO en Complejo “MORENO PARK” Ubicadísimo: Mariano Moreno, entre calles Guevara y Adolfo Calle Consta de: COCINA con amoblamientos completos- LIVING COMEDOR amplio y luminoso- 2 DORMITORIOS con amplios Placares- 1 BAÑO completo- LAVANDERÍA- DEPOSITO/ BAULERA- PATIO- COCHERA cubierta con portón automatizado- VALOR $ 950.000 Expensas: $55.000. Se permite una mascota.

 El inmueble se alquila con el siguiente amoblamiento: 2 AA (4.5friorias y 2.7), 1 Heladera, 1 Cama 2pl, 1 respaldo de Cama, 2 mesas de luz amuradas, 2 Camas twin, 1 mesa comedor, 4 sillas, 1 mesa ratona, 1 sillon 2 cuerpos, 1 puff , 1 Tv Samsung 50"", Ropa de cama (3 juegos por cada cama), 4 Almohadas, Vajilla completa para 4 personas, Elementos de orden y limpieza. El complejo cuenta con un hermoso jardín, con SUM y churrasqueras.

 Se abona: mes de Alquiler o días proporcionales (Plazo 1 Año o 2 años- Ajustes Cuatrimestrales ICL), Depósito, y Honorarios Inmobiliaria- Requisitos: 2 Garantes (con propiedades y/o con bonos de Sueldo) y Solicitante debe acreditar ingresos (con bonos de Sueldo o Certificación de ingresos por contador). 
CONTACTO: VALENTINA SALVARREDI DROZD - Y CARLA MARCHESINI",1406-3613
inmoclick:1406-3614,inmoclick,1406,3614,https://inmoclick.com/1406-carina-drozd-gestiones-inmobiliarias/inmuebles/3614/ficha/departamento-en-alquiler-en-moreno-park,2026-09-09,,950000.0,ARS,14615.384615384615,65.0,65.0,4.0,2.0,1.0,Departamento,Alquiler,Excelente,10.0,Lujan de Cuyo,Mendoza,Moreno Park,-33.0331234,-68.890609,Garage,,False,False,,55000.0,,No,carina drozd gestiones inmobiliarias,Inmobiliaria,False,False,,"“CARINA DROZD gestiones inmobiliarias ALQUILA"": DEPARTAMENTO AMOBLADO en Complejo “MORENO PARK” Ubicadísimo: Mariano Moreno, entre calles Guevara y Adolfo Calle Consta de: COCINA con amoblamientos completos- LIVING COMEDOR amplio y luminoso- 2 DORMITORIOS con amplios Placares- 1 BAÑO completo- LAVANDERÍA- DEPOSITO/ BAULERA- PATIO- COCHERA cubierta con portón automatizado- VALOR $ 950.000 Expensas: $55.000. Se permite una mascota.

 El inmueble se alquila con el siguiente amoblamiento: 2 AA (4.5friorias y 2.7), 1 Heladera, 1 Cama 2pl, 1 respaldo de Cama, 2 mesas de luz amuradas, 2 Camas twin, 1 mesa comedor, 4 sillas, 1 mesa ratona, 1 sillon 2 cuerpos, 1 puff , 1 Tv Samsung 50"", Ropa de cama (3 juegos por cada cama), 4 Almohadas, Vajilla completa para 4 personas, Elementos de orden y limpieza. El complejo cuenta con un hermoso jardín, con SUM y churrasqueras.

 Se abona: mes de Alquiler o días proporcionales (Plazo 1 Año o 2 años- Ajustes Cuatrimestrales ICL), Depósito, y Honorarios Inmobiliaria- Requisitos: 2 Garantes (con propiedades y/o con bonos de Sueldo) y Solicitante debe acreditar ingresos (con bonos de Sueldo o Certificación de ingresos por contador). 
CONTACTO: VALENTINA SALVARREDI DROZD - Y CARLA MARCHESINI",1406-3614
inmoclick:1406-3615,inmoclick,1406,3615,https://inmoclick.com/1406-carina-drozd-gestiones-inmobiliarias/inmuebles/3615/ficha/departamento-en-alquiler-en-luzuriaga-625,2026-09-09,,840000.0,ARS,8842.105263157895,95.0,100.0,6.0,2.0,2.0,Departamento,Alquiler,Excelente,10.0,Capital,Mendoza,Luzuriaga 625,-32.9003074,-68.8601799,Garage,,False,False,,55000.0,False,No,carina drozd gestiones inmobiliarias,Inmobiliaria,False,False,,"“CARINA DROZD gestiones inmobiliarias"" ALQUILA: DEPARTAMENTO Ubicadísimo: QUINTA SECCION: Calle LUZURIAGA 625 esquina calle PASO DE LOS ANDES. Piso 1 por escalera. FRONTAL!! Consta de: COCINA con Lavandería, excelentes amoblamientos completos, con Barra Desayunador- LIVING COMEDOR- BALCONES- 2 DORMITORIOS con amplios Placares- 2 BAÑOS (principal y toilette)- ANTEBAÑO- CALEFACCION CENTRAL por radiantes. COCHERA AUTOMATIZADA cubierta. Recién Pintado!. Todas las aberturas con rejas. VALOR: $ 840.000- Expensas $ 55.000. No se permiten mascotas.
Se abona: mes de Alquiler o días proporcionales (Plazo 1 a 2 Años- Ajustes Cuatrimestrales ICL), Depósito, y Honorarios Inmobiliaria- Requisitos: 2 Garantes (con propiedades y/o con bonos de Sueldo) y Solicitante debe acreditar ingresos (con bonos de Sueldo o Certificación de ingresos por contador). 
CONTACTO: VALENTINA SALVARREDI DROZD - Y CARLA MARCHESINI ).",1406-3615
inmoclick:1406-3616,inmoclick,1406,3616,https://inmoclick.com/1406-carina-drozd-gestiones-inmobiliarias/inmuebles/3616/ficha/departamento-en-alquiler-en-santiago-del-estero-1606,2026-09-09,,590000.0,ARS,9076.923076923076,65.0,85.0,5.0,2.0,1.0,Departamento,Alquiler,Excelente,15.0,Godoy Cruz,Mendoza,Santiago del Estero 1606,-32.9028362,-68.8625024,Garage,,False,False,,104000.0,False,No,carina drozd gestiones inmobiliarias,Inmobiliaria,False,False,,"“CARINA DROZD gestiones inmobiliarias” ALQUILA: DEPARTAMENTO Ubicadísimo: frente a Quinta Seccción, a 200 mts. del Parque San Martín, calle SANTIAGO DEL ESTERO 1606 esquina calle Renato della Santa. Edificio “Mirador del Parque”. Piso 2 por ASCENSOR. Contrafrente. En Esquina. Consta de: COCINA con Lavandería con bacha, aparato cocina, campana de acero inoxidable- LIVING COMEDOR con Equipo de Aire Acondicionado. Calefactor- 2 DORMITORIOS (uno con VESTIDOR y otro con amplio Placard)- 1 BAÑO completo con bañadera- Recién Pintado! Aberturas en todas las rejas. COCHERA AUTOMATIZADA. TERRAZA Comunitaria de uso compartido, con hermosas VISTAS a la montaña. VALOR: $ 590.000- Expensas $ 104.000- No se permiten mascotas.

Se abona: mes de Alquiler o días proporcionales (Plazo 1 a 2 Años- Ajustes Cuatrimestrales ICL), Depósito, y Honorarios Inmobiliaria- Requisitos: 2 Garantes (con propiedades y/o con bonos de Sueldo) y Solicitante debe acreditar ingresos (con bonos de Sueldo o Certificación de ingresos por contador). 
CONTACTO: VALENTINA SALVARREDI DROZD - Y CARLA MARCHESINI ).",1406-3616
inmoclick:1406-3617,inmoclick,1406,3617,https://inmoclick.com/1406-carina-drozd-gestiones-inmobiliarias/inmuebles/3617/ficha/departamento-en-alquiler-en-beltran-343,2026-09-09,,700000.0,ARS,10769.23076923077,65.0,80.0,5.0,2.0,2.0,Departamento,Alquiler,Excelente,20.0,Godoy Cruz,Mendoza,Beltrán 343,-32.9199679,-68.8501242,Garage,,False,False,,130000.0,False,No,carina drozd gestiones inmobiliarias,Inmobiliaria,False,False,,"""CARINA DROZD gestiones inmobiliarias"" ALQUILA: DEPARTAMENTO Calle BELTRAN 343, entre calles Cabildo Abierto y Reconquista. Edificio “CANELA Y SOL”. A 1 cuadra de Ciclovía. Piso PLANTA BAJA. ASCENSOR. Consta de: COCINA- LIVING COMEDOR con Barra Desayunador y muebles de guardado, aparato cocina. Calefactor- 2 DORMITORIOS con amplios Placares, y con 2 EQUIPOS de Aire Acondicionado frío- calor. Pisos flotantes de madera. 2 BAÑOS: TOILETTE y BAÑO PRINCIPAL con bañera y accesorios completos de primera calidad. ANTEBAÑO- Recién Pintado. PATIO- COCHERA Con portón AUTOMATIZADO. TERRAZA Comunitaria con Churrasquera y baño, hermosas VISTAS. VALOR: $700.000. Expensas $ 130.000 aprox. No se permiten mascotas.
Se abona: mes de Alquiler o días proporcionales (Plazo 1 a 2 Años- Ajustes Cuatrimestrales ICL), Depósito, y Ho-norarios Inmobiliaria- Requisitos: 2 Garantes (con pro-piedades y/o con bonos de Sueldo) y Solicitante debe acreditar ingresos (con bonos de Sueldo o Certificación de ingresos por contador).
 CONTACTO: VALENTINA SALVARREDI DROZD - Y CARLA MARCHESINI",1406-3617
inmoclick:1406-3618,inmoclick,1406,3618,https://inmoclick.com/1406-carina-drozd-gestiones-inmobiliarias/inmuebles/3618/ficha/departamento-en-alquiler-en-sargento-cabral-337,2026-09-09,,500000.0,ARS,9090.90909090909,55.0,65.0,5.0,2.0,1.0,Departamento,Alquiler,Excelente,30.0,Capital,Mendoza,Sargento Cabral 337,-32.8930495,-68.8557597,Sin Cochera,,False,False,,15000.0,False,No,carina drozd gestiones inmobiliarias,Inmobiliaria,False,False,,"“CARINA DROZD gestiones inmobiliarias ALQUILA"": DEPARTAMENTO EN CIUDAD/ QUINTA SECCION: CALLE SARGENTO CABRAL 337, entre calles Olascoaga y Martínez de Rozas. Excelente ubicación!!. Complejo de varias unidades. Dpto. interno. Posee: ESTAR COMEDOR. Lámparas. Calefactor- COCINA pequeña, con aparato cocina, alacenas, bajo mesadas- 2 DORMITORIOS, uno con Equipo de Aire Acondicionado y pisos de parquet- 1 BAÑO completo, con cabina de ducha- Amplísimo Placard con bauleras en PASILLO- PATIO con rejas y tela media sombra- Luminarias en todo el inmueble- VALOR: $ 500.000. Expensas: $ 15.000. Sin cochera. No se permiten mascotas.
Se abona: mes de Alquiler o días proporcionales (Plazo 1 a 2 Años- Ajustes Cuatrimestrales ICL), Depósito, y Honorarios Inmobiliaria- Requisitos: 2 Garantes (con propiedades y/o con bonos de Sueldo) y Solicitante debe acreditar ingresos (con bonos de Sueldo o Certificación de ingresos por contador). 
CONTACTO: VALENTINA SALVARREDI DROZD - Y CARLA MARCHESINI",1406-3618
inmoclick:1406-3623,inmoclick,1406,3623,https://inmoclick.com/1406-carina-drozd-gestiones-inmobiliarias/inmuebles/3623/ficha/departamento-en-alquiler-en-balcarce-774,2026-09-09,,550000.0,ARS,8461.538461538461,65.0,90.0,4.0,1.0,1.0,Departamento,Alquiler,Excelente,20.0,Godoy Cruz,Mendoza,Balcarce 774,-32.9163807,-68.8407417,Garage,,False,False,,65000.0,False,No,carina drozd gestiones inmobiliarias,Inmobiliaria,False,False,,"""CARINA DROZD gestiones inmobiliarias"" ALQUILA: hermoso DEPARTAMENTO: calle BALCARCE 774, a 100 mts Hipermercado Jumbo, casi calle Juan de Garay. Piso Primero por escalera. Consta de: LIVING COMEDOR con 2 Calefactores y Equipo de Aire Acondicionado, COCINA Independiente con alacenas, bajomesada y aparato cocina, BALCON/ Lavandería cerrado con rejas, bacha, 1 DORMITORIO con amplio Placard y calefactor cerámico con regulador de temperatura, 1 BAÑO. Luminarias colocadas. Recién Pintado. Aberturas con rejas. COCHERA Cubierta portón manual. VALOR: $ 550.000- Expensas: $ 65.000- Seguro de Incendio $ 9.370-
Se abona: mes de Alquiler o días proporcionales (Plazo 1 a 2 Años- Ajustes Cuatrimestrales ICL), Depósito, Seguro de Incendio $ 9.370 y Honorarios Inmobiliaria- Requisi-tos: 2 Garantes (con propiedades y/o con bonos de Sueldo) y Solicitante debe acreditar ingresos (con bonos de Sueldo o Certificación de ingresos por contador).",1406-3623
inmoclick:1406-3624,inmoclick,1406,3624,https://inmoclick.com/1406-carina-drozd-gestiones-inmobiliarias/inmuebles/3624/ficha/departamento-en-alquiler-en-beltran-sur-135,2026-09-09,,650000.0,ARS,8125.0,80.0,95.0,5.0,2.0,2.0,Departamento,Alquiler,Excelente,20.0,Godoy Cruz,Mendoza,Beltran Sur 135,-32.9255425,-68.8499146,Garage,,False,False,,48200.0,False,No,carina drozd gestiones inmobiliarias,Inmobiliaria,False,False,,"“CARINA DROZD gestiones inmobiliarias"" ALQUILA: Ex-celente DEPARTAMENTO: Calle BELTRAN 135, entre ca-lles Lavalle y Salta de Godoy Cruz; a 200 mts. de Plaza Godoy Cruz. Piso 2 por escalera en bloque posterior, lo que otorga tranquilidad sonora. Muy Luminoso. Superfi-cie: 95 m2 Totales- 80 m2 Cubiertos + Cochera. Consta de: COCINA-COMEDOR con alacenas, bajomesadas, apa-rato cocina y extractor- Pasillo con Espejo cuerpo entero. 2 DORMITORIOS con Placares, uno con gran Espejo. 2 Equipos de Aire Acondicionado Frío Calor- 2 BAÑOS (Principal completo y Toilette)- Amplio BALCON al Este, techado- COCHERA CUBIERTA AUTOMATIZADA. Todas las aberturas con rejas. VALOR: $ 650.000- Expensas $ 48.200 con la Cochera incluida. No se permiten masco-tas. 
Se abona: mes de Alquiler o días proporcionales (Plazo 1 Año a 18 Meses- Ajustes Cuatrimestrales ICL), Depósito, y Honorarios Inmobiliaria- Requisitos: 2 Garantes (con propiedades y/o con bonos de Sueldo) y Solicitante debe acreditar ingresos (con bonos de Sueldo o Certificación de ingresos por contador). 
CONTACTO: VALENTINA SALVARREDI DROZD - Y CARLA MARCHESINI",1406-3624
inmoclick:1406-3627,inmoclick,1406,3627,https://inmoclick.com/1406-carina-drozd-gestiones-inmobiliarias/inmuebles/3627/ficha/departamento-en-alquiler-en-belgrano-1385,2026-09-09,,1200000.0,ARS,12631.578947368422,95.0,125.0,7.0,2.0,2.0,Departamento,Alquiler,Excelente,20.0,Godoy Cruz,Mendoza,Belgrano 1385,-32.9095751,-68.843214,Garage,,False,False,False,,False,No,carina drozd gestiones inmobiliarias,Inmobiliaria,False,False,,"""CARINA DROZD gestiones inmobiliarias"" ALQUILA: IMPECABLE DEPARTAMENTO TIPO CASA: Calle BELGRANO 1385 de Godoy Cruz, entre calles Lisandro de la Torre y Minuzzi, cercano a Espacio Arizu. FRONTAL! PLANTA BAJA. SUPERFICIE: 125 m2 Totales aprox.- 95 m2 Cubiertos Propios aprox. Consta de COCINA con alacenas, bajomesadas, aparato cocina con extractor- LAVANDERIA Independiente. LIVING COMEDOR- 2 DORMITORIOS pisos parquet, con amplísimos Placares con bauleras- 2 BAÑOS completos, uno en SUITTE- PATIO/ JARDIN con pérgola con árboles enredaderas, parquizado a nuevo, Churrasquera y COCHERA Cubierta- Recién Pintado!. Luminarias colocadas. Todas las aberturas con rejas. VALOR: $ 1.200.000. No paga expensas- No se permiten mascotas.
Se abona: mes de Alquiler o días proporcionales (Plazo 1 Año- Ajustes Trimestrales del ICL), Depósito, y Honorarios Inmobiliaria- Requisitos: 2 Garantes (con propiedades y/o con bonos de Sueldo) y Solicitante debe acreditar ingresos (con bonos de Sueldo o Certificación de ingresos por contador).
CONTACTO: VALENTINA y SOL SALVARREDI DROZD -",1406-3627
inmoclick:1406-3628,inmoclick,1406,3628,https://inmoclick.com/1406-carina-drozd-gestiones-inmobiliarias/inmuebles/3628/ficha/departamento-en-alquiler-en-patricias-mendocinas-451,2026-09-09,,600000.0,ARS,8571.42857142857,70.0,70.0,3.0,1.0,1.0,Departamento,Alquiler,Excelente,5.0,Godoy Cruz,Mendoza,Patricias Mendocinas 451,-32.9054041,-68.8495181,Garage,,False,False,,50000.0,False,No,carina drozd gestiones inmobiliarias,Inmobiliaria,False,False,,"“CARINA DROZD gestiones inmobiliarias"" ALQUILA: DEPARTAMENTO muy Luminoso y con excelente ubicación en Barrio Bombal Sur! Complejo cerrado: Calle PATRICIAS MENDOCINAS 451, entre calles Ameghino y Del Valle Iberlucea. Frontal. Primer Piso por escalera. Consta de: COCINA COMEDOR amplia con alacena, bajomesada y aparato cocina, extractor de humos, instalación para lavarropas- 1 BAÑO completo con ducha- 1 DORMITORIO con Placard- 2 BALCONES- COCHERA Cubierta. Recién Pintado. Aberturas con rejas. VALOR: $ 600.000- Expensas: $ 50.000 aprox. Se permite una sola mascota pequeña. Churrasquera compartida en espacios comunes.

Se abona: mes de Alquiler o días proporcionales (Plazo 1 Año a 2 años- Ajustes trimestrales ICL), Depósito, y Honorarios Inmobiliaria- Requisitos: 2 Garantes (con propiedades y/o con bonos de Sueldo) y Solicitante debe acreditar ingresos (con bonos de Sueldo o Certificación de ingresos por contador).",1406-3628
inmoclick:14294-4,inmoclick,14294,4,https://inmoclick.com/14294-federico-affronti/inmuebles/4/ficha/departamento-en-alquiler-en-espana-1581,2026-09-09,,850000.0,ARS,10000.0,85.0,90.0,4.0,2.0,2.0,Departamento,Alquiler,Excelente,19.0,Capital,Mendoza,España 1581,-32.8850637842102,-68.8405380212344,Garage/Cochera,,,False,,100000.0,False,,federico affronti,Dueno Directo,True,False,,FRONTAL. VISTA A LA MONTAÑA. 7MO. PISO. MUY LUMINOSO. DOS DORMITORIOS(UNO EN SUITE) Y DOS BAÑOS. COCINA CON DESAYUNADOR. LIVING COMEDOR CON BALCON. DOS AIRES ACONDICIONADOS. AMENITIES. PISCINA Y SEGURIDAD. COCHERA.,14294-4
inmoclick:14294-9,inmoclick,14294,9,https://inmoclick.com/14294-federico-affronti/inmuebles/9/ficha/departamento-en-alquiler-en-san-lorenzo-632,2026-09-09,,650.0,USD,8.666666666666666,75.0,90.0,4.0,2.0,2.0,Departamento,Alquiler,Excelente,,Capital,Mendoza,SAN LORENZO 632,-32.8925188,-68.8483242,Garage/Cochera,,,False,,320000.0,False,,federico affronti,Dueno Directo,True,False,,"En el prestigioso edificio DAVINCI, ubicado en el corazón de la ciudad de Mendoza, frente a Plaza Italia, se encuentra este magnífico departamento en el piso 12 con una imponente vista a la ciudad. El departamento de 90m2 totales y 75m2 cubiertos ofrece un amplio living comedor, una cocina independiente, dos dormitorios, uno con baño en suite, placares y un baño completo. Además, cuenta con una cochera para tu mayor comodidad. El edificio DAVINCI brinda excelentes amenidades como un Salón de Usos Múltiples para eventos, dos piscinas para disfrutar en los días soleados, una en planta baja y otra en la terraza del edificio, un microcine, una cava para los amantes del vino y seguridad privada las 24 horas. Además, el departamento cuenta con calefacción central para brindarte confort en las épocas de frío. El estado de conservación es excelente, por lo que podrás disfrutar de un ambiente acogedor y bien cuidado. No se aceptan mascotas en esta propiedad. El valor de las expensas es de $ 320.000. Si estás buscando un lugar con una ubicación privilegiada, comodidades exclusivas y una vista inigualable, ¡este departamento en el edificio DAVINCI es para vos! Contáctame para agendar una visita y conocer este maravilloso departamento en persona.",14294-9
inmoclick:144250-2,inmoclick,144250,2,https://inmoclick.com/144250-luis-jose-cugnini/inmuebles/2/ficha/departamento-en-alquiler-en-gutenberg-198,2026-09-09,,520000.0,ARS,10400.0,50.0,53.0,3.0,2.0,1.0,Departamento,Alquiler,Excelente,20.0,Capital,Mendoza,Gutenberg 198,-32.8734051,-68.8373117,Sin Cochera,1.0,False,False,False,,False,,luis jose cugnini,Dueno Directo,True,False,,"🛏️ 2 dormitorios
🚿 1 baño
🍽️ Cocina independiente
🛋️ Living-comedor
1️⃣ Primer piso
🔥 Calefacción por tiro balanceado
❄️ Aire acondicionado
💸 Sin expensas
🚫🚗 Sin cochera

Departamento en primer piso pensado para quienes buscan funcionalidad y bajo costo de mantenimiento. La distribución de dos dormitorios y un baño ofrece comodidad para una pareja, una familia pequeña o como inversión para renta. El living-comedor conecta naturalmente con la cocina, facilitando la vida diaria y las reuniones en casa.

La propiedad cuenta con calefacción por tiro balanceado y equipo de aire acondicionado, garantizando confort durante todo el año sin necesidad de reformas inmediatas. Al no tener expensas, se trata de una opción económica y práctica: menos gastos fijos mensuales y mayor previsibilidad en el presupuesto familiar.

Ubicado con acceso sencillo, es ideal para quienes valoran la comodidad al entrar y salir. Aunque no incluye cochera, su configuración hace que sea una alternativa accesible y manejable en términos de mantenimiento y costos.

Espacio listo para personalizar según tu estilo: una base versátil para transformar en el hogar que imaginas o en una inversión de bajo riesgo.",144250-2
inmoclick:148572-1,inmoclick,148572,1,https://inmoclick.com/148572-facundo-hernan-serra-gomez/inmuebles/1/ficha/departamento-en-alquiler-en-o-brien-435,2026-09-09,,460000.0,ARS,7666.666666666667,60.0,70.0,,1.0,1.0,Departamento,Alquiler,Excelente,,Guaymallen,Mendoza,O`BRIEN 435,,,Sin Cochera,,,,False,,False,,facundo hernan serra gomez,Dueno Directo,True,False,,"Dueño alquila, amplio departamento de una habitaicón, living, cocina, baño completo, patio interno. SIN EXPENSAS. A 4 cuadras de costanera, calle O `Brien.",148572-1
inmoclick:150283-2,inmoclick,150283,2,https://inmoclick.com/150283-medardo-rosas/inmuebles/2/ficha/departamento-en-alquiler-en-necochea-300,2026-09-09,,520000.0,ARS,12682.926829268292,41.0,48.0,2.0,1.0,1.0,Departamento,Alquiler,Muy Bueno,40.0,Capital,Mendoza,NECOCHEA 300,,,Sin Cochera,,,False,,95000.0,False,,medardo rosas,Dueno Directo,True,False,,"DEPARTAMENTO DOS AMBIENTES, MUY BUEN ESTADO. UN DORMITORIO- COCINA COMEDOR - BAÑO. COCINA-TERMO-HELADERA CHICA: TODO NUEVO RECIÉN, INSTALADOS, SIN USO. AIRE ACONDICIONADO. CANNON : $ MÁS EXPENSAS.",150283-2
inmoclick:151088-1,inmoclick,151088,1,https://inmoclick.com/151088-guillermo-gil/inmuebles/1/ficha/departamento-en-alquiler-en-malarguee-y-estrada,2026-09-09,,670000.0,ARS,10307.692307692309,65.0,70.0,,2.0,1.0,Departamento,Alquiler,Muy Bueno,15.0,Guaymallen,Mendoza,Malargüe y Estrada,,,Cochera Pasante,,,False,False,,False,,guillermo gil,Dueno Directo,True,False,,"Departamento funcional y cálido, ideal para quienes buscan una vivienda práctica y con buena relación precio-calidad. Con dos habitaciones versátiles, ofrece la flexibilidad necesaria para armar dormitorios cómodos, una oficina en casa o un cuarto de huéspedes. Un baño bien ubicado brinda comodidad para el día a día, y la cochera incluida suma tranquilidad y facilidad a la hora de estacionar.

Características principales:
- 🛏️ 2 habitaciones
- 🛁 1 baño
- 🚗 Cochera

Este inmueble se adapta tanto a parejas como a familias pequeñas o a profesionales que necesitan un espacio ordenado y fácil de mantener. La distribución permite organizar los ambientes según tus necesidades, optimizando cada metro disponible. Contar con cochera privada aporta seguridad y valor adicional, especialmente en zonas donde el estacionamiento es limitado.

Es una excelente opción para entrar a vivir o para invertir con potencial de renta estable. Si buscas confort funcional, bajo mantenimiento y una solución práctica para tu día a día, este departamento reúne lo esencial. Consultanos para coordinar una visita y conocer personalmente el potencial de esta propiedad.
No se admiten mascotas.",151088-1
inmoclick:15179-6,inmoclick,15179,6,https://inmoclick.com/15179-malen-arancibia/inmuebles/6/ficha/departamento-en-alquiler-en-el-parral-2370,2026-09-09,,600.0,USD,8.0,75.0,85.0,6.0,2.0,1.0,Departamento,Alquiler,Excelente,,Capital,Mendoza,El parral 2370,-32.8752324,-68.8433824,Garage/Cochera,1.0,False,,,70000.0,,,malen arancibia,Dueno Directo,True,False,,"Departamento amoblado de 75m² con 2 dormitorios y cochera, frente al Parque Central, en Ciudad de Mendoza. Totalmente equipado, listo para entrar a vivir. Disponibilidad inmediata. Ideal para familia, profesionales o estadías prolongadas.

CARACTERÍSTICAS
- Superficie: 75 m²
- Dormitorios: 2 (1 cama doble + 3 camas individuales, capacidad 5 personas)
- Living-comedor amplio
- Cocina equipada con electrodomésticos y vajilla
- 1 baño completo
- Balcón con vista al jardín interno del edificio
- Cochera cubierta en el edificio (incluida en expensas)
- Totalmente amoblado: ropa de cama, amenities y utensilios
- Conexión de internet instalada (servicio a cargo del inquilino)
- Se aceptan mascotas

UBICACIÓN
Frente al Parque Central, uno de los pulmones verdes de la ciudad. A pasos del Paseo Alameda, supermercados, restaurantes y transporte público. A 10 minutos del centro financiero.

CONDICIONES
- Valor: USD 700/mes + expensas + servicios
- Expensas: ARS 60.000/mes (incluyen cochera cubierta)
- Servicios a cargo del inquilino: luz, gas, agua, internet
- Contrato mínimo: 12 meses
- Depósito: 2 meses en concepto de garantía por daños
- Garantía: a convenir según perfil del inquilino (inquilinos del exterior: seguro de caución)

Visitas coordinadas de lunes a sábado. Disponibilidad inmediata.",15179-6
inmoclick:152890-5,inmoclick,152890,5,https://inmoclick.com/152890-oscar/inmuebles/5/ficha/duplex-en-alquiler-en-berutti-2556,2026-09-09,,850000.0,ARS,,,110.0,4.0,3.0,2.0,Duplex,Alquiler,Excelente,15.0,Guaymallen,Mendoza,Berutti 2556,-32.9077672,-68.8098198,Garage/Cochera,2.0,False,False,,,False,,oscar,Dueno Directo,True,False,,"DÚPLEX EN ALQUILER – DUEÑO DIRECTO
Se alquila excelente dúplex ubicado en un complejo cerrado. La propiedad se encuentra en excelente estado de conservación y ofrece espacios amplios, cómodos y bien distribuidos.
Cuenta con tres dormitorios con amplios placares y cortinas black out, dos de ellos con balcón, dos baños (uno con bañera), living comedor, cocina y lavandería. En el exterior dispone de un patio con churrasquera y cochera techada.
La propiedad también cuenta con aires acondicionados, dos estufas, radiador, luminarias, cocina, termotanque y alarma.
Su ubicación es uno de sus principales atractivos, ya que se encuentra próxima al Barrio Unimev, Club Alemán, Acceso Este y Acceso Sur, a centros comerciales (Mendoza Plaza Shopping, La Barraca y supermercados) y paradas de colectivos cercanas.
Una propiedad que reúne comodidad, seguridad y una excelente ubicación.
Alquiler directo con el dueño, sin intermediarios.",152890-5
inmoclick:15585-8,inmoclick,15585,8,https://inmoclick.com/15585-juan-suarez/inmuebles/8/ficha/departamento-en-alquiler-en-av-san-martin-941,2026-09-09,,400.0,USD,10.256410256410255,39.0,39.0,2.0,1.0,1.0,Departamento,Alquiler,Excelente,20.0,Capital,Mendoza,AV. SAN MARTIN 941,-32.89217433447598,-68.83964437343678,Garage/Cochera,,False,,,180000.0,False,,juan suarez,Dueno Directo,True,False,,"APARTAMENTO EN MICROCENTRO MENDOZA
SEGURIDAD 24/7
TOTALMENTE AMOBLADO

Opcion sin cochera USD 320

Edificio residencial/comercial moderno, tranquilo y seguro.

El apartamento se encuentra amoblado y posee una vista panoramica hacia el norte de la Ciudad de Mendoza.

La cerradura electronica permite configurar clave y evitar el uso de llaves (igualmente se entrega llave fisica en caso de preferir este método).

Servicios:
- Termotanque electrico
- Aire acondicionado
- 2 ascensores
- Cocina anafe
- Detector de humo
- Heladera
- Microondas
- Perchas
- Plancha
- Secador de pelo
- Smart TV en comedor y dormitorio
- Utensilios básicos de cocina
- Ollas y sartenes, aceite, sal y pimienta
- Vajilla y cubiertos
- Bols, palitos chinos, platos, tazas, etc.
- Wifi 100 mb/s
- Zona de trabajo (mesa y silla dentro de habitacion)
- Armario grande en habitacion
- Caja fuerte embutida en armario
- Decoracion moderna",15585-8
inmoclick:1626-17603,inmoclick,1626,17603,https://inmoclick.com/1626-remax-excelencia/inmuebles/17603/ficha/departamento-en-alquiler-en-25-de-mayo-0,2026-09-09,,600.0,USD,12.0,50.0,50.0,,1.0,1.0,Departamento,Alquiler,,,Maipu,Mendoza,25 de Mayo 0,-32.988489745167,-68.804883956909,Garage/Cochera,,,,,,,,remax excelencia,Inmobiliaria,False,False,,"Corredor Responsable Real Estate New Generation SA CCPIM 0001- SA - 2011 - 
Contacto Romina Gatica - MLS ID 421410086-260

Remax Excelencia ofrece en alquiler hermoso departamento amoblado ubicado en un exclusivo complejo de categoría en el corazón de Maipú!

El departamento cuenta con

- 1 habitación con una confortable cama y un placard
- 1 baño con ducha
- Sala de estar con sofá TV y mesa de comedor
- Cocina totalmente equipada con electrodomésticos de alta calidad
- Aires acondicionado heladera anafe eléctrico horno eléctrico wifi.
- Balcón con una agradable vista y juego de sillones
- Cochera 

El complejo ofrece

- Seguridad con personal de seguridad en horario nocturno cerco eléctrico y cámaras de vigilancia.

La ubicación es inmejorable a solo pasos de

- El reconocido paseo comercial IL MERCATO donde encontrarás heladería restaurante dietética verdulería carnicería entre otros.
- Atracciones y lugares de interés turístico
- Transporte público y servicios

Disponible a partir de enero plazo de contrato a convenir.

No te pierdas la oportunidad de vivir en este departamento amoblado rodeado de lujo y comodidad. 

¡Contáctanos para más información y agenda una visita!
RAU S.R.L. no ejerce el corretaje inmobiliario. El presente sitio web es una plataforma en donde cada oficina inmobiliaria independiente que contrata los servicios RE/MAX puede publicar las propiedades a su cargo. Cada oficina es de propiedad y gestión independiente, por lo que RAU S.R.L. no interviene en los datos de la publicación, en la operación inmobiliaria, ni en la confección y/o firma del boleto de compraventa y/o escritura y/o contrato de alquiler. En cumplimiento de las leyes vigentes que regulan el corretaje inmobiliario, Ley Nacional 25.028, Ley 22.802 de Lealtad Comercial, Ley 24.240 de Defensa al Consumidor, las normas del Código Civil y Comercial de la Nación y Constitucionales, los agentes/gestores NO ejercen el corretaje inmobiliario. Todas las operaciones inmobiliarias son objeto de intermediación y conclusión por parte del corredor público inmobiliario colegiado a cargo de la publicación, cuyos datos se exhiben en la presente. La presente publicación describe las características esenciales del inmueble, debiéndose consultar al corredor público inmobiliario responsable de la operación por la eventual actualización de las medidas, descripciones arquitectónicas y funcionales, valores de expensas, servicios, impuestos, precios y demás información, cuyos valores son aproximados.",1626-17603
inmoclick:1626-17607,inmoclick,1626,17607,https://inmoclick.com/1626-remax-excelencia/inmuebles/17607/ficha/departamento-en-alquiler-en-avenida-belgrano-900,2026-09-09,,800000.0,ARS,11428.57142857143,70.0,70.0,,2.0,1.0,Departamento,Alquiler,,,Capital,Mendoza,Avenida Belgrano 900,-32.8906919,-68.8499242,,,,,,,,,remax excelencia,Inmobiliaria,False,False,,"Corredor Responsable Real Estate New Generation SA CCPIM 0001- SA - 2011 - 
Contacto Santiago Sosa - MLS ID 421410109-65

Remax Excelencia ofrece alquiler de departamento amoblado sobre calle Belgrano de Ciudad de Mendoza.
Ubicado en excelente zona de la ciudad frente al metro tranvía. No paga expensas. 
Se alquila tal cual esta en las fotos. 

Características 

- Dos dormitorios.
- Un baño moderno.
- Living comedor.
- Cocina independiente. 
- Terraza amplia compartida con churrasquera. 
- Ambientes muy luminosos.
- No posee cochera. 

No dudes en comunicarte para recibir mayor información o coordinar una visita.

RAU S.R.L. no ejerce el corretaje inmobiliario. El presente sitio web es una plataforma en donde cada oficina inmobiliaria independiente que contrata los servicios RE/MAX puede publicar las propiedades a su cargo. Cada oficina es de propiedad y gestión independiente, por lo que RAU S.R.L. no interviene en los datos de la publicación, en la operación inmobiliaria, ni en la confección y/o firma del boleto de compraventa y/o escritura y/o contrato de alquiler. En cumplimiento de las leyes vigentes que regulan el corretaje inmobiliario, Ley Nacional 25.028, Ley 22.802 de Lealtad Comercial, Ley 24.240 de Defensa al Consumidor, las normas del Código Civil y Comercial de la Nación y Constitucionales, los agentes/gestores NO ejercen el corretaje inmobiliario. Todas las operaciones inmobiliarias son objeto de intermediación y conclusión por parte del corredor público inmobiliario colegiado a cargo de la publicación, cuyos datos se exhiben en la presente. La presente publicación describe las características esenciales del inmueble, debiéndose consultar al corredor público inmobiliario responsable de la operación por la eventual actualización de las medidas, descripciones arquitectónicas y funcionales, valores de expensas, servicios, impuestos, precios y demás información, cuyos valores son aproximados.",1626-17607
inmoclick:1626-17619,inmoclick,1626,17619,https://inmoclick.com/1626-remax-excelencia/inmuebles/17619/ficha/departamento-en-alquiler-en-anatole-france-1000,2026-09-09,,550000.0,ARS,13750.0,40.0,40.0,,1.0,1.0,Departamento,Alquiler,,,Godoy Cruz,Mendoza,Anatole France 1000,-32.914632997202,-68.851633072336,,,,,,,,,remax excelencia,Inmobiliaria,False,False,,"Corredor Responsable Real Estate New Generation SA CCPIM 0001- SA - 2011 - 
Contacto Javier Ferraudo - MLS ID 421410033-637

Remax Excelencia ofrece en alquiler moderno departamento en una de las mejores zonas de Godoy Cruz. Ubicado sobre calle Anatole France a pocos metros de la ciclovía que divide con el barrio Bombal encontramos este moderno edificio de nueve unidades donde se ofrece la unidad Cepas Malbec totalmente amoblada ubicada en un primer piso con acceso por escaleras o ascensor.

Características

. Edificio con ascensor
. Cerradura de ingreso al edificio y al departamento digital
. Cocina con amoblamientos integrada el living comedor
. Habitación con placar de piso a techo
. Ante baño
. Baño completo con mampara
. Ambientes muy luminosos
. Pisos de porcelanato
. Griferías de primera calidad
. Servicios de luz agua y cloacas 
. No posee cochera

-Contrato mínimo de tres meses

Se ofrece con cocina eléctrica de 4 hornallas termotanque eléctrico de 90 Lts microondas heladera aire acondicionado frio calor mesa con 4 sillas sillón de dos cuerpos con mesa ratonera colchón y somier de 1era marca ropa de cama rack para tele vajillas varias cortinas blackout en living y habitación luminarias led en todos los ambientes.

Además el edificio posee terraza con churrasquera con hermosas vistas a la cordillera.

No dudes en comunicarte para recibir mayor información o coordinar una visita.

RAU S.R.L. no ejerce el corretaje inmobiliario. El presente sitio web es una plataforma en donde cada oficina inmobiliaria independiente que contrata los servicios RE/MAX puede publicar las propiedades a su cargo. Cada oficina es de propiedad y gestión independiente, por lo que RAU S.R.L. no interviene en los datos de la publicación, en la operación inmobiliaria, ni en la confección y/o firma del boleto de compraventa y/o escritura y/o contrato de alquiler. En cumplimiento de las leyes vigentes que regulan el corretaje inmobiliario, Ley Nacional 25.028, Ley 22.802 de Lealtad Comercial, Ley 24.240 de Defensa al Consumidor, las normas del Código Civil y Comercial de la Nación y Constitucionales, los agentes/gestores NO ejercen el corretaje inmobiliario. Todas las operaciones inmobiliarias son objeto de intermediación y conclusión por parte del corredor público inmobiliario colegiado a cargo de la publicación, cuyos datos se exhiben en la presente. La presente publicación describe las características esenciales del inmueble, debiéndose consultar al corredor público inmobiliario responsable de la operación por la eventual actualización de las medidas, descripciones arquitectónicas y funcionales, valores de expensas, servicios, impuestos, precios y demás información, cuyos valores son aproximados.",1626-17619
inmoclick:1626-17643,inmoclick,1626,17643,https://inmoclick.com/1626-remax-excelencia/inmuebles/17643/ficha/departamento-en-alquiler-en-miguel-azcuenaga-0,2026-09-09,,650000.0,ARS,11206.896551724138,58.0,58.0,,2.0,1.0,Departamento,Alquiler,,,Lujan de Cuyo,Mendoza,Miguel Azcuénaga 0,-33.038204097164,-68.861325765029,Garage/Cochera,,,,,,,,remax excelencia,Inmobiliaria,False,False,,"Corredor Responsable Real Estate New Generation SA CCPIM 0001- SA - 2011 - 
Contacto Rosario Luchetti - MLS ID 421410090-132

El equipo de REMax ofrece en alquiler un departamento ubicado en el B Natania 45 Lujan de Cuyo.

Ubicación privilegiada sobre calle Azcuénaga una zona tranquila y de fácil acceso. A solo 5 minutos del centro de Lujan y 20 minutos de la Ciudad. En sus alrededotes cuenta con una gran variedad de comercios escuelas estaciones de servicios mayoristas supermercados y centros comerciales.

En un 1er. piso por escalera el departamento cuenta con 52 m cubiertos distribuido de forma funcional

- 2 dormitorios luminosos

- 1 baño completo

- Cocina integrada

- Espacio para lavarropa

- Cochera propia con portón automático

 Todos los servicios Gas agua luz.

SIN EXPENSAS!

NO SE ACEPTAN MASCOTAS

Comunicate con nosotros para coordianr una visita!
RAU S.R.L. no ejerce el corretaje inmobiliario. El presente sitio web es una plataforma en donde cada oficina inmobiliaria independiente que contrata los servicios RE/MAX puede publicar las propiedades a su cargo. Cada oficina es de propiedad y gestión independiente, por lo que RAU S.R.L. no interviene en los datos de la publicación, en la operación inmobiliaria, ni en la confección y/o firma del boleto de compraventa y/o escritura y/o contrato de alquiler. En cumplimiento de las leyes vigentes que regulan el corretaje inmobiliario, Ley Nacional 25.028, Ley 22.802 de Lealtad Comercial, Ley 24.240 de Defensa al Consumidor, las normas del Código Civil y Comercial de la Nación y Constitucionales, los agentes/gestores NO ejercen el corretaje inmobiliario. Todas las operaciones inmobiliarias son objeto de intermediación y conclusión por parte del corredor público inmobiliario colegiado a cargo de la publicación, cuyos datos se exhiben en la presente. La presente publicación describe las características esenciales del inmueble, debiéndose consultar al corredor público inmobiliario responsable de la operación por la eventual actualización de las medidas, descripciones arquitectónicas y funcionales, valores de expensas, servicios, impuestos, precios y demás información, cuyos valores son aproximados.",1626-17643
inmoclick:1626-17694,inmoclick,1626,17694,https://inmoclick.com/1626-remax-excelencia/inmuebles/17694/ficha/departamento-en-alquiler-en-hammarskjold-500,2026-09-09,,1300000.0,ARS,15476.190476190475,84.0,145.0,,2.0,1.0,Departamento,Alquiler,,,Capital,Mendoza,Hammarskjold 500,-32.891259143794,-68.858512043953,Garage/Cochera,,,,,,,,remax excelencia,Inmobiliaria,False,False,,"Corredor Responsable Real Estate New Generation SA CCPIM 0001- SA - 2011 - 
Contacto Gimena Jofré - MLS ID 421410055-96

EL EQUIPO DE REMAX EXCELENCIA TE OFRECE DÚPLEX EN ALQUILER 

Ubicado en Pasaje Hammarskjold 563 en una de las zonas más exclusivas y buscadas de la ciudad a pasos de Arístides y del Parque General San Martín.
Este dúplex en planta baja combina diseño funcional privacidad y una excelente calidad de vida dentro de un entorno residencial tranquilo y de baja densidad.
La propiedad se destaca por su orientación norte que garantiza una luminosidad natural privilegiada durante todo el día generando espacios cálidos y confortables.
Distribución
-2 habitaciones
-1 baño completo
-1 toilette
-Cocina comedor con desayunador
-2 patios privados uno con sector tender
-Cochera cubierta
Se entrega equipado con
.2 racks en el comedor
.3 aires acondicionados
.Cocina

El edificio es de solo 4 unidades una por piso lo que asegura exclusividad silencio y privacidad. Además cuenta con terraza y sistema de seguridad con cerco eléctrico.
Una opción ideal para quienes priorizan ubicación confort y un entorno selecto a tan solo minutos del centro.

Queres vivir aca? contactame!
RAU S.R.L. no ejerce el corretaje inmobiliario. El presente sitio web es una plataforma en donde cada oficina inmobiliaria independiente que contrata los servicios RE/MAX puede publicar las propiedades a su cargo. Cada oficina es de propiedad y gestión independiente, por lo que RAU S.R.L. no interviene en los datos de la publicación, en la operación inmobiliaria, ni en la confección y/o firma del boleto de compraventa y/o escritura y/o contrato de alquiler. En cumplimiento de las leyes vigentes que regulan el corretaje inmobiliario, Ley Nacional 25.028, Ley 22.802 de Lealtad Comercial, Ley 24.240 de Defensa al Consumidor, las normas del Código Civil y Comercial de la Nación y Constitucionales, los agentes/gestores NO ejercen el corretaje inmobiliario. Todas las operaciones inmobiliarias son objeto de intermediación y conclusión por parte del corredor público inmobiliario colegiado a cargo de la publicación, cuyos datos se exhiben en la presente. La presente publicación describe las características esenciales del inmueble, debiéndose consultar al corredor público inmobiliario responsable de la operación por la eventual actualización de las medidas, descripciones arquitectónicas y funcionales, valores de expensas, servicios, impuestos, precios y demás información, cuyos valores son aproximados.",1626-17694
inmoclick:1626-17871,inmoclick,1626,17871,https://inmoclick.com/1626-remax-excelencia/inmuebles/17871/ficha/departamento-en-alquiler-en-rufino-ortega-500,2026-09-09,,1000000.0,ARS,14285.714285714286,70.0,74.0,,2.0,1.0,Departamento,Alquiler,,,Capital,Mendoza,Rufino Ortega 500,-32.8902383,-68.8584144,,,,,,,,,remax excelencia,Inmobiliaria,False,False,,"Corredor Responsable Real Estate New Generation SA CCPIM 0001- SA - 2011 - 
Contacto Mariano Morcos - MLS ID 421410073-49

El equipo Remax Excelencia alquila exclusivo piso en el corazón de la Quinta sección sobre calle Rufino Ortega. El mismo forma parte de un complejo de solo cuatro unidades de las cuales cada una constituye un piso completo. La unidad de referencia se encuentra en primer piso y al cual se accede directamente desde el ascensor Desde el ascensor ingresa a su propio living sin vecinos de piso lo cual permite privacidad discreción y tranquilidad.
El departamento con generosas dimensiones y una iluminación natural optima cuenta con amplio livingcomedor cocina dos dormitorios con pisos de parquet y placares baño principal completo y toilette de visitas balcón al frente con orientación sur baulera y asador en la terraza para los propietarios.

Bajas expensas 

Sin cochera.

RAU S.R.L. no ejerce el corretaje inmobiliario. El presente sitio web es una plataforma en donde cada oficina inmobiliaria independiente que contrata los servicios RE/MAX puede publicar las propiedades a su cargo. Cada oficina es de propiedad y gestión independiente, por lo que RAU S.R.L. no interviene en los datos de la publicación, en la operación inmobiliaria, ni en la confección y/o firma del boleto de compraventa y/o escritura y/o contrato de alquiler. En cumplimiento de las leyes vigentes que regulan el corretaje inmobiliario, Ley Nacional 25.028, Ley 22.802 de Lealtad Comercial, Ley 24.240 de Defensa al Consumidor, las normas del Código Civil y Comercial de la Nación y Constitucionales, los agentes/gestores NO ejercen el corretaje inmobiliario. Todas las operaciones inmobiliarias son objeto de intermediación y conclusión por parte del corredor público inmobiliario colegiado a cargo de la publicación, cuyos datos se exhiben en la presente. La presente publicación describe las características esenciales del inmueble, debiéndose consultar al corredor público inmobiliario responsable de la operación por la eventual actualización de las medidas, descripciones arquitectónicas y funcionales, valores de expensas, servicios, impuestos, precios y demás información, cuyos valores son aproximados.",1626-17871
inmoclick:1626-17910,inmoclick,1626,17910,https://inmoclick.com/1626-remax-excelencia/inmuebles/17910/ficha/departamento-en-alquiler-en-julio-leonidas-aguirre-100,2026-09-09,,900000.0,ARS,16363.636363636364,55.0,55.0,,1.0,1.0,Departamento,Alquiler,,,Capital,Mendoza,Julio Leónidas Aguirre 100,-32.8851065,-68.853105,Garage/Cochera,,,,,,,,remax excelencia,Inmobiliaria,False,False,,"Corredor Responsable Real Estate New Generation SA CCPIM 0001- SA - 2011 - 
Contacto Flavia Ojeda - MLS ID 421410151-23

 DEPARTAMENTO DE CATEGORÍA EN ALQUILER QUINTA SECCIÓN CON COCHERA Y AMENITIES

Se ofrece en alquiler moderno departamento de 1 dormitorio ubicado en Quinta Sección sobre calle Julio L. Aguirre en una de las zonas más buscadas de la Ciudad de Mendoza a pocos minutos del Parque General San Martín y de Av. Arístides Villanueva.

La propiedad se encuentra en tercer piso dentro de un edificio de categoría y cuenta con una superficie aproximada de 55 m con excelente distribución y luminosidad.

Distribución
Living-comedor amplio
Cocina integrada con mobiliario completo
1 dormitorio con placard
Baño completo
Balcón

Equipamiento y confort
Calefacción central por radiadores
Aire acondicionado
Aberturas de calidad
Lavarropas

Amenities del edificio
Piscina en terraza
Solárium
Salón de usos múltiples SUM
Parrilla churrasquera
Laundry

 Extras
Cochera en subsuelo
Baulera

Ubicado en entorno residencial de alta demanda con cercanía a espacios verdes propuestas gastronómicas y excelente conectividad.
Ideal para quienes buscan confort ubicación y calidad de vida.

 Consúltanos para más información y coordinar una visita
RAU S.R.L. no ejerce el corretaje inmobiliario. El presente sitio web es una plataforma en donde cada oficina inmobiliaria independiente que contrata los servicios RE/MAX puede publicar las propiedades a su cargo. Cada oficina es de propiedad y gestión independiente, por lo que RAU S.R.L. no interviene en los datos de la publicación, en la operación inmobiliaria, ni en la confección y/o firma del boleto de compraventa y/o escritura y/o contrato de alquiler. En cumplimiento de las leyes vigentes que regulan el corretaje inmobiliario, Ley Nacional 25.028, Ley 22.802 de Lealtad Comercial, Ley 24.240 de Defensa al Consumidor, las normas del Código Civil y Comercial de la Nación y Constitucionales, los agentes/gestores NO ejercen el corretaje inmobiliario. Todas las operaciones inmobiliarias son objeto de intermediación y conclusión por parte del corredor público inmobiliario colegiado a cargo de la publicación, cuyos datos se exhiben en la presente. La presente publicación describe las características esenciales del inmueble, debiéndose consultar al corredor público inmobiliario responsable de la operación por la eventual actualización de las medidas, descripciones arquitectónicas y funcionales, valores de expensas, servicios, impuestos, precios y demás información, cuyos valores son aproximados.",1626-17910
inmoclick:1626-18027,inmoclick,1626,18027,https://inmoclick.com/1626-remax-excelencia/inmuebles/18027/ficha/departamento-en-alquiler-en-catamarca-400,2026-09-09,,650000.0,ARS,8333.333333333334,78.0,83.0,,3.0,1.0,Departamento,Alquiler,,,Capital,Mendoza,Catamarca 400,-32.8902221,-68.831749,,,,,,,,,remax excelencia,Inmobiliaria,False,False,,"Corredor Responsable Real Estate New Generation SA CCPIM 0001- SA - 2011 - 
Contacto Daniela Ciraudo - MLS ID 421410147-28

DEPARTAMENTO 5 AMBIENTES EN ALQUILER CATAMARCA MENDOZA CAPITAL

Ubicado estratégicamente sobre Catamarca este departamento de tres habitaciones se convierte en un lienzo donde tus proyectos de vida pueden tomar forma. 

La distribución interior permite una circulación fluida entre sus ambientes con tres habitaciones que se transforman en santuarios de descanso y privacidad. Un baño completo completa la propuesta ofreciendo practicidad y confort en cada rincón.

 La luminosidad natural se filtra por sus ventanas creando un ambiente cálido que dialoga permanentemente con el entorno urbano de Mendoza.

Una oportunidad única para quienes buscan vivir en el centro de la ciudad con todos los servicios al alcance de la mano y la posibilidad de construir tu propio espacio de vida.
RAU S.R.L. no ejerce el corretaje inmobiliario. El presente sitio web es una plataforma en donde cada oficina inmobiliaria independiente que contrata los servicios RE/MAX puede publicar las propiedades a su cargo. Cada oficina es de propiedad y gestión independiente, por lo que RAU S.R.L. no interviene en los datos de la publicación, en la operación inmobiliaria, ni en la confección y/o firma del boleto de compraventa y/o escritura y/o contrato de alquiler. En cumplimiento de las leyes vigentes que regulan el corretaje inmobiliario, Ley Nacional 25.028, Ley 22.802 de Lealtad Comercial, Ley 24.240 de Defensa al Consumidor, las normas del Código Civil y Comercial de la Nación y Constitucionales, los agentes/gestores NO ejercen el corretaje inmobiliario. Todas las operaciones inmobiliarias son objeto de intermediación y conclusión por parte del corredor público inmobiliario colegiado a cargo de la publicación, cuyos datos se exhiben en la presente. La presente publicación describe las características esenciales del inmueble, debiéndose consultar al corredor público inmobiliario responsable de la operación por la eventual actualización de las medidas, descripciones arquitectónicas y funcionales, valores de expensas, servicios, impuestos, precios y demás información, cuyos valores son aproximados.",1626-18027
inmoclick:1626-18046,inmoclick,1626,18046,https://inmoclick.com/1626-remax-excelencia/inmuebles/18046/ficha/departamento-en-alquiler-en-gutierrez-0,2026-09-09,,700000.0,ARS,8750.0,80.0,80.0,,3.0,1.0,Departamento,Alquiler,,,Capital,Mendoza,Gutiérrez 0,-32.8884241,-68.8399076,,,,,,,,,remax excelencia,Inmobiliaria,False,False,,"Corredor Responsable Real Estate New Generation SA CCPIM 0001- SA - 2011 - 
Contacto Pilar Morcos - MLS ID 421410150-7

Remax Excelencia ofrece en alquiler

Departamento ubicado sobre calle Gutiérrez a solo media cuadra de la Plaza San Martín en pleno centro de Mendoza. Su ubicación es inmejorable con acceso inmediato a comercios restaurantes bancos y transporte público.

Se trata de un departamento en primer piso completamente refaccionado dentro de un edificio clásico en excelente estado de conservación.
La propiedad se destaca por su estilo bohemio con grandes ventanales y techos altos que aportan amplitud y luminosidad.

En planta baja dispone de una amplia cocina-comedor con salida a una terraza privada ideal para disfrutar de un espacio verde o un rincón de descanso al aire libre. También cuenta con un espacio de almacenamiento.

En planta alta encontramos un baño completo con bañera y conexión para lavarropas junto a dos dormitorios con placares empotrados y salida a la terraza mediante ventanales que brindan excelente iluminación natural.
Además posee un ambiente adicional que puede utilizarse como tercer dormitorio oficina o espacio de trabajo.

El edificio cuenta con escaleras seguras y rejas divisorias entre planta baja y alta lo que brinda mayor privacidad y seguridad a los inquilinos.

Mascotas a consultar.
No posee cochera.

CONDICIONES DE ALQUILER
-Un mes de depósito
-Honorarios inmobiliarios
-El inmueble se encuentra a la venta se otorgan 2 meses para desalojo en caso de venta
-Actualización semestral
-Dos garantes
RAU S.R.L. no ejerce el corretaje inmobiliario. El presente sitio web es una plataforma en donde cada oficina inmobiliaria independiente que contrata los servicios RE/MAX puede publicar las propiedades a su cargo. Cada oficina es de propiedad y gestión independiente, por lo que RAU S.R.L. no interviene en los datos de la publicación, en la operación inmobiliaria, ni en la confección y/o firma del boleto de compraventa y/o escritura y/o contrato de alquiler. En cumplimiento de las leyes vigentes que regulan el corretaje inmobiliario, Ley Nacional 25.028, Ley 22.802 de Lealtad Comercial, Ley 24.240 de Defensa al Consumidor, las normas del Código Civil y Comercial de la Nación y Constitucionales, los agentes/gestores NO ejercen el corretaje inmobiliario. Todas las operaciones inmobiliarias son objeto de intermediación y conclusión por parte del corredor público inmobiliario colegiado a cargo de la publicación, cuyos datos se exhiben en la presente. La presente publicación describe las características esenciales del inmueble, debiéndose consultar al corredor público inmobiliario responsable de la operación por la eventual actualización de las medidas, descripciones arquitectónicas y funcionales, valores de expensas, servicios, impuestos, precios y demás información, cuyos valores son aproximados.",1626-18046
inmoclick:1626-18078,inmoclick,1626,18078,https://inmoclick.com/1626-remax-excelencia/inmuebles/18078/ficha/departamento-en-alquiler-en-rufino-ortega-600,2026-09-09,,1400000.0,ARS,17948.71794871795,78.0,78.0,,2.0,2.0,Departamento,Alquiler,,,Capital,Mendoza,Rufino Ortega 600,-32.8908668,-68.8563818,Garage/Cochera,,,,,,,,remax excelencia,Inmobiliaria,False,False,,"Corredor Responsable Real Estate New Generation SA CCPIM 0001- SA - 2011 - 
Contacto Selva Arias - MLS ID 421410140-29

REMAX EXCELENCIA ofrece en alquiler moderno 
departamento en Edificio de Categoría ubicado 
en calle Rufino Ortega 611 en el corazón de la ciudad de Mendoza.
ideal para quienes buscan confort seguridad y cercanía a los 
principales puntos estratégicos de la ciudad.

Este cómodo departamento Semipiso totalmente equipado cuenta con

 Cocina equipada completa.
2 Habitaciones. 
2 Baños.
Cochera Techada.
Parrilla.

 
RAU S.R.L. no ejerce el corretaje inmobiliario. El presente sitio web es una plataforma en donde cada oficina inmobiliaria independiente que contrata los servicios RE/MAX puede publicar las propiedades a su cargo. Cada oficina es de propiedad y gestión independiente, por lo que RAU S.R.L. no interviene en los datos de la publicación, en la operación inmobiliaria, ni en la confección y/o firma del boleto de compraventa y/o escritura y/o contrato de alquiler. En cumplimiento de las leyes vigentes que regulan el corretaje inmobiliario, Ley Nacional 25.028, Ley 22.802 de Lealtad Comercial, Ley 24.240 de Defensa al Consumidor, las normas del Código Civil y Comercial de la Nación y Constitucionales, los agentes/gestores NO ejercen el corretaje inmobiliario. Todas las operaciones inmobiliarias son objeto de intermediación y conclusión por parte del corredor público inmobiliario colegiado a cargo de la publicación, cuyos datos se exhiben en la presente. La presente publicación describe las características esenciales del inmueble, debiéndose consultar al corredor público inmobiliario responsable de la operación por la eventual actualización de las medidas, descripciones arquitectónicas y funcionales, valores de expensas, servicios, impuestos, precios y demás información, cuyos valores son aproximados.",1626-18078
inmoclick:1626-18087,inmoclick,1626,18087,https://inmoclick.com/1626-remax-excelencia/inmuebles/18087/ficha/departamento-en-alquiler-en-dorrego-900,2026-09-09,,500000.0,ARS,12195.121951219511,41.0,45.0,,1.0,1.0,Departamento,Alquiler,,,Guaymallen,Mendoza,Dorrego 900,-32.905492261427,-68.828926367642,,,,,,,,,remax excelencia,Inmobiliaria,False,False,,"Corredor Responsable Real Estate New Generation SA CCPIM 0001- SA - 2011 - 
Contacto Cecilia Muggetti - MLS ID 421410100-69

Departamento en alquiler en Dorrego Guaymallén Totalmente amoblado

Si buscás comodidad practicidad y una excelente ubicación esta es una gran opción.

Ubicado en Dorrego Guaymallén este departamento de una habitación se alquila completamente amoblado y listo para mudarte.

-Living con sofá y televisor
- Dormitorio con cama y placard
- Mesa
- Cocina equipada con heladera microondas y cocina
- Aire acondicionado y estufa.
- Sistema de alarma instalado

No incluye lavarropas
 No posee cochera

Ideal para una persona o pareja que quiera instalarse sin preocuparse por comprar muebles.

Zona con fácil acceso entorno tranquilo y cercana a servicios y transporte.

Contáctame para más información o para coordinar una visita.
RAU S.R.L. no ejerce el corretaje inmobiliario. El presente sitio web es una plataforma en donde cada oficina inmobiliaria independiente que contrata los servicios RE/MAX puede publicar las propiedades a su cargo. Cada oficina es de propiedad y gestión independiente, por lo que RAU S.R.L. no interviene en los datos de la publicación, en la operación inmobiliaria, ni en la confección y/o firma del boleto de compraventa y/o escritura y/o contrato de alquiler. En cumplimiento de las leyes vigentes que regulan el corretaje inmobiliario, Ley Nacional 25.028, Ley 22.802 de Lealtad Comercial, Ley 24.240 de Defensa al Consumidor, las normas del Código Civil y Comercial de la Nación y Constitucionales, los agentes/gestores NO ejercen el corretaje inmobiliario. Todas las operaciones inmobiliarias son objeto de intermediación y conclusión por parte del corredor público inmobiliario colegiado a cargo de la publicación, cuyos datos se exhiben en la presente. La presente publicación describe las características esenciales del inmueble, debiéndose consultar al corredor público inmobiliario responsable de la operación por la eventual actualización de las medidas, descripciones arquitectónicas y funcionales, valores de expensas, servicios, impuestos, precios y demás información, cuyos valores son aproximados.",1626-18087
inmoclick:16590-9,inmoclick,16590,9,https://inmoclick.com/16590-gabriela-fuentes/inmuebles/9/ficha/departamento-en-alquiler-en-colon-526,2026-09-09,,450000.0,ARS,10000.0,45.0,45.0,,1.0,1.0,Departamento,Alquiler,Muy Bueno,,Godoy Cruz,Mendoza,Colón 526,,,Garage/Cochera,,,,,12000.0,,,gabriela fuentes,Dueno Directo,True,False,,"Departamento 1 dormitorio, baño, cocina comedor, cochera, baulera.",16590-9
inmoclick:16743-2,inmoclick,16743,2,https://inmoclick.com/16743-mauricio/inmuebles/2/ficha/departamento-en-alquiler-en-san-luis-400,2026-09-09,,400000.0,ARS,8888.888888888889,45.0,50.0,3.0,1.0,1.0,Departamento,Alquiler,Excelente,20.0,Capital,Mendoza,San Luis 400,-32.88489525494107,-68.83181307738894,Sin Cochera,1.0,False,False,,30000.0,,No,mauricio,Dueno Directo,True,False,,"Dueño directo alquila cómodo departamento de 1 dormitorio ideal para quien busca practicidad y buen mantenimiento. El dormitorio es amplio y cuenta con placard, los pisos de parquet lustrados aportan calidez y estilo, y el living comedor, equipado con aire acondicionado frío/calor, ofrece un ambiente confortable para relajarse o recibir visitas. Cocina funcional y baño completo que complementan una distribución pensada para el día a día.

Características principales:
- 🛏️ 1 dormitorio amplio con placard
- 🛁 1 baño completo
- 🍽️ Cocina independiente
- 🛋️ Living comedor con aire acondicionado frío/calor
- 🪵 Pisos de parquet lustrados
- 📍 Zona segura, próxima a Gendarmería y muy cerca del centro
- 🚌 Excelente acceso y amplia asistencia de transporte y comercios
- 🚫 Sin mascotas

Ubicación y beneficios: vivir aquí significa estar en una zona con buena asistencia de servicios y comercio, con rápido acceso al centro y excelente conectividad. La cercanía a Gendarmería aporta una percepción de seguridad y tranquilidad. El mantenimiento del departamento y los pisos lustrados facilitan habitabilidad inmediata, ideal tanto para parejas como para profesionales que buscan comodidad y ubicación. Contacto directo con propietario. Sin mascotas.",16743-2
inmoclick:16790-63,inmoclick,16790,63,https://inmoclick.com/16790-iris/inmuebles/63/ficha/departamento-en-alquiler-en-colon-452,2026-09-09,,720000.0,ARS,10285.714285714286,70.0,75.0,,2.0,1.0,Departamento,Alquiler,Excelente,27.0,Capital,Mendoza,COLON 452,,,Sin Cochera,1.0,,,,120000.0,False,,iris,Dueno Directo,True,False,,"Cómodo departamento, con una ubicación privilegiada sobre Avda. Colón, una de las arterias mas importantes de la ciudad, colmada de todo tipo de comercios, supermercados, restaurantes, cafeterías, cercano a todos los medios de transporte, que van hacia las universidades, el Parque Gral. San Martin..... ideal ubicación para movilizarse caminando, en bicicleta o bus.
-Amoblado 
-2 dormitorios- un baño completo, balcón , cocina y living comedor.
-ALQUILER MAS EXPENSAS Y SERVICIOS
-CONTRATO y certificación de firmas en escribanía
-DEPOSITO ( un mes de alquiler, se puede pagar en dos veces)
-GESTION de alquiler",16790-63
inmoclick:16790-76,inmoclick,16790,76,https://inmoclick.com/16790-iris/inmuebles/76/ficha/departamento-en-alquiler-en-cayetano-lombardo-126,2026-09-09,,650000.0,ARS,16250.0,40.0,40.0,3.0,1.0,1.0,Departamento,Alquiler,Excelente,7.0,Capital,Mendoza,Cayetano Lombardo 126,,,Sin Cochera,1.0,,,,65000.0,False,No,iris,Dueno Directo,True,False,,"ACOGEDOR DEPARTAMENTO para una persona, totalmente amoblado y equipado.-
1 dormitorio, muy iluminado, con vajilla básica, ubicado en el Centro de Mendoza, edificio con ascensor, 2do. piso, frontal.
Cercano a bares, restaurantes, pubs, supermercados, rotiserías, farmacias, casa de gobierno, municipalidad etc.-
Se ubica a . pocas cuadras de la Peatonal Sarmiento y de Plaza Independencia a media cuadra de las terminales de transporte.
Excelente ubicación para trasladarse caminando a diversos puntos de la ciudad.-
Con wifi
.No se aceptan mascotas, no apto fumadores
DEPOSITO Y GARANTES
FLEXIBILIDAD EN LA DURACION DEL CONTRATO 
Servicios y expensas a cargo del inquilino

CONDICIONES : para ingresar: alquiler y los servicios que correspondan al primer mes de alquiler.
DEPOSITO ( se devuelve al finalizar la relación contractual, si todo esta en las mismas condiciones en que se entregó)
SIN COMISION INMOBILIARIA.
Se PAGA CONFECCION DE CONTRATO Y CERTIFICACION DE FIRMAS EN ESCRIBANIA. 
INMOBILIARIAS ABASTENERSE",16790-76
inmoclick:16797-1084,inmoclick,16797,1084,https://inmoclick.com/16797-provivienda-inmobiliaria/inmuebles/1084/ficha/departamento-en-alquiler-en-alem-392,2026-09-09,,400000.0,ARS,8888.888888888889,45.0,50.0,,1.0,1.0,Departamento,Alquiler,Muy Bueno,,Guaymallen,Mendoza,Alem 392,-32.9008302,-68.8273014,Sin Cochera,,,,False,,False,,provivienda inmobiliaria,Inmobiliaria,False,False,,"DORREGO Alem 392, entre Adolfo Calle y Guayaquil. Complejo. Impecable. Planta baja. Living cocina comedor. 1 dormitorio con placard. Un baño. Tendedero. SIN EXPENSAS NO MASCOTAS. Contacto Armando / Javier",16797-1084
inmoclick:16797-1143,inmoclick,16797,1143,https://inmoclick.com/16797-provivienda-inmobiliaria/inmuebles/1143/ficha/departamento-en-alquiler-en-tiraso-1188,2026-09-09,,400000.0,ARS,7272.727272727273,55.0,65.0,,1.0,1.0,Departamento,Alquiler,Excelente,,Guaymallen,Mendoza,Tiraso 1188,-32.915162078572095,-68.7676394558197,Garage/Cochera,,,,,130000.0,False,,provivienda inmobiliaria,Inmobiliaria,False,False,,"Tirasso 1198. Frente Feria Del Este. Excelente. 1° piso Frontal. Living cocina comedor. Balcon. 1 dormitorio con vestidor. Un baño. lavadero cerrado. Tendedero. Cochera cubierta. SUM. ( jardines, churrasquera., etc). TODO ELECTRICO. EXPENSAS $ 130.000 ((Las expensas comprenden: Luz y limpieza de espacios comunes. Municipalidad. AySaM y seguros de vidrios DVH.) NO MASCOTAS. Contacto Javier / Armando",16797-1143
inmoclick:16797-1215,inmoclick,16797,1215,https://inmoclick.com/16797-provivienda-inmobiliaria/inmuebles/1215/ficha/departamento-en-alquiler-en-independencia-543,2026-09-09,,550000.0,ARS,11000.0,50.0,60.0,,2.0,1.0,Departamento,Alquiler,Excelente,,Las Heras,Mendoza,Independencia 543,-32.8423459,-68.8284603,Garage/Cochera,,,,False,,,,provivienda inmobiliaria,Inmobiliaria,False,False,,"Independencia 539. Departamento interno. Excelente estado. Living comedor. Cocina. 2 dormitorios ( 1 con aire acondicionado). Baulera. 1 baño. Despensa. Amplio jardin, 1 hamaca, churrasquera. Cochera cubierta. SIN EXPENSAS. Contacto Javier / Armando",16797-1215
inmoclick:16797-1247,inmoclick,16797,1247,https://inmoclick.com/16797-provivienda-inmobiliaria/inmuebles/1247/ficha/departamento-en-alquiler-en-dorrego-933,2026-09-09,,280000.0,ARS,15555.555555555557,18.0,18.0,,1.0,1.0,Departamento,Alquiler,Muy Bueno,,Guaymallen,Mendoza,Dorrego 933,-32.9054744,-68.8289211,Sin Cochera,,,,,10000.0,False,,provivienda inmobiliaria,Inmobiliaria,False,False,,"Pleno Dorrego, calle Dorrego 933 esquina Guillermo Molina. Monoambiente. Todo electrico. 18 m2. Kichinette. Baño. Expensas $ 10.000.- Para una sola persona. NO MASCOTAS. Contacto Javier / Armando",16797-1247
inmoclick:16797-1248,inmoclick,16797,1248,https://inmoclick.com/16797-provivienda-inmobiliaria/inmuebles/1248/ficha/departamento-en-alquiler-en-cordoba-1-403,2026-09-09,,370000.0,ARS,9250.0,40.0,40.0,,2.0,2.0,Departamento,Alquiler,Muy Bueno,,Las Heras,Mendoza,Cordoba 1.403,-32.84783064991475,-68.85109874658812,Sin Cochera,,,,False,,False,,provivienda inmobiliaria,Inmobiliaria,False,False,,"Cordoba 1.403, entre Illañez y Alfredo Palacios, Pasaje comunero. Complejo chico. Departamento interno. Planta alta. por escalera. Cocina comedor. 2 dormitorios sin placares. Ante baño. Baño. NO MASCOTAS. SIN EXPENSAS. Contacto Armando / Javier",16797-1248
inmoclick:16797-1259,inmoclick,16797,1259,https://inmoclick.com/16797-provivienda-inmobiliaria/inmuebles/1259/ficha/departamento-en-alquiler-en-pedro-del-castillo-4563,2026-09-09,,300000.0,ARS,7500.0,40.0,40.0,,1.0,1.0,Departamento,Alquiler,Muy Bueno,,Guaymallen,Mendoza,Pedro del Castillo 4563,-32.9006916504327,-68.78085563668577,Sin Cochera,,,,False,,False,,provivienda inmobiliaria,Inmobiliaria,False,False,,"Pedro del Castillo 4.959, casi Jorge Newbery. Planta alta. por escalera, interno. muy bueno. Cocina comedor. 1 dormitorio con placard. 1 baño. Tendedero. SIN EXPENSAS . NO MASCOTAS. 1 o 2 personas mayores. Contacto Javier / Armando",16797-1259
inmoclick:16797-1263,inmoclick,16797,1263,https://inmoclick.com/16797-provivienda-inmobiliaria/inmuebles/1263/ficha/departamento-en-alquiler-en-av-godoy-cruz-648,2026-09-09,,270000.0,ARS,12272.727272727272,22.0,22.0,,1.0,1.0,Departamento,Alquiler,Muy Bueno,,Capital,Mendoza,Av Godoy Cruz 648,-32.8828087,-68.8460837,Sin Cochera,,,,,16000.0,False,,provivienda inmobiliaria,Inmobiliaria,False,True,,"Av Godoy Cruz 648, entre Peru y 25 de Mayo. Impecable monoambiente. Kichinnette.1 baño. NO MASCOTAS. Expensas $ 16.000.- Contacto Armando / javier",16797-1263
inmoclick:16797-1266,inmoclick,16797,1266,https://inmoclick.com/16797-provivienda-inmobiliaria/inmuebles/1266/ficha/departamento-en-alquiler-en-rodriguez-pena-500,2026-09-09,,430000.0,ARS,9555.555555555557,45.0,55.0,,2.0,1.0,Departamento,Alquiler,Bueno,,Guaymallen,Mendoza,Rodriguez Peña 500,-32.90946322873229,-68.79561283439332,Garage/Cochera,,,,False,,False,,provivienda inmobiliaria,Inmobiliaria,False,False,,"Rodriguez Peña casi Pedro Vargas, cerca Barrio CEC, complejo .planta baja. Cocina comedor. 2 dormitorios. 1 baño. Tendedero. Cochera cubierta. SIN EXPENSAS. no mas de 2 personas. En el valor del alquiler , se incluye Municipalidad y AySaM. Contacto Armando / Javier",16797-1266
inmoclick:16797-1268,inmoclick,16797,1268,https://inmoclick.com/16797-provivienda-inmobiliaria/inmuebles/1268/ficha/duplex-en-alquiler-en-dr-cesar-milstein-y-dr-leloir,2026-09-09,,580000.0,ARS,6105.263157894737,95.0,95.0,,3.0,1.0,Duplex,Alquiler,Excelente,,Capital,Mendoza,Dr Cesar Milstein y Dr Leloir,-32.87244868487346,-68.88142381697996,Sin Cochera,,,,False,,False,,provivienda inmobiliaria,Inmobiliaria,False,False,,Detras de Centro Comercial Lomas. Monoblock A-4. Duplex. Excelente. 1° Piso. Hall de ingreso. Living comedor con balcon. Cocina comedor. Baulero. 2° Piso. 3 dormitorios con placares. Un baño. SIN EXPENSAS. NO MASCOTAS. No mas de 4 cuatro personas. Contacto Armando 2./ Javier,16797-1268
inmoclick:16797-1283,inmoclick,16797,1283,https://inmoclick.com/16797-provivienda-inmobiliaria/inmuebles/1283/ficha/departamento-en-alquiler-en-julio-cortazar-y-alfonsina-storni,2026-09-09,,330000.0,ARS,8250.0,40.0,50.0,,2.0,1.0,Departamento,Alquiler,Bueno,,Las Heras,Mendoza,Julio Cortazar y Alfonsina Storni,-32.8574901993809,-68.86090686983643,Sin Cochera,,,,False,,False,,provivienda inmobiliaria,Inmobiliaria,False,False,,"Barrio Infanta. Cerca Boulgne Sur Mer. Sobre Alfonsina Storni, casi Cortazar. Planta alta. . Por escalera. Terraza de uso y acceso compartido. Cocina comedor. 2 dormitorios, (1 con placard) 1 baño. SIN EXPENSAS. NO MASCOTAS. NO MAS DE 2 PERSONAS MAYORES. Contacto Armando / Javier",16797-1283
inmoclick:16797-1284,inmoclick,16797,1284,https://inmoclick.com/16797-provivienda-inmobiliaria/inmuebles/1284/ficha/departamento-en-alquiler-en-juan-diaz-de-solis-766,2026-09-09,,600000.0,ARS,6666.666666666667,90.0,110.0,,2.0,2.0,Departamento,Alquiler,Excelente,,Guaymallen,Mendoza,Juan Diaz de Solis 766,-32.90673913108546,-68.80886318839114,Garage/Cochera,,,,,80000.0,False,,provivienda inmobiliaria,Inmobiliaria,False,False,,"Juan Diaz de Solis 766, entre Pedro Vargas y Lamadrid. Complejo. Excelente. 1° piso, por escalera. Living cocina comedor, desayunador, balcon. 2 dormitorios con placares, 2 baños ( 1 en suitte). Lavadero. Cochera cubierta. Complejo con Piscina. Expensas 80.000. NO MASCOTAS. Contacto Armando y/o Javier",16797-1284
inmoclick:16797-1293,inmoclick,16797,1293,https://inmoclick.com/16797-provivienda-inmobiliaria/inmuebles/1293/ficha/departamento-en-alquiler-en-talcahuano-150,2026-09-09,,490000.0,ARS,14000.0,35.0,50.0,,1.0,1.0,Departamento,Alquiler,Muy Bueno,,Guaymallen,Mendoza,Talcahuano 150,-32.90958884608994,-68.79091475211487,Garage/Cochera,,,,,25000.0,False,,provivienda inmobiliaria,Inmobiliaria,False,False,,Cerca Carrefour.Talcahuano 150 y Pedro Vargas. Complejo cerrado. Cocina comedor. 1 dormitorio con placard. 1 baño. Tendedero propio. Cochera cubierta. Expensas $25.000. Contacto Armando / Javier,16797-1293
inmoclick:16797-1294,inmoclick,16797,1294,https://inmoclick.com/16797-provivienda-inmobiliaria/inmuebles/1294/ficha/departamento-en-alquiler-en-america-esquina-chuquisaca,2026-09-09,,520000.0,ARS,9454.545454545454,55.0,70.0,,3.0,1.0,Departamento,Alquiler,Muy Bueno,,Godoy Cruz,Mendoza,America esquina Chuquisaca,-32.91231937481508,-68.87670726989745,Sin Cochera,,,,False,,False,,provivienda inmobiliaria,Inmobiliaria,False,False,,"Barrio CEC, frente VEA. America esquina Chuquisaca. Planta alta. Impecable. Living comedor. Balcon cerrado. Cocina. 3 dormitorios con placares. 1 baño. tendedero. Expensas $ 15.000 No Mascotas. No mas de 4 personas. Contacto Armando / Armando",16797-1294
inmoclick:16797-1295,inmoclick,16797,1295,https://inmoclick.com/16797-provivienda-inmobiliaria/inmuebles/1295/ficha/departamento-en-alquiler-en-jose-hernandez-1422,2026-09-09,,570000.0,ARS,11400.0,50.0,60.0,,2.0,2.0,Departamento,Alquiler,Muy Bueno,,Las Heras,Mendoza,Jose Hernandez 1422,-32.85066059966777,-68.84539228042604,Garage,,,,False,,False,,provivienda inmobiliaria,Inmobiliaria,False,False,,"Cerca Municipalidad y Plaza Burgos. Jose Hernandez 1.422, casi Rivadavia. Cerca Municipalidad y Plaza Burgos. Planta baja. Fronta. Living cocina comedor. 2 dormitorios con placares. 2 baños. Patio mediano. Garage. NO MASCOTAS. SIN EXPENSAS. No mas de 3 personas. Contacto Armando / Javier",16797-1295
inmoclick:16797-1298,inmoclick,16797,1298,https://inmoclick.com/16797-provivienda-inmobiliaria/inmuebles/1298/ficha/departamento-en-alquiler-en-belgrano-y-juan-manuel-fangio,2026-09-09,,600000.0,ARS,10000.0,60.0,80.0,,2.0,1.0,Departamento,Alquiler,Muy Bueno,,Maipu,Mendoza,Belgrano y Juan Manuel Fangio,-32.98129590111228,-68.8006774723999,Garage/Cochera,,,,,30000.0,False,,provivienda inmobiliaria,Inmobiliaria,False,False,,"Belgrano (entre Juan M Fangio y Presbitero Masi) Complejo. Excelente. Planta baja. Cochera cubierta. Living cocina comedor. 2 dormitorios con placares. Un baño. Patio piso ceramico, con leonera. EXPENSAS $ 30.000 NO MASCOTAS: Contacto Javier / Armando",16797-1298
inmoclick:16797-1300,inmoclick,16797,1300,https://inmoclick.com/16797-provivienda-inmobiliaria/inmuebles/1300/ficha/departamento-en-alquiler-en-chile-925,2026-09-09,,430000.0,ARS,9555.555555555557,45.0,50.0,,1.0,1.0,Departamento,Alquiler,Muy Bueno,,Capital,Mendoza,Chile 925,-32.89110103480272,-68.84612585272217,Sin Cochera,,,,,30000.0,False,,provivienda inmobiliaria,Inmobiliaria,False,False,,Chile 925 5° Piso. Entre Rivadavia y Montevideo. Cerca Plaza Independencia. Luminoso. Living cocina comedor balcon. 1 dormitorio con placard. Un baño. Expensas $ 30.000. NO MASCOTAS. Contacto Armando / Javier,16797-1300
inmoclick:16797-1304,inmoclick,16797,1304,https://inmoclick.com/16797-provivienda-inmobiliaria/inmuebles/1304/ficha/duplex-en-alquiler-en-urquiza-653,2026-09-09,,750000.0,ARS,6818.181818181818,110.0,120.0,,2.0,2.0,Duplex,Alquiler,Excelente,,Guaymallen,Mendoza,Urquiza 653,-32.9125973,-68.7858073,Garage/Cochera,,,,False,,False,,provivienda inmobiliaria,Inmobiliaria,False,False,,"Urquiza 651, cerca Colegio El Portezuelo, complejo, Duplex,. Planta baja. Cochera cubierta. living cocina comedor amplia, baño de visitas. Lavadero. Patio mediano,piso ceramico. Planta alta: 2 dormitorios, grandes, con placares. Balcon. Baño grande.- NO MASCOTAS NO ABONA EXPENSAS. Contacto Javier / Armando",16797-1304
inmoclick:16797-1307,inmoclick,16797,1307,https://inmoclick.com/16797-provivienda-inmobiliaria/inmuebles/1307/ficha/departamento-en-alquiler-en-los-retamos-1479,2026-09-09,,490000.0,ARS,9800.0,50.0,55.0,,2.0,1.0,Departamento,Alquiler,Muy Bueno,,Las Heras,Mendoza,Los Retamos 1479,-32.8624943,-68.8541359,Garage/Cochera,,,,False,,False,,provivienda inmobiliaria,Inmobiliaria,False,False,,"Barrio Reconquista, Pegado Cementista. Los Retamos 1471, entre Las Moreras y los Olivos. Complejo. 1° Piso por escalera. frontal. Impecable. Living cocina comedor. 2 dormitorios con placares. ante baño y baño. lavadero y tendedero. Cochera cubierta. NO MASCOTAS. SIN EXPENSAS. Contacto Javier / Armando",16797-1307
inmoclick:16797-1311,inmoclick,16797,1311,https://inmoclick.com/16797-provivienda-inmobiliaria/inmuebles/1311/ficha/departamento-en-alquiler-en-laprida-142,2026-09-09,,490000.0,ARS,12250.0,40.0,50.0,,1.0,1.0,Departamento,Alquiler,Excelente,,Capital,Mendoza,Laprida 142,-32.8986465,-68.8333353,Garage,,,,False,,False,,provivienda inmobiliaria,Inmobiliaria,False,False,,"Laprida 142, Entre Tiburcio Bnegas y Rodriguez, Excelente ubicacion. Cerca Metrotranvia y Parque Central. Cocina comedor. 1 domitorio con placard. 1 baño. Tendedero. Cochera cubierta. SIN EXPENSAS. NO MASCOTAS. Contacto Armando / Javier",16797-1311
inmoclick:16797-228,inmoclick,16797,228,https://inmoclick.com/16797-provivienda-inmobiliaria/inmuebles/228/ficha/departamento-en-alquiler-en-houssay-824,2026-09-09,,500000.0,ARS,9090.90909090909,55.0,60.0,,1.0,1.0,Departamento,Alquiler,Excelente,,Capital,Mendoza,Houssay 824,-32.8636367763206,-68.85675685396728,Garage/Cochera,,,,,50000.0,False,,provivienda inmobiliaria,Inmobiliaria,False,False,,"Houssay 824, casi Tabanera. Complejo. 1° piso por escalera. Excelente. Luminoso. Living cocina comedor. 1 dormitorio con placard. Un baño. Cochera cubierta. Expensas $ 50.000 (Incluye AySaM y Municipalidad) Mensual. NO MASCOTAS. Contacto Javier / Armando",16797-228
inmoclick:16797-528,inmoclick,16797,528,https://inmoclick.com/16797-provivienda-inmobiliaria/inmuebles/528/ficha/departamento-en-alquiler-en-av-espana-985,2026-09-09,,350000.0,ARS,10000.0,35.0,35.0,,1.0,1.0,Departamento,Alquiler,Muy Bueno,,Capital,Mendoza,Av España 985,-32.8918424,-68.8422351,Sin Cochera,,,,,35000.0,False,,provivienda inmobiliaria,Inmobiliaria,False,False,,"Av España 985., casi Rivadavia. 5° Piso, Impecable , amplio monoambiente dividido. Estar, 1 dormitorio con placard, cocina separada del Estar. Baño. NO MASCOTAS. EXPENSAS $ 35.000. Contacto Javier /Armando",16797-528
inmoclick:16797-687,inmoclick,16797,687,https://inmoclick.com/16797-provivienda-inmobiliaria/inmuebles/687/ficha/loft-en-alquiler-en-tito-francia-4195,2026-09-09,,380000.0,ARS,6909.090909090909,55.0,65.0,,,,Loft,Alquiler,Excelente,,Guaymallen,Mendoza,Tito Francia 4195,-32.9166987,-68.7931462,,,,,,40000.0,False,,provivienda inmobiliaria,Inmobiliaria,False,False,,"Villa Nueva, cerca Club de Campo. Tito Francia 4.195 casi Franklin Villanueva .Planta alta. Monoambiente amplio. Cocina separada del Living. Escritorio. un baño. EXPENSAS $ 40.000. SIN MASCOTA. Contacto Javier / Armando",16797-687
inmoclick:16797-784,inmoclick,16797,784,https://inmoclick.com/16797-provivienda-inmobiliaria/inmuebles/784/ficha/departamento-en-alquiler-en-catamarca-1241,2026-09-09,,400000.0,ARS,6153.846153846154,65.0,70.0,,2.0,1.0,Departamento,Alquiler,Bueno,,Las Heras,Mendoza,Catamarca 1241,,,Sin Cochera,,,,,30000.0,False,,provivienda inmobiliaria,Inmobiliaria,False,False,,"Catamarca 1.243. casi San Luis. Complejo. 1° piso por escalera. Living cocina comedor. 2 dormitorios con placares. Un baño. 1 o 2 personas mayores. NO MASCOTAS. Expensas $ 30.000 ( incluyen Municipalidad, AySam y luz espacios comunes). Contacto Javier / Armando",16797-784
inmoclick:16797-832,inmoclick,16797,832,https://inmoclick.com/16797-provivienda-inmobiliaria/inmuebles/832/ficha/departamento-en-alquiler-en-bodas-del-figaro-y-cochabamba,2026-09-09,,580000.0,ARS,9666.666666666666,60.0,70.0,,2.0,1.0,Departamento,Alquiler,Excelente,,Guaymallen,Mendoza,Bodas del Figaro y Cochabamba,-32.91546365876631,-68.79018972405758,Garage/Cochera,,,,,20000.0,False,,provivienda inmobiliaria,Inmobiliaria,False,False,,Villa Nueva. Urquiza y Cochabamba. Barrio Senderos de Cochabamba. Calle Bodas del Figaro ( Manzana B. Lote 51) Se ingresa por Gutierrez o Cochabamba. Complejo. Planta alta. Excelente. Cochera cubierta. Living cocina comedor. 2 dormitorios con placares. Un baño. Tendedero. NO MASCOTAS. EXPENSAS $ 20.000 Co. Contacto Javier / Armando,16797-832
inmoclick:16797-835,inmoclick,16797,835,https://inmoclick.com/16797-provivienda-inmobiliaria/inmuebles/835/ficha/departamento-en-alquiler-en-av-espana-2350,2026-09-09,,500000.0,ARS,5555.555555555556,90.0,110.0,,3.0,1.0,Departamento,Alquiler,Muy Bueno,,Capital,Mendoza,Av España 2350,-32.87660979706484,-68.83839438447325,Sin Cochera,,,,,50000.0,False,,provivienda inmobiliaria,Inmobiliaria,False,False,,"Av España 2248, entre Pellegrini y Cubas. Pegado Nave Cultural Monoblock A Planta baja. Living comedor. Cocina mediana. 3 dormitorios con placares. Un baño. NO MASCOTAS. EXPENSAS $ 50.000. Contacto Javier / Armando",16797-835
inmoclick:16797-915,inmoclick,16797,915,https://inmoclick.com/16797-provivienda-inmobiliaria/inmuebles/915/ficha/departamento-en-alquiler-en-moldes-256,2026-09-09,,450000.0,ARS,8181.818181818182,55.0,65.0,5.0,2.0,1.0,Departamento,Alquiler,Muy Bueno,,Capital,Mendoza,Moldes 256,,,Sin Cochera,,,,False,,False,,provivienda inmobiliaria,Inmobiliaria,False,False,,"Moldes 256, entre Olascoaga y Tiburcio Benegas, interno, planta baja. living cocina comedor, dos dormitorios con placares, un baño, patio chico. Solo adultos. No mascotas. SIN EXPENSAS Contacto Javier / Armando",16797-915
inmoclick:16928-193,inmoclick,16928,193,https://inmoclick.com/16928-nigito-gestiones-inmobiliarias/inmuebles/193/ficha/departamento-en-alquiler-en-italia-1-148,2026-09-09,,400000.0,ARS,7272.727272727273,55.0,70.0,3.0,1.0,1.0,Departamento,Alquiler,Bueno,26.0,Godoy Cruz,Mendoza,ITALIA 1.148,-32.93801323842936,-68.85566781052916,Garage,1.0,False,False,False,,False,,nigito gestiones inmobiliarias,Inmobiliaria,False,False,,"NIGITO GESTIONES INMOBILIARIAS ALQUILA: DEPARTAMENTO SOBRE CALLE ITALIA METROS DE TIBURCIO BENEGAS DE GODOY CRUZ, PLANTA BAJA INTERNO, COMPUESTO DE: COCINA COMEDOR, UNA HABITACIÓN CON PLACARD, BAÑO, PATIO DE USO EXCLUSIVO Y GARAJE. NO ACEPTAN MASCOTAS. SIN EXPENSAS. VALOR CANON MENSUAL $400.000. POR CUALQUIER CONSULTA A SU DISPOSICIÓN. 

El valor, características, distancias y medidas indicadas, son de referencia, sujeto a modificaciones sin previo aviso.-
Los datos consignados en esta web, pueden contener errores y no son contractuales; verifique los mismos previamente con nuestro asesor.-",16928-193
inmoclick:17-19841,inmoclick,17,19841,https://inmoclick.com/17-cocucci-sa/inmuebles/19841/ficha/departamento-en-alquiler-en-honorio-barraquero-237-piso-1-depto-7-godoy-cruz,2026-09-09,,480000.0,ARS,,,,2.0,1.0,1.0,Departamento,Alquiler,Muy Bueno,10.0,Godoy Cruz,Mendoza,Honorio Barraquero 237 piso 1 depto 7.Godoy Cruz,-32.9058472,-68.8408988,,,,,,,,,cocucci sa,Inmobiliaria,False,False,,"COCUCCI INMOBILIARIA OFRECE: Departamento totalmente amoblado en complejo cerrado a 300 metros de calle San Martin Sur y a 200mts de calle costanera. 

Ideal para persona sola, pareja o estudiante.

Se ofrece en alquiler hermoso departamento totalmente amoblado en primer piso por escalera, listo para ingresar. Se entrega tal como se ve en las imágenes, equipado con todo lo necesario para una estadía cómoda y práctica.
En todas las aberturas cuenta con rejas para mayor seguridad.

Ubicado dentro de un complejo cerrado, que brinda mayor tranquilidad y seguridad.

*No cuenta con cochera

La unidad esta compuesta por:

*Living-comedor completamente equipado
*Cocina con mobiliario y electrodomésticos
*1 dormitorio con placard.
* Baño completo.
*Balcón privado con lavandería

Condiciones:- Expensas Variables : $47.250
- No se aceptan mascotas
-Contrato por dos años
- Aumentos cuatrimestrales según ICL
- Depósito en USD 500 ( Posibilidad de abonarlo hasta en 3 cuotas)
-Contratación de seguro contra robo e incendios

Vías de Comunicación:
Tel opción 2 (alquileres) Luego opción 3 (área comercial)
WhatsApp",17-19841
inmoclick:17-19843,inmoclick,17,19843,https://inmoclick.com/17-cocucci-sa/inmuebles/19843/ficha/departamento-en-alquiler-en-san-martin-sur-487-pb-2-godoy-cruz,2026-09-09,,660000.0,ARS,,,,5.0,3.0,1.0,Departamento,Alquiler,Bueno,30.0,Godoy Cruz,Mendoza,San Martin Sur 487  PB - 2 - Godoy Cruz,-32.9286264,-68.849879,,,,,,,,,cocucci sa,Inmobiliaria,False,False,,"COCUCCI INMOBILIARIA OFRECE: Departamento ubicado en complejo cerrado, en planta baja, compuesto por; Amplio living - comedor, cocina - lavadero, un baño completo, 3 dormitorios con placard (uno de ellos pequeño, para cama de una plaza). Sin cochera.

Detalle: Posee artefacto de cocina, alacena y bajo mesada, termotanque, aire acondicionado (frio/calor), se entrega recién pintado.

Condiciones:

*Expensas:$101.610
*Contrato por 2 años
*Aumentos cuatrimestrales por ICL
*Depósito en garantía en dólares. (USD 700) Posibilidad de abonarlo hasta en 3 cuotas sin interés.
*No se aceptan Mascotas

Vías de comunicación:
Tel: Opción 2 (alquileres), luego Opción 3 (área comercial)
Whatsapp",17-19843
inmoclick:17-19844,inmoclick,17,19844,https://inmoclick.com/17-cocucci-sa/inmuebles/19844/ficha/departamento-en-alquiler-en-videla-correa-al-700,2026-09-09,,800000.0,ARS,11428.57142857143,70.0,,3.0,2.0,3.0,Departamento,Alquiler,Excelente,10.0,Capital,Mendoza,Videla Correa al 700,-32.870228,-68.8443495,,2.0,,,,40000.0,,,cocucci sa,Inmobiliaria,False,False,,"COCUCCI INMOBILIARIA OFRECE: Dúplex en complejo cerrado en sexta sección en calle Videla Correa a metros de estación Lugones y supermecado COTO.
Duplex N° 7 Compuesto por:
PLANTA BAJA
-Living Comedor integrado.
-Cocina con amoblamiento y bajo mesada completo.
-Baño toilette.
-Espacio de guardado en bajo escalera.
-Patio tender
PLANTA ALTA:
-Lavandería
-Baño completo con ducha
-Dos dormitorios con placar, el principal con aire acondicionado.
Cuenta con cochera para un vehículo, portón automatizado.
Detalles Constructivos: Pisos porcelanatos, rejas en todas las aberturas, calefacción central por radiadores, caldera dual, cuenta con artefacto de cocina y aire acondicionado en habitacion principal. 
CONDICIONES:
*No se aceptan mascotas
*Contrato por dos años

*Aumento cuatrimestral por ICL.

*Depósito en garantía en dólares. (USD800) Posibilidad de abonarlo hasta en 3 cuotas sin interés.
*Contratación de seguro contra robo e incendios.

LA PROPIEDAD TAMBIÉN SE ENCUENTRA A LA VENTA

Vías de comunicación:Tel: Opción 2 (alquileres), luego Opción 3 (área comercial)
Whatsapp",17-19844
inmoclick:17-19850,inmoclick,17,19850,https://inmoclick.com/17-cocucci-sa/inmuebles/19850/ficha/departamento-en-alquiler-en-saavedra-845-depto-3-guaymallen,2026-09-09,,550000.0,ARS,,,,3.0,2.0,1.0,Departamento,Alquiler,---,8.0,Guaymallen,Mendoza,"Saavedra 845,depto 3. Guaymallén",-32.892332,-68.8215285,,,,,,,,,cocucci sa,Inmobiliaria,False,False,,"ofrece en alquiler cómodo dúplex ubicado en San José, una excelente opción para quienes buscan practicidad, confort y espacios bien distribuidos.La propiedad se desarrolla en dos plantas. En planta baja cuenta con un amplio y luminoso sector de cocina comedor, baño tipo toilette y patio tendedero, ideal para el uso diario.
En planta alta dispone de dos habitaciones con placard y un baño completo, brindando comodidad 
Además, el dúplex puede alquilarse amoblado o sin amoblar, adaptándose a las necesidades de cada inquilino.
Cuenta con dos camas (una de una plaza y una de dos plazas y media), escritorio para PC, heladera, mesa con seis sillas y lavarropa.
Cuenta con cochera para un vehículo
Una propuesta cálida y funcional, ubicada en una zona tranquila y de fácil acceso.

Condiciones:
*Contrato por dos años
*Aumentos Cuatrimestrales por indice ICL
*Depósito en garantía en dólares. (USD 600) Posibilidad de abonarlo hasta en 3 cuotas sin interés.
*NO SE ACEPTAN MASCOTA.

Valor amoblada $ 600.000
Valor sin Amoblar $ 560.000",17-19850
inmoclick:17-19851,inmoclick,17,19851,https://inmoclick.com/17-cocucci-sa/inmuebles/19851/ficha/departamento-en-alquiler-en-juan-manuel-estrada-716-piso-1-depto11-guaymallen,2026-09-09,,520000.0,ARS,,,,4.0,2.0,1.0,Departamento,Alquiler,Excelente,15.0,Guaymallen,Mendoza,"Juan Manuel Estrada 716,piso 1,Depto11. Guaymallén",-32.9068734,-68.8069505,,1.0,,,,40000.0,,,cocucci sa,Inmobiliaria,False,False,,"COCUCCI INMOBILIARIA OFRECE: Cómodo departamento ubicado en complejo cerrado, en planta alta por escaleras y con disposición frontal. La propiedad cuenta con dos habitaciones con placares empotrados, una de ellas equipada con aire acondicionado. Posee un amplio living-comedor con calefacción y aire acondicionado frío/calor, ideal para brindar confort durante todo el año.

La cocina es independiente y dispone de lavandería integrada, artefacto de cocina, mesada, bajo mesada y repisas para almacenamiento. Además, el departamento cuenta con un baño completo con bañadera, sin el mueble que se observa en la fotografía.

La propiedad se completa con balcón con leonera y cochera techada para un vehículo. El complejo cuenta con cámaras de seguridad y portón eléctrico para el acceso a las cocheras, brindando mayor comodidad y seguridad.

*LA PROPIEDAD SE ENTREGA PINTADA*

*Condiciones:

-Contrato por dos años
- Aumentos cuatrimestrales según ICL
- Depósito en Dólares USD550 ( Posibilidad de abonarlo hasta en 3 cuotas)
-Contratación de seguro contra robo e incendios
-Se aceptan mascotas

Vías de Comunicación:
Tel opción 2 (alquileres) Luego opción 3 (área comercial)
WhatsApp",17-19851
inmoclick:17-19859,inmoclick,17,19859,https://inmoclick.com/17-cocucci-sa/inmuebles/19859/ficha/departamento-en-alquiler-en-olascoaga-1615-piso-1-dpto-1-quinta-seccion,2026-09-09,,420000.0,ARS,6000.0,70.0,65.0,3.0,2.0,1.0,Departamento,Alquiler,Bueno,20.0,Capital,Mendoza,Olascoaga 1615  piso 1 dpto 1 Quinta Sección.,-32.8824231,-68.8522016,,,,,,70000.0,,,cocucci sa,Inmobiliaria,False,False,,"COCUCCI INMOBILIARIA OFRECE: Departamento ubicado en primer piso por escalera (el edificio no cuenta con ascensor).

Al ingreso encontramos un living-comedor con calefactor y ventilador de techo. La cocina  posee lavandería integrada, amoblamiento de mesada de mármol, artefacto de cocina y bacha simple.

Cuenta con 2 habitaciones con placares empotrados; una de ellas equipada con calefactor eléctrico y ventilador de techo.

Baño completo.

La propiedad dispone además de terraza con jaula privada para tender ropa.

No cuenta con cochera.

Condiciones:

 *Aumentos cuatrimestrales por ICL
*Contrato por 2 años
*Depósito en USD- 500- Posibilidad de abonarlo en 3 cuotas.
*Contratación de seguro contra robo e incendios.
*NO MASCOTAS(SIN EXEPCION)

Vías de comunicación:
Tel: Opción 2 (alquileres), luego Opción 3 (área comercial)
WhatsApp",17-19859
inmoclick:17-19865,inmoclick,17,19865,https://inmoclick.com/17-cocucci-sa/inmuebles/19865/ficha/departamento-en-alquiler-en-guinazu-536-piso-1-dto-3-lujan-de-cuyo,2026-09-09,,550000.0,ARS,,,,3.0,2.0,1.0,Departamento,Alquiler,---,,Lujan de Cuyo,Mendoza,Guiñazu 536 - Piso 1 Dto 3 - Lujan de Cuyo,-33.0350155,-68.8829945,,,,,,50000.0,,,cocucci sa,Inmobiliaria,False,False,,"COCUCCI INMOBILIARIA OFRECE: Departamento en alquiler – Primer piso

Simple Alquiler ofrece cómodo departamento en ubicado dentro de un complejo cerrado que brinda mayor seguridad y tranquilidad.

La propiedad cuenta con:

Living-comedor amplio y funcional
Cocina completa con amoblamiento bajo mesada y alacena
Lavandería independiente
Dos habitaciones con placares empotrados
Baño completo
Cochera para un vehículo

*Contrato por 2 años.
*Aumentos Cuatrimestrales por índice ICL.
*Depósito en garantía en dólares . Posibilidad de abonarlo hasta en 3 cuotas sin interés.

Vías de comunicación:
Tel: Opción 2 (alquileres), luego Opción 3 (área comercial)
Whatsapp",17-19865
inmoclick:17-19874,inmoclick,17,19874,https://inmoclick.com/17-cocucci-sa/inmuebles/19874/ficha/departamento-en-alquiler-en-julio-a-roca-484-piso-1-dpto-1,2026-09-09,,1150000.0,ARS,,,,4.0,3.0,2.0,Departamento,Alquiler,Excelente,15.0,Capital,Mendoza,Julio A. Roca 484 Piso 1 Dpto. 1,-32.8888175,-68.8570389,,,,,,160000.0,,,cocucci sa,Inmobiliaria,False,False,,"COCUCCI INMOBILIARIA OFRECE: Amplio departamento ubicado en Quinta Sección.

La propiedad cuenta con cocina equipada con lavadero integrado, luminoso living comedor y tres habitaciones con placard. Posee dos baños completos, uno de ellos en suite.

Además, dispone de calefacción central por losa radiante, ascensor, sistema de alarma y aire acondicionado, brindando comodidad y seguridad en todos sus ambientes.

LA PROPIEDAD NO ES AMOBLADA

Condiciones:

- Expensas $ 160.000
-Contrato por dos años
- Aumentos cuatrimestrales según ICL
- Depósito en USD1250( Posibilidad de abonarlo hasta en 3 cuotas)
-Contratación de seguro contra robo e incendios
-Se acepta 1 mascota pequeña

Vías de Comunicación:
Tel opción 2 (alquileres) Luego opción 3 (área comercial)
WhatsApp",17-19874
inmoclick:17-19876,inmoclick,17,19876,https://inmoclick.com/17-cocucci-sa/inmuebles/19876/ficha/departamento-en-alquiler-en-emilio-civit-521-piso-1-depto-b-ciudad,2026-09-09,,1000000.0,ARS,,,,3.0,2.0,1.0,Departamento,Alquiler,Muy Bueno,15.0,Capital,Mendoza,"Emilio Civit 521,piso 1,depto B .Ciudad",-32.8870773,-68.8576295,,,,,,,,,cocucci sa,Inmobiliaria,False,False,,"COCUCCI INMOBILIARIA OFRECE: HERMOSO DEPARTAMENTO EN LA QUINTA SECCIÓN

Excelente departamento ubicado sobre Avenida Emilio Civit, en el corazón de la Quinta Sección, una de las zonas más exclusivas y buscadas de la ciudad.
La propiedad se encuentra en primer piso, con orientación lateral este, y se destaca por su excelente luminosidad y calidad constructiva.

Características del inmueble:

-Amplio y luminoso living-comedor de aproximadamente 4,5 x 4,5 m, con vista al este.
-Cocina independiente con lavadero incorporado, equipada con abundante amoblamiento en alacenas y bajo mesada.
-Dos habitaciones con placares:
-Habitación principal de 3 x 4,5 m.
-Segunda habitación de 3 x 2,5 m.
-Baño completo.
-Cochera y baulera en subsuelo (N.º 8).
-Características del edificio:
-Encargado en horario de mañana y tarde.
-Acceso con tarjeta magnética.
--Salón de Usos Múltiples (SUM).
Piscina.
-Gimnasio.
-Terrazas con excelentes vistas.

Detalles constructivos:

-Techos de losa.
-Pisos de porcelanato.
-Carpinterías de aluminio.
-Amoblamientos de melamina blanca marca Johnson.
-Calefacción central por radiadores.
-Excelente iluminación natural.

Condiciones:

*Expensas: $150.000
*NO MASCOTAS
*Contrato por 2 años
*Aumentos cuatrimestrales por ICL
*Depósito en USD - (Posibilidad de abonarlo en 3 cuotas.)
*Contratación de seguro contra robo e incendios.

Vías de comunicación:
Tel: Opción 2 (alquileres), luego Opción 3 (área comercial)
WhatsApp",17-19876
inmoclick:17-19879,inmoclick,17,19879,https://inmoclick.com/17-cocucci-sa/inmuebles/19879/ficha/departamento-en-alquiler-en-letry-1397-depto-5-pa-lujan-de-cuyo,2026-09-09,,550000.0,ARS,,,,4.0,2.0,1.0,Departamento,Alquiler,Bueno,10.0,Lujan de Cuyo,Mendoza,"Letry 1397,depto 5,PA.Lujan de Cuyo",-33.02889441,-68.8863374712,,,,,,57000.0,,,cocucci sa,Inmobiliaria,False,False,,"COCUCCI INMOBILIARIA OFRECE: Departamento en planta alta, ubicado en una excelente zona de Luján de Cuyo.
La propiedad cuenta con un luminoso espacio de cocina-comedor. Dispone de dos habitaciones, ambas con placares empotrados, que brindan buen espacio de guardado, y un baño completo en excelente estado.

CONDICIONES:
*Expensas:$57.000 aprox
*Contrato por dos años.
*Aumentos cuatrimestrales según ICL.
*Depósito en garantía en dólares. (USD) Posibilidad de abonarlo hasta en 3 cuotas sin interés.
*Contratación de seguro contra robo e incendios.
*NO SE ACEPTAN MASCOTAS
*TIENE COCHERA

Requisitos y ficha de solicitud en el siguiente link (copiar y pegar en navegador): 
Vías de comunicación:
Tel: Opción 2 (alquileres), luego Opción 3 (área comercial)
Whatsapp",17-19879
inmoclick:17-19889,inmoclick,17,19889,https://inmoclick.com/17-cocucci-sa/inmuebles/19889/ficha/departamento-en-alquiler-en-montevideo-507-piso-2-depto-c-ciudad,2026-09-09,,370000.0,ARS,,,,,1.0,1.0,Departamento,Alquiler,---,15.0,Capital,Mendoza,"Montevideo 507,Piso 2 Depto. C. Ciudad",-32.8748548,-68.8157761,,,,,,36000.0,,,cocucci sa,Inmobiliaria,False,False,,"COCUCCI INMOBILIARIA OFRECE: Departamento en 2° piso por ascensor o escalera, compuesto por un dormitorio con placard, baño completo, living-comedor y cocina-lavadero.
Detalle: Cocina con amoblamiento de alacena y bajo mesada, posee artefacto de cocina, termotanque, calefactor, pisos de granito y carpintería metálica.

*Expensas: $63.733
*NO SE ADMITEN MASCOTAS.
*Contrato por dos años.
*Aumentos cuatrimestrales según ICL.
*Depósito en garantía en dólares (USD400)
*Contratación de seguro contra robo e incendios.

Ubicación: se encuentra casi esquina con calle Chile.

Vías de comunicación:
Tel: Opción 2 (alquileres), luego Opción 3 (área comercial)
Whatsapp .",17-19889
inmoclick:17-19890,inmoclick,17,19890,https://inmoclick.com/17-cocucci-sa/inmuebles/19890/ficha/departamento-en-alquiler-en-belgrano-916-godoy-cruz,2026-09-09,,600000.0,ARS,,,,3.0,2.0,1.0,Departamento,Alquiler,---,5.0,Godoy Cruz,Mendoza,Belgrano 916 - Godoy Cruz,-32.91463,-68.8426839,,1.0,,,,36900.0,,,cocucci sa,Inmobiliaria,False,False,,"COCUCCI INMOBILIARIA OFRECE: Departamento ubicado en complejo cerrado en Planta Baja.

El mismo esta conformado por 2 habitaciones luminosas con placard, 1 baño completo, cocina, pequeño patio embaldosado y cochera techada para 1 vehículo. 

Detalles: Se entrega con amoblamiento de alacena y bajo mesada, artefacto de cocina, termotanque. 

* NO SE ADMITEN MASCOTAS.
* Expensas A confirmar ( incluye limpìeza y luz de espacios comunes)
* Contrato por dos años. .
* Aumento cuatrimestrales según ICL. .

* Depósito en dólares.

* Contratación de seguro contra robo e incendios.

Vías de comunicación:

Tel: Opción 2 (alquileres), luego Opción 3 (área comercial)

WhatsApp",17-19890
inmoclick:17-19894,inmoclick,17,19894,https://inmoclick.com/17-cocucci-sa/inmuebles/19894/ficha/departamento-en-alquiler-en-rivadavia-280-dto-2-p-b-godoy-cruz,2026-09-09,,380000.0,ARS,,,,1.0,,1.0,Departamento,Alquiler,Bueno,12.0,Godoy Cruz,Mendoza,Rivadavia 280 dto 2 P.B- Godoy Cruz,-32.9253238,-68.8412401,,,,,,,,,cocucci sa,Inmobiliaria,False,False,,"OFRECE: Monoambiente en complejo cerrado con una superficie cubierta de 42m2 aproximadamente.
 La propiedad se puede utilizar con fines comerciales (Oficinas o consultorios) ya que su punto es ideal! Rápidos accesos a medios me transportes, bancos , colegios, etc. 

El mismo esta compuesto por living-comedor, kitchinett integrado y baño completo. Estacionamiento en el frente con jardín dentro del edificio. Cuenta con todos los servicios.

Detalle: Kitchenet con amoblamiento de alacena y bajo mesada, posee anafe, termotanque, pisos cerámicos y carpintería metálica.

Uso comercial y vivienda

* No se pagan expensas. 

* Impuestos: AGUA y MUNICIPALIDAD (compartido - %), LUZ individual. 

* NO SE ADMITEN MASCOTAS.

* Contrato por dos años. .

* Aumento trimestrales según ICL. .

* Depósito en dólares.

* Contratación de seguro contra robo e incendios.

Vías de comunicación:

Tel: Opción 2 (alquileres), luego Opción 3 (área comercial)

WhatsApp",17-19894
inmoclick:17-19907,inmoclick,17,19907,https://inmoclick.com/17-cocucci-sa/inmuebles/19907/ficha/departamento-en-alquiler-en-colon-529-pb-depto-2-godoy-cruz,2026-09-09,,550000.0,ARS,,,,3.0,2.0,1.0,Departamento,Alquiler,Bueno,,Godoy Cruz,Mendoza,"Colon 529,PB,Depto 2.Godoy Cruz",-32.9306788,-68.8470283,,,,,,,,,cocucci sa,Inmobiliaria,False,False,,"COCUCCI INMOBILIARIA OFRECE: Departamento, en complejo cerrado, Compuesto de 2 dormitorios con placares, living-comedor, cocina-lavadero, patio de luz-tendedero, baño completo con bañera y cochera cerrada.

Detalle: Cocina con amoblamiento de alacena y bajo mesada, NO posee artefacto de cocina, equipo dual para agua caliente y calefacción central.

Condiciones:

*Expensas $56.000
*Contrato por 2 años
*Aumentos cuatrimestrales por ICL
*Depósito en garantía en dólares. (USD) Posibilidad de abonarlo hasta en 3 cuotas sin interés.
*NO SE ACEPTAN MASCOTAS

Vías de comunicación:
Tel: Opción 2 (alquileres), luego Opción 3 (área comercial)
Whatsapp 

Ubicación: Se encuentra entre Decurgez y Leguizamón.",17-19907
inmoclick:17-19912,inmoclick,17,19912,https://inmoclick.com/17-cocucci-sa/inmuebles/19912/ficha/departamento-en-alquiler-en-olascoaga-1046-piso-1-depto-b-ciudad,2026-09-09,,1250.0,USD,3.90625,320.0,,6.0,4.0,4.0,Departamento,Alquiler,Excelente,20.0,Capital,Mendoza,"Olascoaga 1046, Piso 1-Depto B.Ciudad",-32.8885288,-68.8542465,,,,,,,,,cocucci sa,Inmobiliaria,False,False,,"COCUCCI INMOBILIARIA OFRECE – GRAN PISO EN LA 5TA SECCIÓN.

En una de las esquinas más codiciadas de la Ciudad de Mendoza, Olascoaga y Emilio Civit, se encuentra este imponente piso que combina categoría, amplitud y una ubicación inmejorable. Rodeado de los principales corredores urbanos como Av. Belgrano, Emilio Civit y Arístides Villanueva, y a pasos del Parque General San Martín, este inmueble ofrece una experiencia de vivienda única.
Ubicado en primer piso con orientación este, el departamento cuenta con 220 m² cubiertos propios y 320 m² totales, destacándose por su excelente distribución y luminosidad natural.
El ingreso es directamente por ascensor al interior del departamento, lo que brinda privacidad y exclusividad. Al acceder, se despliega un generoso sector social compuesto por estar comedor, living principal, estar secundario y cocina comedor, todos ambientes amplios y funcionales, ideales tanto para la vida diaria como para recibir invitados.
El sector de servicios se encuentra perfectamente definido e incluye depósito, baño, lavanderia y un estudio o quinto dormitorio, además de un baño de visitas, aportando versatilidad y comodidad.
El sector íntimo se desarrolla a través de una amplia distribución que conduce a cuatro dormitorios con placares, uno de ellos con vestidor y baño en suite, más un baño completo adicional que asiste al resto de los dormitorios.
El departamento se completa con dos balcones frontales y dos al contrafrente, que aseguran ventilación cruzada y conexión con el exterior desde distintos ambientes.

Como valor agregado, la propiedad incluye:

-2 cocheras en subsuelo con ingreso por portón automatizado
-2 bauleras
-Ascensor de servicio exclusivo
-Ascensor Propietarios
Salida de emergencia por escalera privada

En cuanto a sus detalles constructivos, se destacan los pisos de madera, aberturas de aluminio, calefacción por radiadores, cinco equipos de aire acondicionado y persianas de madera, reflejo de una construcción sólida y de calidad.

Un piso pensado para quienes buscan espacio, confort y una ubicación privilegiada, en el corazón de la Quinta Sección.

* Contrato por dos años.* Aumento del 10% Anual
* Depósito en garantía en dólares.(USD2.000) Posibilidad de abonarlo hasta en 3 cuotas sin interés.
* Contratar seguro contra robo e incendio.
* Expensas $ 596.000

Requisitos y ficha de solicitud en el siguiente link (copiar y pegar en navegador):


Vías de comunicación:
Tel: Opción 2 (alquileres), luego Opción 3 (área comercial)
WhatsApp",17-19912
inmoclick:17-19915,inmoclick,17,19915,https://inmoclick.com/17-cocucci-sa/inmuebles/19915/ficha/departamento-en-alquiler-en-letry-1397-pa-depto-7-lujan-de-cuyo,2026-09-09,,550000.0,ARS,,,,,2.0,1.0,Departamento,Alquiler,Muy Bueno,10.0,Lujan de Cuyo,Mendoza,"Letry 1397,PA,Depto 7.Lujan de Cuyo",-32.961334,-68.847542,,,,,,57000.0,,,cocucci sa,Inmobiliaria,False,False,,"COCUCCI INMOBILIARIA OFRECE: Departamento en planta alta, ubicado en una excelente zona de Luján de Cuyo, ideal para quienes buscan tranquilidad y funcionalidad.
La propiedad cuenta con un luminoso espacio de cocina-comedor, diseñado para un uso práctico y confortable. Dispone de dos habitaciones, ambas con placares empotrados, que brindan buen espacio de guardado, y un baño completo en excelente estado.
Además, el departamento incluye cochera techada, aportando mayor comodidad y seguridad.

CONDICIONES:
*Expensas:$57.000 aprox
*Contrato por dos años.*Aumentos cuatrimestrales según ICL.
*Depósito en garantía en dólares. (USD600) Posibilidad de abonarlo hasta en 3 cuotas sin interés.
*Contratación de seguro contra robo e incendios.

*NO SE ACEPTAN MASCOTAS

Requisitos y ficha de solicitud en el siguiente link (copiar y pegar en navegador): 

Vías de comunicación:
Tel: Opción 2 (alquileres), luego Opción 3 (área comercial)
Whatsapp",17-19915
inmoclick:17-19920,inmoclick,17,19920,https://inmoclick.com/17-cocucci-sa/inmuebles/19920/ficha/departamento-en-alquiler-en-vieytes-70-planta-baja-departamento-3-godoy-cruz,2026-09-09,,600000.0,ARS,,,,4.0,2.0,1.0,Departamento,Alquiler,---,,Godoy Cruz,Mendoza,"Vieytes 70, Planta Baja, departamento 3. Godoy cruz",-32.9153046,-68.84683,,1.0,,,,,,,cocucci sa,Inmobiliaria,False,False,,"COCUCCI INMOBILIARIA OFRECE: Departamento en planta baja ubicado dentro de complejo cerrado, ideal para quienes buscan comodidad, seguridad y fácil acceso.

La propiedad cuenta con un luminoso living–comedor con pisos cerámicos, generando un ambiente funcional y confortable para el día a día.

Dispone de cocina integrada con desayunador, equipada con amoblamiento bajo mesada, artefacto de cocina instalado y termotanque.

El departamento posee dos dormitorios con placares, ambos con buena ventilación e iluminación natural.

Cuenta además con baño completo y lavadero independiente.

En el exterior se encuentra un patio tendedero con cerramiento, que brinda mayor seguridad y practicidad, junto con cochera para un vehículo.

La propiedad presenta carpintería de madera y rejas en todas las aberturas.

Ubicado entre Av. San Martín y Roque Sáenz Peña, en una zona de fácil acceso.

-LA PROPIEDAD SE ENTREGA PINTADA Y CON LOS ARREGLOS DE HUMADAD TERMINADOS*

Condiciones:

*Expensas: $5.000
*Contrato por 2 años
*Aumentos cuatrimestrales por ICL
*Depósito en USD 600- (Posibilidad de abonarlo en 3 cuotas.)
*Contratación de seguro contra robo e incendios.

Vías de comunicación:
Tel: Opción 2 (alquileres), luego Opción 3 (área comercial)
WhatsApp",17-19920
inmoclick:17-19921,inmoclick,17,19921,https://inmoclick.com/17-cocucci-sa/inmuebles/19921/ficha/departamento-en-alquiler-en-sargento-cabral-847-piso-7-dto-5,2026-09-09,,550000.0,ARS,9166.666666666666,60.0,,4.0,2.0,1.0,Departamento,Alquiler,---,,Godoy Cruz,Mendoza,Sargento Cabral 847 Piso 7 Dto 5 -,-32.9352069726,-68.8452224,,,,,,90000.0,,,cocucci sa,Inmobiliaria,False,False,,"COCUCCI INMOBILIARIA ALQUILA: DEPARTAMENTO muy bien ubicado con seguridad nocturna en torres del Torre del Mirador Sur, sobre Sargento Cabral a cuadra de Sarmiento.

Superficie cubierta propia 60 m2.
La unidad ubica en el Piso 7 por ascensor vista norte.
Consta de living comedor, con salida a Balcón, cocina separada con amoblamiento de alacena y bajo mesada, lavadero, dos habitaciones con placares,

. Detalles: Aire acondicionado, Estufa, artefacto de cocina.

CONDICIONES:

*Expensas:$90.000
* Contratar seguro contra robo e incendio
* No se aceptan Mascotas
* Contrato por dos años
* Aumento trimestral según ICL
*NO POSEE COCHERA
*Vigilancia Nocturna

Vías de Comunicación:
Tel opción 2 (alquileres) Luego opción 3 (área comercial)
WhatsApp",17-19921
inmoclick:17-19922,inmoclick,17,19922,https://inmoclick.com/17-cocucci-sa/inmuebles/19922/ficha/departamento-en-alquiler-en-av-san-martin-1136-piso-3-dpto-141-pasaje-san-martin-ciudad,2026-09-09,,550000.0,ARS,10000.0,55.0,,,2.0,1.0,Departamento,Alquiler,---,,Capital,Mendoza,Av.San Martin 1136 Piso 3 - Dpto 141 (Pasaje San Martin) - Ciudad,-32.8904226809,-68.8394012984,,,,,,38000.0,,,cocucci sa,Inmobiliaria,False,False,,"COCUCCI INMOBILIARIA ALQUILA DEPARTAMENTO, ubicado en Pasaje San Martin, en tercer piso por escalera u ascensor. Compuesto por living - comedor, cocina - lavandería, 1 baño completo, 2 dormitorios con placares, terraza común.

Detalle: Posee artefacto de cocina, alacena y bajo mesada, termotanque, 1 aire acondicionado.

* Expensas: $38.000
* Contratar seguro contra robos e incendios.
*Contrato por dos años
*Aumento cuatrimestral según ICL
*Depósito en dólares USD550(se puede abonar en 3 cuotas sin interes)

Se encuentra ubicado a metros de peatonal Sarmiento, entre calle Gral Espejo y Rivadavia.

Vías de comunicación:Tel: Opción 2 (alquileres), luego Opción 3 (área comercial)
WhatsApp",17-19922
inmoclick:17-19926,inmoclick,17,19926,https://inmoclick.com/17-cocucci-sa/inmuebles/19926/ficha/departamento-en-alquiler-en-bernardo-ortiz-533-pb-dept-2-godoy-cruz,2026-09-09,,500000.0,ARS,,,,3.0,1.0,1.0,Departamento,Alquiler,Excelente,10.0,Godoy Cruz,Mendoza,"Bernardo Ortiz 533,PB,Dept 2-Godoy Cruz",-32.9320903,-68.8433243,,,,,,10000.0,,,cocucci sa,Inmobiliaria,False,False,,"COCUCCI Inmobiliaria ofrece en alquiler un departamento interno ubicado en un complejo cerrado, ideal para quienes buscan comodidad y seguridad.

La propiedad cuenta con un amplio living-comedor con pisos de baldosas, techos de losa y carpintería de aluminio. Dispone de equipo de aire acondicionado frío/calor y calefactor.

La cocina se encuentra equipada con amoblamiento de calidad, alacena, bajo mesada y extractor de aire, ofreciendo funcionalidad y buen espacio de guardado.

Posee una habitación con placard empotrado y una cochera techada con capacidad para un vehículo.

Una excelente opción para disfrutar de un entorno tranquilo y seguro.

CONDICIONES:

*NO MASCOTAS(sin excepción)* Contrato por dos años.
* Aumento Cuatrimestral según ICL.
* Depósito en dólares(USD500)Se puede abonar en 3 cuotas sin interes.
* Contratar seguro contra robo e incendio

Vías de comunicación:
Tel: Opción 2 (alquileres), luego Opción 3 (área comercial)
WhatsApp",17-19926
inmoclick:17-19930,inmoclick,17,19930,https://inmoclick.com/17-cocucci-sa/inmuebles/19930/ficha/departamento-en-alquiler-en-clark-560-piso-2-depto-7-ciudad,2026-09-09,,850000.0,ARS,,,,2.0,2.0,2.0,Departamento,Alquiler,Excelente,10.0,Capital,Mendoza,"Clark 560,piso 2 depto 7.Ciudad",-32.8948889,-68.8600556,,,,,,410000.0,,,cocucci sa,Inmobiliaria,False,False,,"COCUCCI Inmobiliaria ofrece en alquiler excelente departamento en segundo piso, ubicado en un moderno edificio con seguridad y amenities.

La propiedad cuenta con un amplio y luminoso estar-comedor con cocina integrada, dos dormitorios, siendo el principal en suite, con vestidor y baño privado equipado con hidromasaje. El segundo dormitorio NO tiene placard. Además, posee un práctico toilette de cortesía.

Incluye cochera propia con baulera.

El edificio ofrece excelentes espacios y servicios comunes:

Piscina.
Quincho con churrasquera.
Sala de reuniones en planta baja.
Vigilancia y portería las 24 horas.

CONDICIONES:

* Expensas: $410.000* Contrato por 2 (dos) años.
* Aumentos cuatrimestrales según ICL.
* Depósito en dólares.(USD950)Se puede abonar hasta 3 cuotas sin interés.
* NO se aceptan mascotas (SIN EXEPCION) 
* Contratación de seguro contra robo e incendios.

Vías de comunicación:
Tel: Opción 2 (alquileres), luego Opción 3 (área comercial)
Whatsapp",17-19930
inmoclick:17-19931,inmoclick,17,19931,https://inmoclick.com/17-cocucci-sa/inmuebles/19931/ficha/departamento-en-alquiler-en-espana-1221-piso-2-departamento-9,2026-09-09,,700000.0,ARS,,,,5.0,2.0,2.0,Departamento,Alquiler,Muy Bueno,,Capital,Mendoza,España 1221 Piso 2 Departamento 9,-32.888503718,-68.8414612349,,,,,,115000.0,,,cocucci sa,Inmobiliaria,False,False,,"COCUCCI INMOBILIARIA OFRECE: Departamento céntrico con 2 dormitorios con placares, living-comedor con balcón, cocina, lavadero, dependencia de servicio con baño y baño completo.
Cocina equipada con alacena, bajo mesada, artefacto de cocina y termotanque. Cuenta con salidas de gas para estufas (calefacción por radiadores deshabilitada).

-Expensas: $115.000

CONDICIONES: 

* No se aceptan mascotas.
* Contrato por 2 años.
* Aumentos Cuatrimestrales
* Depósito en dólares.(Se puede abonar en 3 cuotas sin interés)
* Contratar seguro contra robo e incendio.
*La calefacción para estufas a gas

Ubicación: se encuentra entre las calles Gutiérrez y Espejo.

Vías de comunicación:

Tel: Opción 2 (alquileres), luego Opción 3 (área comercial)
WhatsApp",17-19931
inmoclick:17-19949,inmoclick,17,19949,https://inmoclick.com/17-cocucci-sa/inmuebles/19949/ficha/departamento-en-alquiler-en-paraguay-1505-10-piso-esquina-penna-villa-hipodromo-godoy-cruz,2026-09-09,,400000.0,ARS,,,,3.0,2.0,1.0,Departamento,Alquiler,Muy Bueno,15.0,Godoy Cruz,Mendoza,Paraguay 1505 - 1° piso (esquina Penna) - Villa Hipódromo- Godoy Cruz,-32.9044894893,-68.8613145434,,,,,,,,,cocucci sa,Inmobiliaria,False,False,,"COCUCCI INMOBILIARIA OFRECE: Departamento primer piso con acceso por escalera.El mismo consta de living comedor, cocina con amoblamiento de alacena y bajo mesada. Dos habitaciones con placard, baño completo y terraza.
NO cuenta con cochera.

Detalles: NO posee artefacto de cocina. Si tiene estufa y termotanque .

Condiciones:
* SIN EXPENSAS
* Impuestos Compartidos: Agua y Municipalidad (50%). Compartido con P.B.
* Contratar seguro contra robos e incendios.
* Se acepta UNA mascota chica (Referencia: Caniche, salchicha o gato)
* Contrato por dos años.
* Déposito en dólares : USD450- Posibilidad de abonarlo en 3 veces .

Ubicación: Cercanías 5ta sección y Parque General San Martín.

Vías de Comunicación:
Tel opción 2 (alquileres) Luego opción 3 (área comercial)
WhatsApp",17-19949
inmoclick:17-19963,inmoclick,17,19963,https://inmoclick.com/17-cocucci-sa/inmuebles/19963/ficha/departamento-en-alquiler-en-silvano-rodriguez-3180-pb-unidad-2-guaymallen,2026-09-09,,650000.0,ARS,,,,3.0,2.0,1.0,Departamento,Alquiler,Muy Bueno,8.0,Guaymallen,Mendoza,"Silvano Rodríguez 3180,PB Unidad 2.Guaymallen.",-32.8967407,-68.7966333,,,,,,90000.0,,,cocucci sa,Inmobiliaria,False,False,,"COCUCCI INMOBILIARIA OFRECE: Departamento en complejo cerrado ubicados en Guaymallén.

El mismos se encuentran en en primer piso por escalera o ascensor , con frente al Norte. Esta compuesto por amplio y luminoso living comedor con salida a balcón privado, cocina con barra desayunador, dos habitaciones con placard, ante-baño y baño completo con bañera.

El edificio cuenta con espacios de uso compartido como SUM con mobiliario a disposición , terraza y churrasquera.
Cochera para 1 vehículo. (N°7)

Detalles: Se entrega con amoblamiento de alacena y bajo mesada, artefacto de cocina, acceso al complejo con portón eléctrico con llave magnética. Cerco eléctrico y cámaras donde podrán ser monitoreadas digitalmente por cada uno de los inquilinos.

CONDICIONES:

*Contrato por 2 años.*Aumentos Cuatrimestrales según ICL
*Depósito en garantía en Pesos 
*Contratación de seguro contra robo e incendios.
*Expensas :$90.000
*Mascotas 1 pequeña (sin excepción)

Vías de comunicación:
Tel: Opción 2 (alquileres), luego Opción 3 (área comercial)
Whatsapp",17-19963
inmoclick:17-19966,inmoclick,17,19966,https://inmoclick.com/17-cocucci-sa/inmuebles/19966/ficha/departamento-en-alquiler-en-bernardo-ortiz-220-pa-dto-20-godoy-cruz,2026-09-09,,400000.0,ARS,,,,3.0,1.0,1.0,Departamento,Alquiler,---,10.0,Godoy Cruz,Mendoza,Bernardo Ortiz 220 - PA DTO 20 - Godoy Cruz,-32.9280643,-68.8418851,,,,,,,,,cocucci sa,Inmobiliaria,False,False,,"ALQUILA: Departamento en complejo cerrado, ubicado en planta alta, 1er piso con acceso por escalera. El mismo esta compuesto por living-comedor, cocina, 1 (uno) dormitorio con placard, , 1 (uno) baño completo con ante-baño. NO CUENTA CON COCHERA

Detalles: Cocina con amoblamiento de alacena y bajo, posee artefacto de cocina, calefon, calefactor tiro balanceado, aberturas de ventanas de aluminio blanco, pisos de cerámico.

* Expensas aprox. $ 38.000

* NO se admiten mascotas.

* Contrato por 2 (dos) años.

* Aumentos cuatrimestrales según ICL. 

* Depósito en pesos.

* Contratación de seguro contra robos e incendios.

Vías de comunicación:Tel: Opción 2 (alquileres), luego Opción 3 (área comercial)
Whatsapp",17-19966
inmoclick:17-19968,inmoclick,17,19968,https://inmoclick.com/17-cocucci-sa/inmuebles/19968/ficha/departamento-en-alquiler-en-benielli-2680-p-a-dto-5-6ta-seccion,2026-09-09,,500000.0,ARS,,,,2.0,1.0,1.0,Departamento,Alquiler,Excelente,10.0,Capital,Mendoza,"Benielli 2680, P.A-Dto 5 6ta Sección -",-32.8706943,-68.8611998,,,,,,27000.0,,,cocucci sa,Inmobiliaria,False,False,,"COCUCCI INMOBILIARIA OFRECE: Departamento ubicado en un complejo cerrado, en planta alta, con acceso por escalera. La propiedad ofrece un cómodo living-comedor integrado con la cocina, la cual se encuentra equipada con alacenas, bajo mesada, artefacto de cocina, extractor y termotanque. Cuenta con un dormitorio con placard, un baño completo con bañera y un pequeño balcón de uso privado.

Además, dispone de cochera techada para un (1) vehículo.

Como detalles de terminación y confort, tanto el dormitorio como el living-comedor cuentan con estufa de tiro balanceado. La propiedad posee pisos de porcelanato y carpintería de aluminio, brindando un ambiente funcional, cómodo y de fácil mantenimiento.

CONDICIONES:

*Contrato por dos años.
*Aumentos cuatrimestrales según ICL.
*Depósito en Pesos con actualizaciones Cuatrimestrales.
*Expensas: $27.000
*Contratación de seguro contra robo e incendios.
*NO se aceptan mascotas

Vías de comunicación:Tel: Opción 2 (alquileres), luego Opción 3 (área comercial)
Whatsapp",17-19968
inmoclick:17-19969,inmoclick,17,19969,https://inmoclick.com/17-cocucci-sa/inmuebles/19969/ficha/departamento-en-alquiler-en-paraguay-al-3145-ciudad,2026-09-09,,550000.0,ARS,,,,4.0,2.0,1.0,Departamento,Alquiler,---,10.0,Capital,Mendoza,Paraguay al 3145-Ciudad,-32.8704644,-68.8396467,,,,,,40000.0,,,cocucci sa,Inmobiliaria,False,False,,"COCUCCI INMOBILIARIA OFRECE: Departamento ubicado en primer piso, con acceso por escalera. La propiedad se distribuye en una luminosa cocina-comedor, dos dormitorios con placares, un baño completo, balcón y cochera para un vehículo.

La cocina está equipada con amoblamiento de alacena y bajo mesada, artefacto de cocina, calefactor y teléfono para portería.

CONDICIONES:

* Contrato por dos años.

* Aumento trimestral según ICL.

* Depósito en dólares.(USD550)Se puede abonar en 3 cuotas sin interés en efectivo

* Seguro contra robo e incendio
*Expensas:$40.000

Ubicación: Se encuentra a metros de la calle Coronel Díaz 

Vías de comunicación:Tel: Opción 2 (alquileres), luego Opción 3 (área comercial)
Whatsapp",17-19969
inmoclick:17-19991,inmoclick,17,19991,https://inmoclick.com/17-cocucci-sa/inmuebles/19991/ficha/departamento-en-alquiler-en-pedernera-270-pb-dto-2-san-jose-entre-bandera-de-los-andes-y-pasteur,2026-09-09,,580000.0,ARS,,,,4.0,3.0,2.0,Departamento,Alquiler,---,40.0,Guaymallen,Mendoza,Pedernera 270 - PB - Dto 2 - San José - (entre Bandera de los Andes y Pasteur),-32.8947628,-68.8200073,,,,,,,,,cocucci sa,Inmobiliaria,False,False,,"Cocucci Inmobiliaria ofrece en alquiler un amplio departamento ubicado en San José, Guaymallén.

La propiedad cuenta con:

Cocina equipada con alacenas, bajo mesada y artefacto de cocina a estrenar.
Pisos de granito (excepto habitaciones)
Lavandería independiente con salida a patio con baldosas que proporciona un espacio funcional para tender la ropa y, al mismo tiempo, permite el ingreso de luz natural hacia la cocina y la lavandería.
Amplio living-comedor.
Tres dormitorios con placares y pisos parquet, uno de ellos con salida al patio jardín
Un baño completo y un toilette.

 Dispone de un patio jardín, ideal para disfrutar de un espacio al aire libre.

Una excelente opción para quienes buscan comodidad y amplios ambientes en una ubicación de fácil acceso.

* Expensas: $ 40.000 (incluyen Municipalidad, agua y luz de espacios comunes)* NO SE ADMITEN MASCOTAS.
* Contrato por dos años. .
* Aumento semestrales según ICL. .
* NO requiere depósito en garantía

Vías de comunicación:Tel: Opción 2 (alquileres), luego Opción 3 (área comercial)
Whatsapp",17-19991
inmoclick:17-20011,inmoclick,17,20011,https://inmoclick.com/17-cocucci-sa/inmuebles/20011/ficha/departamento-en-alquiler-en-boulonge-sur-mer-55,2026-09-09,,600000.0,ARS,15000.0,40.0,,3.0,1.0,1.0,Departamento,Alquiler,Muy Bueno,46.0,Capital,Mendoza,Boulonge Sur Mer 55,-32.9007018,-68.8639634,,,,,,67700.0,,,cocucci sa,Inmobiliaria,False,False,,"COCUCCI INMOBILIARIA – ALQUILA. Excelente departamento con ubicación privilegiada, frente al parque.

Ubicado entre calles Luzuriaga y Olegario V. Andrade, este departamento se encuentra en un segundo piso, con acceso tanto por escalera como por ascensor, ofreciendo una excelente combinación de comodidad, luminosidad y una inmejorable vista.

La propiedad está compuesta por un amplio living-comedor con salida a un balcón frontal con vista al parque y orientación oeste, ideal para disfrutar de la luz natural y los atardeceres. Cuenta con cocina independiente, lavadero separado, baño completo y un dormitorio con placard.

La cocina dispone de alacena y bajo mesada, artefacto de cocina, termotanque y conexión para lavarropas, brindando funcionalidad para el uso diario.

Características:

-Living-comedor con salida a balcón frontal.
-Balcón con vista al parque y orientación oeste.
-Cocina independiente.
-Lavadero independiente.
-Un dormitorio con placard.
-Baño completo.
-Acceso por escalera y ascensor.
-No cuenta con cochera.

Condiciones:

*Contrato por 1 años
*Aumentos cuatrimestrales por ICL
*Depósito en garantía en dólares. (USD) Posibilidad de abonarlo hasta en 3 cuotas sin interés.
*Se contrata a cargo del inquilino Seguro contra robo e incendio

*Expensas aproximadas: $67.700

-LA PROPIEDAD SE ENCUENTRA A LA VENTA(se respeta que finalice el contrato)

Vías de comunicación:
Tel: Opción 2 (alquileres), luego Opción 3 (área comercial)
Whatsapp",17-20011
inmoclick:17-20063,inmoclick,17,20063,https://inmoclick.com/17-cocucci-sa/inmuebles/20063/ficha/departamento-en-alquiler-en-roque-saenz-pena-1819-godoy-cruz,2026-09-09,,600000.0,ARS,,,,2.0,1.0,1.0,Departamento,Alquiler,Excelente,10.0,Godoy Cruz,Mendoza,Roque Sáenz Peña 1819 - Godoy Cruz,-32.9055958,-68.8446658,,,,,,,,,cocucci sa,Inmobiliaria,False,False,,"COCUCCI INMOBILIARIA OFRECE: Departamento ubicado en 5° piso , cómodo, luminoso y funcional.

La propiedad cuenta con living-comedor integrado a la cocina, con amplio ventanal y salida al balcón, lo que aporta muy buena luminosidad al ambiente.

La cocina dispone de alacena, bajo mesada, artefacto de cocina y mesada tipo barra desayunadora, además de buen espacio de almacenamiento.

Cuenta con 1 dormitorio con placard empotrado y amplio espacio de guardado y baño completo con bañadera.

Además, dispone de cochera y baulera.
El edificio tambien dispone de un zoom para reuniones

Condiciones:

-Contrato por dos años
- Aumentos cuatrimestrales según ICL
- Depósito en Dólares USD 700 ( Posibilidad de abonarlo hasta en 3 cuotas)
-Contratación de seguro contra robo e incendios
- NO se aceptan mascotas (x consorcio)
- Expensas $ 80000

Vías de Comunicación:
Tel opción 2 (alquileres) Luego opción 3 (área comercial)
WhatsApp",17-20063
inmoclick:17-20071,inmoclick,17,20071,https://inmoclick.com/17-cocucci-sa/inmuebles/20071/ficha/departamento-en-alquiler-en-carola-lorenzini-1920-m-b-piso-1-dto-5,2026-09-09,,400000.0,ARS,,,,5.0,3.0,1.0,Departamento,Alquiler,---,30.0,Godoy Cruz,Mendoza,Carola Lorenzini 1920 -  M B -  Piso 1 - Dto 5,-32.9254857,-68.8663331,,,,,,,,,cocucci sa,Inmobiliaria,False,False,,"COCUCCI INMOBILIARIA ALQUILA: Departamento en complejo cerrado. 
Se ubica sobre calle Lorenzini 1920 a 150 metros de la rotonda del Corredor del Oeste. 

Desarrollado en primer piso por escalera. 

La unidad se compone living comedor, cocina con amoblamiento de alacena y bajo mesada, lavadero integrado a la cocina. Tres dormitorios con placares, patio tendedero y baño completo. Cochera cubierta para un vehículo. Entrada al complejo con portón automatizado. 

* EXPENSAS: $50.000 aprox. 

* CONSULTAR POR MASCOTAS

* CONTRATAR SEGURO CONTRA ROBO E INCENDIO.
*AUMENTOS CUATRIMESTRALES POR ICL.
*DEPÓSITO EN GARANTÍA EN DÓLARES.

Entre Ceferino Namuncura y Asia.",17-20071
inmoclick:17-20074,inmoclick,17,20074,https://inmoclick.com/17-cocucci-sa/inmuebles/20074/ficha/departamento-en-alquiler-en-alem-247-depto-5-ciudad,2026-09-09,,550000.0,ARS,,,,2.0,1.0,1.0,Departamento,Alquiler,Muy Bueno,10.0,Capital,Mendoza,Alem 247-Depto 5. Ciudad,-32.8932033,-68.8366176,,,,,,,,,cocucci sa,Inmobiliaria,False,False,,"COCUCCI INMOBILIARIA OFRECE: Departamento ubicado en primer piso por escalera, ideal para quienes buscan comodidad y practicidad.

 Características:

Cocina-comedor con alacena , bajo mesada y anafe eléctrico. 
1 dormitorio con espacio de almacenamiento
1 baño completo
Cochera para 1 vehículo

Se entrega semi amoblado con: heladera, aire acondicionado y cortinas black out 

CONDICIONES:

*Contrato por 2 años
*Aumentos cuatrimestrales por ICL
*Depósito en USD - (Posibilidad de abonarlo en 3 cuotas.)
*Contratación de seguro contra robo e incendios.
*NO PAGA EXPENSAS
*ABONA UN TOTAL DE IMPUESTOS MENSUALES-$100.000: Incluye Municipalidad, Agua y Luz

Vías de comunicación:
Tel: Opción 2 (alquileres), luego Opción 3 (área comercial)
WhatsApp",17-20074
inmoclick:17-20077,inmoclick,17,20077,https://inmoclick.com/17-cocucci-sa/inmuebles/20077/ficha/departamento-en-alquiler-en-emilio-civit-1340-30-piso-dpto-d-complejo-lancatay,2026-09-09,,450000.0,ARS,,,,2.0,1.0,1.0,Departamento,Alquiler,Bueno,15.0,Godoy Cruz,Mendoza,Emilio Civit 1340 - 3° Piso Dpto D - Complejo Lancatay,-32.9286268,-68.8583963,,,,,,50000.0,,,cocucci sa,Inmobiliaria,False,False,,"COCUCCI INMOBILIARIA ALQUILA: Departamento frontal, cómodo y funcional, ideal para quienes buscan un espacio práctico y bien distribuido.

La propiedad cuenta con un amplio ambiente de cocina-comedor, un dormitorio, baño completo, lavadero y un agradable balcón frontal que aporta luminosidad y ventilación. Además, dispone de estacionamiento para un vehículo.

La cocina se encuentra equipada con amoblamiento de alacena y bajo mesada, y la propiedad cuenta con calefón y luminarias.

CONDICIONES:

*Contrato por 2 años
*Aumentos cuatrimestrales por ICL
*Depósito en USD 450 - (Posibilidad de abonarlo en 3 cuotas.)
*Contratación de seguro contra robo e incendios.

Vías de comunicación:
Tel: Opción 2 (alquileres), luego Opción 3 (área comercial)
WhatsApp",17-20077
inmoclick:17-20080,inmoclick,17,20080,https://inmoclick.com/17-cocucci-sa/inmuebles/20080/ficha/departamento-en-alquiler-en-alpatacal-1529-dto-16-piso-3,2026-09-09,,670000.0,ARS,,,,2.0,1.0,1.0,Departamento,Alquiler,---,,Capital,Mendoza,Alpatacal 1529 - Dto 16 - Piso 3 -,-32.8824742,-68.8566361,,,,,,,,,cocucci sa,Inmobiliaria,False,False,,"COCUCCI INMOBILIARIA ofrece: Departamento en Sexta Sección.Departamento en alquiler en moderno complejo, ideal para quienes buscan comodidad, seguridad y funcionalidad.
El mismo se entrega recién pintado y listo para habitar.

Características del inmueble:
*1 habitación placard empotrado
*Baño completo con bañera
*Cocina-lavadero con amoblamiento de alacena y bajo mesada
*Artefacto de cocina instalado
*Termotanque y conexión para lavarropas
*Teléfono de portería
*Amplio living-comedor
*Cochera en subsuelo para un vehículo 

Importante: Se entrega con luminarias

Comodidades del edificio:

SUM (Salón de Usos Múltiples) ideal para reuniones y eventos . Terraza de uso común

Condiciones:

*Expensas Variables: $ 150.000 APROX
*Contrato por 2 años
*Aumentos trimestrales según ICL
*Depósito en garantía en dólares. (USD700) Posibilidad de abonarlo hasta en 3 cuotas sin interés.
*Seguro contra robo e incendio obligatorio
*No se aceptan mascotas (Sin excepción)",17-20080
inmoclick:17-20081,inmoclick,17,20081,https://inmoclick.com/17-cocucci-sa/inmuebles/20081/ficha/departamento-en-alquiler-en-aristobulo-del-valle-405-piso-1-depto-5-godoy-cruz,2026-09-09,,450000.0,ARS,,,,2.0,1.0,1.0,Departamento,Alquiler,Muy Bueno,10.0,Godoy Cruz,Mendoza,"Aristobulo del Valle 405,piso 1,depto 5. Godoy Cruz",-32.9477858,-68.8439493,,,,,,,,,cocucci sa,Inmobiliaria,False,False,,"COCUCCI INMOBILIARIA OFRECE: Departamento en complejo cerrado en 1° piso por escalera, compuesto de un dormitorio con placard, amplio living-comedor, cocina, baño completo y patio embaldosado.

Detalle: Cocina con amoblamiento de alacena y bajo mesada, posee artefacto de cocina, termotanque, pisos cerámicos, carpintería de aluminio y rejas en todas las aberturas.

Condiciones:

* Contrato por 2 (dos) años.
* Aumentos cuatrimestrales según ICL.
* Seguro contra incendio y robos.
* Depósito en Garantía en Dólares.
*-NO SE ADMITEN MASCOTAS.
-Gas comercial (boleta mensual).
-Municipalidad y Agua - compartido (15%).

Ubicación: Se encuentra casi esquina con calle Guisasola.

Vías de comunicación:

Tel: Opción 2 (alquileres), luego Opción 3 (área comercial)

Whatsapp",17-20081
inmoclick:17-20083,inmoclick,17,20083,https://inmoclick.com/17-cocucci-sa/inmuebles/20083/ficha/departamento-en-alquiler-en-rivadavia-280-p-b-dto-1-godoy-cruz,2026-09-09,,380000.0,ARS,,,,1.0,,1.0,Departamento,Alquiler,---,18.0,Godoy Cruz,Mendoza,Rivadavia 280- P.B- Dto 1- Godoy Cruz,-32.9253238,-68.8412401,,,,,,,,,cocucci sa,Inmobiliaria,False,False,,"COCUCCI INMOBILIARIA OFRECE: Monoambiente en complejo cerrado con una superficie cubierta de 42m2 aproximadamente.

 

El mismo esta compuesto por living-comedor, kitchinett integrado y baño completo. Estacionamiento en el frente con jardín dentro del edificio.

Detalle: Kitchenet con amoblamiento de alacena y bajo mesada, posee anafe, termotanque, pisos cerámicos y carpintería metálica.

*No se pagan expensas.

*Impuestos: Gas COMERCIAL, AGUA y MUNICIPALIDAD (compartido - %), LUZ individual.

* NO SE ADMITEN MASCOTAS.

* Contrato por 2 (un) año.

* Depósito en dólares.

* Aumento trimestral según ICL.

* Contratación de seguro contra robo e incendios.

Ubicación: Se encuentra entre Sargento Cabral y Figueroa Alcorta, frente al espacio verde Pescarmona.

Vías de Comunicación:Tel opción 2 (alquileres) Luego opción 3 (área comercial)
WhatsApp",17-20083
inmoclick:17-20098,inmoclick,17,20098,https://inmoclick.com/17-cocucci-sa/inmuebles/20098/ficha/departamento-en-alquiler-en-bufano-4737-manzana-b-modulo-h-piso-1-dto2-guaymallen,2026-09-09,,600000.0,ARS,,,,,3.0,1.0,Departamento,Alquiler,Muy Bueno,20.0,Guaymallen,Mendoza,Bufano 4737 Manzana B Modulo H piso 1 Dto2 - Guaymallén,-32.8808207,-68.8053684,,,,,,30000.0,,,cocucci sa,Inmobiliaria,False,False,,"COCUCCI INMOBILIARIA ALQUILA: Departamento ubicado en primer piso, dentro de complejo cerrado.

La propiedad cuenta con living-comedor, cocina, lavadero, tres dormitorios —dos de ellos con placares—, baño completo y terraza cerrada. Además, dispone de estacionamiento descubierto frente al departamento.

Detalles: Cocina con alacenas y bajo mesada, termotanque y estufa. No posee artefacto de cocina.

Condiciones:

* Contrato por 2 (dos) años.
* Aumentos cuatrimestrales según ICL.
* Seguro contra incendio y robos.
* Depósito en Garantía en Dólares.(se puede abonar en 3 cuotas sin interes)
*Expensas: $30.000

Ubicación: Entre Jorge Newbery y Alpatacal.

Vías de comunicación:
Tel: Opción 2 (alquileres), luego Opción 3 (área comercial)
Whatsapp",17-20098
inmoclick:17-20112,inmoclick,17,20112,https://inmoclick.com/17-cocucci-sa/inmuebles/20112/ficha/departamento-en-alquiler-en-jose-ingenieros-437-pb-godoy-cruz,2026-09-09,,400000.0,ARS,,,,,2.0,1.0,Departamento,Alquiler,Muy Bueno,30.0,Godoy Cruz,Mendoza,"Jose Ingenieros 437,PB, Godoy Cruz.",-32.9387957,-68.852414,,,,,,,,,cocucci sa,Inmobiliaria,False,False,,"COCUCCI INMOBILIARIA OFRECE: Departamento en Planta Baja, ubicado entre las calles Uruguay y Manuel García.

La propiedad cuenta con comedor-cocina, dos dormitorios sin placard y baño completo. Además, dispone de cochera para un vehículo y lavandería.

Detalles:

-Amoblamiento de alacenas y bajo mesada.
-No posee artefacto de cocina.
-Dos dormitorios sin placard.
-Cochera techada para un vehículo.
-Lavandería.

Condiciones:

*Contrato por 2 años
*Aumentos cuatrimestrales por ICL
*Depósito en USD- 400- Posibilidad de abonarlo en 3 cuotas.
*Contratación de seguro contra robo e incendios.
*Municipalidad e impuesto: 50% compartido.
*NO MASCOTAS

Vías de comunicación:
Tel: Opción 2 (alquileres), luego Opción 3 (área comercial)
WhatsApp",17-20112
inmoclick:17-20128,inmoclick,17,20128,https://inmoclick.com/17-cocucci-sa/inmuebles/20128/ficha/departamento-en-alquiler-en-america-y-boulevard-edificio-3-depto-12-bo-centro-empleado-de-comercio,2026-09-09,,550000.0,ARS,,,,3.0,2.0,1.0,Departamento,Alquiler,Muy Bueno,10.0,Godoy Cruz,Mendoza,América y Boulevard Edificio 3 depto. 12.Bº Centro empleado de comercio,-32.9286268,-68.8583963,,,,,,,,,cocucci sa,Inmobiliaria,False,False,,"COCUCCI INMOBILIARIA OFRECE: Departamento ubicado en primer piso por escalera, de ambientes cómodos y funcionales.

La propiedad se compone de living-comedor, cocina independiente, dos dormitorios con placares y baño completo con bañadera.

Detalles:

Cocina equipada con mesada de acero inoxidable y bajo mesada.
Termotanque.
No posee artefacto de cocina.
Dos dormitorios con placares.
No posee cochera.

CONDICIONES:

* Contrato por 2 (dos) años.
* Aumentos cuatrimestrales según ICL.
* Depósito en dolares (USD)Se puede abaonar en 3 cuotas sin interes
* Contratación de seguro contra robos e incendios.

Vías de comunicación:
Tel: Opción 2 (alquileres), luego Opción 3 (área comercial)
Whatsapp",17-20128
inmoclick:17047-280,inmoclick,17047,280,https://inmoclick.com/17047-sabatini-propiedades/inmuebles/280/ficha/departamento-en-alquiler-en-sor-juana-de-la-cruz-y-torrontes,2026-09-09,,780000.0,ARS,13000.0,60.0,90.0,5.0,2.0,2.0,Departamento,Alquiler,Excelente,,Lujan de Cuyo,Mendoza,Sor Juana de la Cruz y Torrontes,-32.9865485,-68.8568238,Garage,1.0,,,False,,False,,sabatini propiedades,Inmobiliaria,False,False,,"SABATINI PROPIEDADES ALQUILA

En una ubicación privilegiada en Carrodilla, en las inmediaciones de la Municipalidad de Luján de Cuyo, se encuentra este hermoso departamento a estrenar en planta baja. Con una antigüedad de A Estrenar, esta propiedad se destaca por su excelente estado de conservación y sus modernos acabados.

Al ingresar, nos encontramos con un amplio y luminoso ambiente de cocina comedor, equipado con un amoblamiento de cocina de alta calidad y espacio para la instalación de lavarropas. Desde aquí se accede a un patio tipo tender, ideal para disfrutar de momentos al aire libre.

El departamento cuenta con dos dormitorios, cada uno con su respectivo placard empotrado, brindando un espacio de almacenamiento óptimo. El baño completo, con espejo y detalles de buen gusto, completa la distribución de este acogedor hogar.

Además, la propiedad incluye una cochera techada con portón corredizo, garantizando la seguridad de tu vehículo. Con un total de 4 ambientes y una superficie cubierta de 60 m2, este departamento ofrece un ambiente cómodo y funcional para tu familia.

En cuanto a las comodidades adicionales, se destaca la presencia de instalaciones previstas para aires acondicionados y estufas a gas, asegurando tu confort en cualquier época del año. Por otro lado, la zona escolar cercana es ideal para familias con niños en edad escolar.

Para alquilar esta propiedad, se requiere un titular solvente con bono de sueldo o monotributista, y dos garantes con bono de sueldo. El contrato es por dos años, con incremento semestral según índice contratos de locación.

No se aceptan mascotas y el máximo de personas permitidas es de 4. ¡No dejes pasar la oportunidad de vivir en este encantador departamento en Carrodilla! ¡Contáctanos para más información!",17047-280
inmoclick:17047-281,inmoclick,17047,281,https://inmoclick.com/17047-sabatini-propiedades/inmuebles/281/ficha/departamento-en-alquiler-en-franklin-131,2026-09-09,,550000.0,ARS,11000.0,50.0,55.0,4.0,2.0,1.0,Departamento,Alquiler,Excelente,,Guaymallen,Mendoza,Franklin 131,-32.8989596,-68.81408019999999,Sin Cochera,1.0,,,False,,False,,sabatini propiedades,Inmobiliaria,False,False,,"SABATINI PROPIEDADES ALQUILA - DEPARTAMENTO PLANTA ALTA - GUAYMALLÉN

Sabatini Propiedades ofrece en alquiler un excelente departamento a estrenar ubicado en una consolidada zona residencial de Guaymallén, Mendoza. La propiedad se encuentra estratégicamente ubicada a pocas cuadras de la Universidad Juan Agustín Maza, un entorno ideal que combina tranquilidad, seguridad y excelente accesibilidad a comercios y transporte público.

DISTRIBUCIÓN DEL INMUEBLE
La unidad se desarrolla íntegramente en Planta Alta dentro de un complejo privado. Cuenta con un diseño funcional que optimiza cada ambiente, comenzando por una cocina comedor completamente amoblada y equipada, con espacio y conexiones listas para un lavarropas de carga horizontal.

El sector privado dispone de dos dormitorios provistos de placares y cajoneras de primera calidad. Cuenta además con un baño zonificado compuesto por antebaño y bañera, y un cómodo patio propio equipado con bacha de lavadero.

DETALLES TÉCNICOS Y SERVICIOS
El departamento dispone de preinstalaciones previstas para la colocación de equipos de aire acondicionado y cuenta con todos los servicios activos de energía eléctrica, gas natural y cloacas. Es una excelente oportunidad económica dado que la propiedad no abona expensas comunes. Se aclara de manera excluyente que la unidad no dispone de cochera.

CONDICIONES CONTRACTUALES
El contrato de locación se celebra bajo la normativa legal vigente, acordando un incremento semestral (6 meses) ajustable por el Índice de Precios al Consumidor (IPC). Es requisito obligatorio para el inquilino la contratación de un seguro contra incendios sobre la propiedad. Por reglamento interno de convivencia del complejo, no se admiten niños ni mascotas en esta unidad.

REQUISITOS DE INGRESO
Para el análisis de la postulación, se requiere presentar un inquilino titular que demuestre solvencia económica acorde, acompañado de dos (2) garantes que presenten bono de sueldo que acrediten óptima capacidad financiera.

PRESUPUESTO INICIAL
Los conceptos previstos para la concreción de la firma del contrato corresponden al pago del primer mes de alquiler por adelantado, un mes de depósito en garantía, los honorarios correspondientes a la gestión inmobiliaria y el costo asociado a la certificación de firmas ante escribano público.",17047-281
inmoclick:170541-3,inmoclick,170541,3,https://inmoclick.com/170541-complejo-aladino/inmuebles/3/ficha/departamento-en-alquiler-en-san-martin-1700,2026-09-09,,1100000.0,ARS,18333.33333333333,60.0,66.0,3.0,2.0,1.0,Departamento,Alquiler,Excelente,3.0,Lujan de Cuyo,Mendoza,SAN MARTIN 1700,-33.0236488,-68.8741227,Garage/Cochera,1.0,False,,False,,False,,complejo aladino,Dueno Directo,True,False,,"Departamento en una planta totalmente equipado para hasta 4 personas, estadías prolongadas, quincenal, mensual o plazo a convenir, la unidad cuenta con Wifi de fibra óptica incluido en el canon.
Complejo habitacional muy seguro con cochera cubierta interior.
A metros de reconocidos colegios e institutos como Goretti, Facultad de Ciencias Agrarias y San Pablo.",170541-3
inmoclick:170966-1,inmoclick,170966,1,https://inmoclick.com/170966-complejo-aladino/inmuebles/1/ficha/departamento-en-alquiler-en-avenida-san-martin-1700,2026-09-09,,1200000.0,ARS,15000.0,80.0,90.0,3.0,2.0,2.0,Departamento,Alquiler,Excelente,4.0,Lujan de Cuyo,Mendoza,AVENIDA SAN MARTIN 1700,-33.0229227,-68.8740051,Garage,2.0,False,,,,False,,complejo aladino,Dueno Directo,True,False,,"Dúplex ubicado en una zona estratégica de Luján de Cuyo, a metros de reconocidos colegios e institutos como Goretti, Facultad de Ciencias Agrarias y San Pablo. En un entorno totalmente seguro.
Características principales:
- 🛏️ 2 habitaciones
- 🚿 Baño con ducha en planta superior
- 🚽 Baño en planta inferior
- 🛋️ Amplio cocina-comedor-living integrados
- 🌿 Patio particular con churrasquera
- 🚗 Estacionamiento cubierto
- 📍Acceso a redes de transporte público en la puerta.
Internet de fibra óptica incluido en el canon.
Opciones de alquiler, mensual, anual o periódico a convenir
Este inmueble ofrece una distribución práctica: las áreas sociales integradas permiten una convivencia fluida y versátil. La planta superior conserva la privacidad de las habitaciones y el baño con ducha, garantizando descanso y comodidad. El patio privado con churrasquera es un valor agregado para tus reuniones al aire libre sin salir de casa, mientras que el estacionamiento cubierto protege tu vehículo.",170966-1
inmoclick:17329-19,inmoclick,17329,19,https://inmoclick.com/17329-ana-paula/inmuebles/19/ficha/departamento-en-alquiler-en-necochea-1530,2026-09-09,,550000.0,ARS,11000.0,50.0,50.0,,1.0,1.0,Departamento,Alquiler,Excelente,15.0,Godoy Cruz,Mendoza,necochea 1530,-32.8894587,-68.8458386,Garage/Cochera,1.0,False,False,,20000.0,,,ana paula,Dueno Directo,True,False,,"DUEÑO ALQUILA!
Hermoso depto, un dormitorios, baño, luminoso, dos aires acondicionados, opcion amoblado, cochera. 
Hermosa zona cercana a quinta sección. Seguro.",17329-19
inmoclick:17366-16,inmoclick,17366,16,https://inmoclick.com/17366-cecilia-buschel/inmuebles/16/ficha/departamento-en-alquiler-en-espana-1340-las-heras-mendoza,2026-09-09,,450000.0,ARS,9574.468085106382,47.0,50.0,4.0,2.0,1.0,Departamento,Alquiler,Muy Bueno,10.0,Las Heras,Mendoza,"España 1340, Las Heras, Mendoza",-32.852109072569895,-68.83617780154418,Garage/Cochera,,,False,False,,False,,cecilia buschel,Dueno Directo,True,False,,"Dueño alquila departamento en calle España y Roca de Las Heras. $.
En Complejo cerrado. Planta baja.

Muy cercano a calle San Martín. Comercios, Bancos, Escuelas, Transporte.

El departamento consta de:
2 dormitorios sin placard.
1 baño completo con todos sus accesorios.
Cocina-comedor con bajo mesada.
Patio-lavandería.
Es para 3 personas como máximo y sólo recibimos 1 niño por departamento.

NO se aceptan mascotas de ningún tipo y tamaño.

Expensas incluidas en el valor del alquiler.

Cochera opcional, $50000.

Para información y visitas, comunicarse por WhatsApp de 8:30 a 13:30 y de 16:30 a 20:30.",17366-16
inmoclick:173766-2,inmoclick,173766,2,https://inmoclick.com/173766-sebastian-gonzalez/inmuebles/2/ficha/departamento-en-alquiler-en-estrada-237,2026-09-09,,580000.0,ARS,9666.666666666666,60.0,60.0,3.0,2.0,1.0,Departamento,Alquiler,Muy Bueno,15.0,Las Heras,Mendoza,Estrada 237,-32.86435231598082,-68.81701839503668,Sin Cochera,,,False,,50000.0,,,sebastian gonzalez,Dueno Directo,True,False,,"- 🛏️ 3 ambientes (2 dormitorios)
- ☀️ Muy luminoso, con abundante luz natural
- 🏠 Listo para habitar
- 🏢 Complejo Alto Portal 3
- 🕰️ Edificio de 15 años de antigüedad
- ⬆️ Segundo piso (por ascensor)
- 📹 Circuito de cámaras de vigilancia
- 📶 Óptima conectividad
- 📍 Excelente zona

Departamento de 3 ambientes ubicado en el reconocido complejo Alto Portal 3, ideal para quienes buscan confort y tranquilidad en una zona estratégica. La distribución de los ambientes aprovecha la luz natural, creando espacios cálidos y agradables que invitan a disfrutar del día a día. Listo para mudarse, presenta una oportunidad práctica para familias, parejas o quienes trabajan desde casa y valoran un entorno luminoso y funcional.

El edificio, con 15 años de antigüedad, ofrece la seguridad y el mantenimiento de una construcción consolidada, complementado por circuito de cámaras que aportan mayor tranquilidad. Acceso cómodo en segundo piso mediante ascensor, facilitando la movilidad cotidiana.

Su óptima conectividad potencia la comodidad: rápido acceso a transporte, servicios y comercios de la zona, lo que convierte a este departamento en una propuesta práctica y bien ubicada. Un hogar pensado para disfrutar de la luz, la seguridad y la calidad de vida que brinda un complejo consolidado. Ideal para mudarse ya y comenzar a vivir en una ubicación excelente

Condiciones contractuales:
Ingresos verificables del inquilino
2 garantes
Mes de depósito pagadero en 3 cuotas desde el segundo mes 
$ gastos de firmas (por única vez)",173766-2
inmoclick:17515-17386,inmoclick,17515,17386,https://inmoclick.com/17515-remax-solutions/inmuebles/17386/ficha/departamento-en-alquiler-en-echeverria-1400,2026-09-09,,1000000.0,ARS,16129.032258064515,62.0,74.0,,2.0,1.0,Departamento,Alquiler,,,Godoy Cruz,Mendoza,Echeverria 1400,-32.908788179173,-68.848172664511,Garage/Cochera,,,,,,,,remax solutions,Inmobiliaria,False,False,,"Corredor Responsable VICTOR E. MONTIVERO CCPIM 783 - 
Contacto Eliana Lanzani - MLS ID 420921268-19

DEPARTAMENTO 4 AMBIENTES EN ALQUILER GODOY CRUZ MENDOZA

Departamento de vanguardia ubicado en zona estratégica del barrio Bombal Godoy Cruz diseñado para estudiantes profesionales yo familias contemporáneas que valoran funcionalidad y diseño moderno.

CARACTERÍSTICAS PRINCIPALES

 Superficie total de 75 m con distribución inteligente de 62 m cubiertos y 13 m semicubiertos

 Ubicación privilegiada con excelente conectividad urbana

 Construcción a estrenar en 2026 con terminaciones de alta calidad

DISTRIBUCIÓN INTERIOR

 2 Dormitorio con placard amplio y funcional

 Baño completo completamente equipado

 Livingcomedor integrado.

 Cocina moderna con lavadero 

 Aire acondicionado y calefacción

 Amoblado
 
AMENITIES Y SERVICIOS

 Cochera con portón automático

 Parrilla social para uso compartido

 Terraza uso común

 Sistema de alarma instalado y cámaras de seguridad

 Internet 

 Energía solar para espacios comunes 

 Jardin de uso comun

 NO APTO MASCOTAS

RAU S.R.L. no ejerce el corretaje inmobiliario. El presente sitio web es una plataforma en donde cada oficina inmobiliaria independiente que contrata los servicios RE/MAX puede publicar las propiedades a su cargo. Cada oficina es de propiedad y gestión independiente, por lo que RAU S.R.L. no interviene en los datos de la publicación, en la operación inmobiliaria, ni en la confección y/o firma del boleto de compraventa y/o escritura y/o contrato de alquiler. En cumplimiento de las leyes vigentes que regulan el corretaje inmobiliario, Ley Nacional 25.028, Ley 22.802 de Lealtad Comercial, Ley 24.240 de Defensa al Consumidor, las normas del Código Civil y Comercial de la Nación y Constitucionales, los agentes/gestores NO ejercen el corretaje inmobiliario. Todas las operaciones inmobiliarias son objeto de intermediación y conclusión por parte del corredor público inmobiliario colegiado a cargo de la publicación, cuyos datos se exhiben en la presente. La presente publicación describe las características esenciales del inmueble, debiéndose consultar al corredor público inmobiliario responsable de la operación por la eventual actualización de las medidas, descripciones arquitectónicas y funcionales, valores de expensas, servicios, impuestos, precios y demás información, cuyos valores son aproximados.",17515-17386
inmoclick:17515-17389,inmoclick,17515,17389,https://inmoclick.com/17515-remax-solutions/inmuebles/17389/ficha/departamento-en-alquiler-en-echeverria-1400,2026-09-09,,1000000.0,ARS,16129.032258064515,62.0,74.0,,2.0,1.0,Departamento,Alquiler,,,Godoy Cruz,Mendoza,Echeverria 1400,-32.908788179173,-68.848172664511,Garage/Cochera,,,,,,,,remax solutions,Inmobiliaria,False,False,,"Corredor Responsable VICTOR E. MONTIVERO CCPIM 783 - 
Contacto Eliana Lanzani - MLS ID 420921268-18

DEPARTAMENTO 4 AMBIENTES EN ALQUILER GODOY CRUZ MENDOZA

Departamento de vanguardia ubicado en zona estratégica del barrio Bombal Godoy Cruz diseñado para estudiantes profesionales yo familias contemporáneas que valoran funcionalidad y diseño moderno.

CARACTERÍSTICAS PRINCIPALES

 Superficie total de 75 m con distribución inteligente de 62 m cubiertos y 13 m semicubiertos

 Ubicación privilegiada con excelente conectividad urbana

 Construcción a estrenar en 2026 con terminaciones de alta calidad

DISTRIBUCIÓN INTERIOR

 2 Dormitorio con placard amplio y funcional

 Baño completo completamente equipado

 Livingcomedor integrado.

 Cocina moderna con lavadero 

 Aire acondicionado y calefacción

 Amoblado
 
AMENITIES Y SERVICIOS

 Cochera con portón automático

 Parrilla social para uso compartido

 Terraza uso común

 Sistema de alarma instalado y cámaras de seguridad

 Internet 

 Energía solar para espacios comunes 

 Jardin de uso comun

 NO APTO MASCOTAS

RAU S.R.L. no ejerce el corretaje inmobiliario. El presente sitio web es una plataforma en donde cada oficina inmobiliaria independiente que contrata los servicios RE/MAX puede publicar las propiedades a su cargo. Cada oficina es de propiedad y gestión independiente, por lo que RAU S.R.L. no interviene en los datos de la publicación, en la operación inmobiliaria, ni en la confección y/o firma del boleto de compraventa y/o escritura y/o contrato de alquiler. En cumplimiento de las leyes vigentes que regulan el corretaje inmobiliario, Ley Nacional 25.028, Ley 22.802 de Lealtad Comercial, Ley 24.240 de Defensa al Consumidor, las normas del Código Civil y Comercial de la Nación y Constitucionales, los agentes/gestores NO ejercen el corretaje inmobiliario. Todas las operaciones inmobiliarias son objeto de intermediación y conclusión por parte del corredor público inmobiliario colegiado a cargo de la publicación, cuyos datos se exhiben en la presente. La presente publicación describe las características esenciales del inmueble, debiéndose consultar al corredor público inmobiliario responsable de la operación por la eventual actualización de las medidas, descripciones arquitectónicas y funcionales, valores de expensas, servicios, impuestos, precios y demás información, cuyos valores son aproximados.",17515-17389
inmoclick:17515-17392,inmoclick,17515,17392,https://inmoclick.com/17515-remax-solutions/inmuebles/17392/ficha/departamento-en-alquiler-en-echeverria-1400,2026-09-09,,800000.0,ARS,15686.27450980392,51.0,98.0,,1.0,1.0,Departamento,Alquiler,,,Godoy Cruz,Mendoza,Echeverria 1400,-32.908788179173,-68.848172664511,Garage/Cochera,,,,,,,,remax solutions,Inmobiliaria,False,False,,"Corredor Responsable VICTOR E. MONTIVERO CCPIM 783 - 
Contacto Eliana Lanzani - MLS ID 420921268-17

DEPARTAMENTO 3 AMBIENTES EN ALQUILER GODOY CRUZ MENDOZA

Departamento de vanguardia ubicado en zona estratégica del barrio Bombal Godoy Cruz diseñado para estudiantes profesionales yo familias contemporáneas que valoran funcionalidad y diseño moderno.

CARACTERÍSTICAS PRINCIPALES

 Superficie total de 98 m con distribución inteligente de 51 m cubiertos 15 m semicubiertos y 33 m descubiertos

 Ubicación privilegiada con excelente conectividad urbana

 Construcción a estrenar en 2026 con terminaciones de alta calidad

DISTRIBUCIÓN INTERIOR

 Dormitorio principal con placard amplio y funcional

 Baño completo completamente equipado

 Livingcomedor integrado.

 Cocina moderna con lavadero 

 Aire acondicionado y calefacción

 Amoblado
 
AMENITIES Y SERVICIOS

 Cochera con portón automático

 Parrilla social para uso compartido

 Terraza uso común

 Sistema de alarma instalado y cámaras de seguridad

 Internet 

 Energía solar para espacios comunes 

 NO APTO MASCOTAS

RAU S.R.L. no ejerce el corretaje inmobiliario. El presente sitio web es una plataforma en donde cada oficina inmobiliaria independiente que contrata los servicios RE/MAX puede publicar las propiedades a su cargo. Cada oficina es de propiedad y gestión independiente, por lo que RAU S.R.L. no interviene en los datos de la publicación, en la operación inmobiliaria, ni en la confección y/o firma del boleto de compraventa y/o escritura y/o contrato de alquiler. En cumplimiento de las leyes vigentes que regulan el corretaje inmobiliario, Ley Nacional 25.028, Ley 22.802 de Lealtad Comercial, Ley 24.240 de Defensa al Consumidor, las normas del Código Civil y Comercial de la Nación y Constitucionales, los agentes/gestores NO ejercen el corretaje inmobiliario. Todas las operaciones inmobiliarias son objeto de intermediación y conclusión por parte del corredor público inmobiliario colegiado a cargo de la publicación, cuyos datos se exhiben en la presente. La presente publicación describe las características esenciales del inmueble, debiéndose consultar al corredor público inmobiliario responsable de la operación por la eventual actualización de las medidas, descripciones arquitectónicas y funcionales, valores de expensas, servicios, impuestos, precios y demás información, cuyos valores son aproximados.",17515-17392
inmoclick:17515-17445,inmoclick,17515,17445,https://inmoclick.com/17515-remax-solutions/inmuebles/17445/ficha/departamento-en-alquiler-en-echeverria-1400,2026-09-09,,800000.0,ARS,15686.27450980392,51.0,98.0,,1.0,1.0,Departamento,Alquiler,,,Godoy Cruz,Mendoza,Echeverria 1400,-32.908788179173,-68.848172664511,Garage/Cochera,,,,,,,,remax solutions,Inmobiliaria,False,False,,"Corredor Responsable VICTOR E. MONTIVERO CCPIM 783 - 
Contacto Eliana Lanzani - MLS ID 420921268-20

DEPARTAMENTO 3 AMBIENTES EN ALQUILER GODOY CRUZ MENDOZA

Departamento de vanguardia ubicado en zona estratégica del barrio Bombal Godoy Cruz diseñado para estudiantes profesionales yo familias contemporáneas que valoran funcionalidad y diseño moderno.

CARACTERÍSTICAS PRINCIPALES

 Superficie total de 98 m con distribución inteligente de 51 m cubiertos 15 m semicubiertos y 33 m descubiertos

 Ubicación privilegiada con excelente conectividad urbana

 Construcción a estrenar en 2026 con terminaciones de alta calidad

DISTRIBUCIÓN INTERIOR

 Dormitorio principal con placard amplio y funcional

 Baño completo completamente equipado

 Livingcomedor integrado.

 Cocina moderna con lavadero 

 Aire acondicionado y calefacción

 Amoblado
 
AMENITIES Y SERVICIOS

 Cochera con portón automático

 Parrilla social para uso compartido

 Terraza uso común

 Sistema de alarma instalado y cámaras de seguridad

 Internet 

 Energía solar para espacios comunes 

 NO APTO MASCOTAS

RAU S.R.L. no ejerce el corretaje inmobiliario. El presente sitio web es una plataforma en donde cada oficina inmobiliaria independiente que contrata los servicios RE/MAX puede publicar las propiedades a su cargo. Cada oficina es de propiedad y gestión independiente, por lo que RAU S.R.L. no interviene en los datos de la publicación, en la operación inmobiliaria, ni en la confección y/o firma del boleto de compraventa y/o escritura y/o contrato de alquiler. En cumplimiento de las leyes vigentes que regulan el corretaje inmobiliario, Ley Nacional 25.028, Ley 22.802 de Lealtad Comercial, Ley 24.240 de Defensa al Consumidor, las normas del Código Civil y Comercial de la Nación y Constitucionales, los agentes/gestores NO ejercen el corretaje inmobiliario. Todas las operaciones inmobiliarias son objeto de intermediación y conclusión por parte del corredor público inmobiliario colegiado a cargo de la publicación, cuyos datos se exhiben en la presente. La presente publicación describe las características esenciales del inmueble, debiéndose consultar al corredor público inmobiliario responsable de la operación por la eventual actualización de las medidas, descripciones arquitectónicas y funcionales, valores de expensas, servicios, impuestos, precios y demás información, cuyos valores son aproximados.",17515-17445
inmoclick:17515-17504,inmoclick,17515,17504,https://inmoclick.com/17515-remax-solutions/inmuebles/17504/ficha/departamento-en-alquiler-en-modesto-lima-0,2026-09-09,,900000.0,ARS,15000.0,60.0,75.0,,2.0,1.0,Departamento,Alquiler,,,Lujan de Cuyo,Mendoza,Modesto Lima 0,-33.032159283226,-68.888053894043,Garage/Cochera,,,,,,,,remax solutions,Inmobiliaria,False,False,,"Corredor Responsable VICTOR E. MONTIVERO CCPIM 783 - 
Contacto Maria Fernanda Rodriguez - MLS ID 420921116-150

El equipo de Remax ofrece en alquiler departamneto de 2 dormitorios complejo privado Lujan de Cuyo.

Un exclusivo complejo de 80 departamentos diseñados para ofrecer una experiencia única en el corazón de Mendoza.
Las unidades de arquitectura moderna y estilo acogedor están pensadas para alojar cómodamente a parejas familias o grupos de hasta cinco personas combinando diseño funcionalidad y calidez en cada detalle.
Departamentos de 1 y 2 habitaciones diseñados para alojar cómodamente entre 2 y 4 personas. Ideales para parejas familias o grupos que buscan comodidad y privacidad.
Diseño contemporáneo con interiores cálidos y funcionales que combinan elegancia luz natural y materiales de calidad.
Amplios espacios verdes con senderos pérgolas y zonas de descanso diseñadas para reconectar con la naturaleza.

El alquiler es por un año con opción a renovación.
RAU S.R.L. no ejerce el corretaje inmobiliario. El presente sitio web es una plataforma en donde cada oficina inmobiliaria independiente que contrata los servicios RE/MAX puede publicar las propiedades a su cargo. Cada oficina es de propiedad y gestión independiente, por lo que RAU S.R.L. no interviene en los datos de la publicación, en la operación inmobiliaria, ni en la confección y/o firma del boleto de compraventa y/o escritura y/o contrato de alquiler. En cumplimiento de las leyes vigentes que regulan el corretaje inmobiliario, Ley Nacional 25.028, Ley 22.802 de Lealtad Comercial, Ley 24.240 de Defensa al Consumidor, las normas del Código Civil y Comercial de la Nación y Constitucionales, los agentes/gestores NO ejercen el corretaje inmobiliario. Todas las operaciones inmobiliarias son objeto de intermediación y conclusión por parte del corredor público inmobiliario colegiado a cargo de la publicación, cuyos datos se exhiben en la presente. La presente publicación describe las características esenciales del inmueble, debiéndose consultar al corredor público inmobiliario responsable de la operación por la eventual actualización de las medidas, descripciones arquitectónicas y funcionales, valores de expensas, servicios, impuestos, precios y demás información, cuyos valores son aproximados.",17515-17504
inmoclick:17515-17505,inmoclick,17515,17505,https://inmoclick.com/17515-remax-solutions/inmuebles/17505/ficha/departamento-en-alquiler-en-modesto-lima-0,2026-09-09,,850.0,USD,14.166666666666666,60.0,75.0,,2.0,1.0,Departamento,Alquiler,,,Lujan de Cuyo,Mendoza,Modesto Lima 0,-33.032160166988,-68.888504505157,Garage/Cochera,,,,,,,,remax solutions,Inmobiliaria,False,False,,"Corredor Responsable VICTOR E. MONTIVERO CCPIM 783 - 
Contacto Maria Fernanda Rodriguez - MLS ID 420921116-149

El equipo de Remax ofrece en alquiler departamento amoblado de dos dormitorios en complejo privado en Lujan de Cuyo. 

Un exclusivo complejo de 80 departamentos diseñados para ofrecer una experiencia única en el corazón de Mendoza.
Las unidades de arquitectura moderna y estilo acogedor están pensadas para alojar cómodamente a parejas familias o grupos de hasta cinco personas combinando diseño funcionalidad y calidez en cada detalle.
Departamentos de 1 y 2 habitaciones diseñados para alojar cómodamente entre 2 y 4 personas. Ideales para parejas familias o grupos que buscan comodidad y privacidad.
Diseño contemporáneo con interiores cálidos y funcionales que combinan elegancia luz natural y materiales de calidad.
Amplios espacios verdes con senderos pérgolas y zonas de descanso diseñadas para reconectar con la naturaleza.

El alquiler es por un año con opción a renovación.
RAU S.R.L. no ejerce el corretaje inmobiliario. El presente sitio web es una plataforma en donde cada oficina inmobiliaria independiente que contrata los servicios RE/MAX puede publicar las propiedades a su cargo. Cada oficina es de propiedad y gestión independiente, por lo que RAU S.R.L. no interviene en los datos de la publicación, en la operación inmobiliaria, ni en la confección y/o firma del boleto de compraventa y/o escritura y/o contrato de alquiler. En cumplimiento de las leyes vigentes que regulan el corretaje inmobiliario, Ley Nacional 25.028, Ley 22.802 de Lealtad Comercial, Ley 24.240 de Defensa al Consumidor, las normas del Código Civil y Comercial de la Nación y Constitucionales, los agentes/gestores NO ejercen el corretaje inmobiliario. Todas las operaciones inmobiliarias son objeto de intermediación y conclusión por parte del corredor público inmobiliario colegiado a cargo de la publicación, cuyos datos se exhiben en la presente. La presente publicación describe las características esenciales del inmueble, debiéndose consultar al corredor público inmobiliario responsable de la operación por la eventual actualización de las medidas, descripciones arquitectónicas y funcionales, valores de expensas, servicios, impuestos, precios y demás información, cuyos valores son aproximados.",17515-17505
inmoclick:17515-17513,inmoclick,17515,17513,https://inmoclick.com/17515-remax-solutions/inmuebles/17513/ficha/departamento-en-alquiler-en-av-guevara-entre-cordoba-y-modesto-lima-0,2026-09-09,,550.0,USD,10.185185185185183,54.0,69.0,,1.0,1.0,Departamento,Alquiler,,,Lujan de Cuyo,Mendoza,Av  Guevara Entre Cordoba y Modesto Lima 0,-33.032258117812,-68.888002395761,Garage/Cochera,,,,,,,,remax solutions,Inmobiliaria,False,False,,"Corredor Responsable VICTOR E. MONTIVERO CCPIM 783 - 
Contacto Maria Fernanda Rodriguez - MLS ID 420921116-148

El equipo de Remax ofrece en alquiler departamento de 1 dormitorio complejo privado Lujan de Cuyo.

Un exclusivo complejo de 80 departamentos diseñados para ofrecer una experiencia única en el corazón de Mendoza.
Las unidades de arquitectura moderna y estilo acogedor están pensadas para alojar cómodamente a parejas familias o grupos de hasta cinco personas combinando diseño funcionalidad y calidez en cada detalle.
Departamentos de 1 y 2 habitaciones diseñados para alojar cómodamente entre 2 y 4 personas. Ideales para parejas familias o grupos que buscan comodidad y privacidad.
Diseño contemporáneo con interiores cálidos y funcionales que combinan elegancia luz natural y materiales de calidad.
Amplios espacios verdes con senderos pérgolas y zonas de descanso diseñadas para reconectar con la naturaleza.

El alquiler es por un año con opción a renovación.

RAU S.R.L. no ejerce el corretaje inmobiliario. El presente sitio web es una plataforma en donde cada oficina inmobiliaria independiente que contrata los servicios RE/MAX puede publicar las propiedades a su cargo. Cada oficina es de propiedad y gestión independiente, por lo que RAU S.R.L. no interviene en los datos de la publicación, en la operación inmobiliaria, ni en la confección y/o firma del boleto de compraventa y/o escritura y/o contrato de alquiler. En cumplimiento de las leyes vigentes que regulan el corretaje inmobiliario, Ley Nacional 25.028, Ley 22.802 de Lealtad Comercial, Ley 24.240 de Defensa al Consumidor, las normas del Código Civil y Comercial de la Nación y Constitucionales, los agentes/gestores NO ejercen el corretaje inmobiliario. Todas las operaciones inmobiliarias son objeto de intermediación y conclusión por parte del corredor público inmobiliario colegiado a cargo de la publicación, cuyos datos se exhiben en la presente. La presente publicación describe las características esenciales del inmueble, debiéndose consultar al corredor público inmobiliario responsable de la operación por la eventual actualización de las medidas, descripciones arquitectónicas y funcionales, valores de expensas, servicios, impuestos, precios y demás información, cuyos valores son aproximados.",17515-17513
inmoclick:17515-17575,inmoclick,17515,17575,https://inmoclick.com/17515-remax-solutions/inmuebles/17575/ficha/departamento-en-alquiler-en-juan-b-alberdi-2100,2026-09-09,,380000.0,ARS,19000.0,20.0,20.0,,,1.0,Departamento,Alquiler,,,Guaymallen,Mendoza,Juan B. Alberdi 2100,-32.8782511,-68.8259375,,,,,,,,,remax solutions,Inmobiliaria,False,False,,"Corredor Responsable VICTOR E. MONTIVERO CCPIM 783 - 
Contacto Rodrigo Ceballos - MLS ID 420921150-67

REMAX SOLUTIONS se complace en presentar en ALQUILER por el plazo de UN AÑO este MONOAMBIENTE en complejo cerrado ubicado en calle Juan B. Alberdi Gllen.
Se encuentra en una zona a solo 5 minutos del centro de Mendoza.
Monoambiente funcional ideal para quienes buscan practicidad y confort.
La unidad es totalmente eléctrica no cuenta con gas lo que brinda mayor seguridad y bajo mantenimiento. Dispone de calefón eléctrico y se encuentra equipada con aire acondicionado a ESTRENAR TCL fríocalor de 3500 frigorías garantizando climatización eficiente durante todo el año.
Baño completo 
Ubicado en planta baja y con un diferencial clave no paga expensas lo que reduce notablemente los gastos mensuales.
- CONTRATO POR UN AÑO.
- AUMENTO TRIMESTRAL SEGÚN EL ÍNDICE IPC O EL ÍNDICE DE CONTRATO DE ALQUILER.

REQUISITOS
- 2 GARANTES CON BONO DE SUELDO QUE DUPLIQUEN MONTO DE ALQUILER
- 1 GARANTE PROPIETARIO. 
EN CASO DE NO CONTAR CON ESTOS REQUISITOS SE SOLICITA SEGURO DE CAUCIÓN. 
No dudes en consultarnos por cualquier inquietud yo para coordinar una visita.
Mudate a la vida que querés!

Todas las propiedades que figuran en mi perfil se encuentran a cargo del profesional matriculado de la oficina VÍCTOR MONTIVERO CCPIM 783. La intermediación y la conclusión de la operación serán llevadas exclusivamente por él.
 
RAU S.R.L. no ejerce el corretaje inmobiliario. El presente sitio web es una plataforma en donde cada oficina inmobiliaria independiente que contrata los servicios RE/MAX puede publicar las propiedades a su cargo. Cada oficina es de propiedad y gestión independiente, por lo que RAU S.R.L. no interviene en los datos de la publicación, en la operación inmobiliaria, ni en la confección y/o firma del boleto de compraventa y/o escritura y/o contrato de alquiler. En cumplimiento de las leyes vigentes que regulan el corretaje inmobiliario, Ley Nacional 25.028, Ley 22.802 de Lealtad Comercial, Ley 24.240 de Defensa al Consumidor, las normas del Código Civil y Comercial de la Nación y Constitucionales, los agentes/gestores NO ejercen el corretaje inmobiliario. Todas las operaciones inmobiliarias son objeto de intermediación y conclusión por parte del corredor público inmobiliario colegiado a cargo de la publicación, cuyos datos se exhiben en la presente. La presente publicación describe las características esenciales del inmueble, debiéndose consultar al corredor público inmobiliario responsable de la operación por la eventual actualización de las medidas, descripciones arquitectónicas y funcionales, valores de expensas, servicios, impuestos, precios y demás información, cuyos valores son aproximados.",17515-17575
inmoclick:17515-17619,inmoclick,17515,17619,https://inmoclick.com/17515-remax-solutions/inmuebles/17619/ficha/departamento-en-alquiler-en-coronel-rodriguez-1000,2026-09-09,,1500.0,USD,15.151515151515152,99.0,102.0,,2.0,2.0,Departamento,Alquiler,,,Capital,Mendoza,Coronel Rodríguez 1000,-32.8888305,-68.8526081,Garage/Cochera,,,,,,,,remax solutions,Inmobiliaria,False,False,,"Corredor Responsable VICTOR E. MONTIVERO CCPIM 783 - 
Contacto Valentina Pagliara - MLS ID 420921044-287

ReMax Solutions ofrece departamento en alquiler en Quinta Sección ciudad de Mendoza.

Ubicado sobre calle Rodriguez a media cuadra de Av. Emilio Civit dos de Av. Belgrano y cuatro de Aristides Villanueva. Zona de restaurantes locales comerciales cafeterías panaderías entre otros. Colectivos metrotranvía.

El departamento se alquila amoblado. Ubicado en segundo piso por ascensor. Distribuido de la siguiente forma hall de ingreso estar comedor cocina con lavandería dos dormitorios uno con vestidor y baño en suite un baño completo y balcón.

Cochera para un vehículo.

El edificio cuenta con seguridad 24 hs gimnasio piscina y sum.

- El precio distancias y medidas indicadas son de referencia sujeto a modificaciones sin previo aviso.-
- Los datos consignados en esta web pueden contener errores y no son contractuales verifique los mismos previamente con nuestro asesor.-
RAU S.R.L. no ejerce el corretaje inmobiliario. El presente sitio web es una plataforma en donde cada oficina inmobiliaria independiente que contrata los servicios RE/MAX puede publicar las propiedades a su cargo. Cada oficina es de propiedad y gestión independiente, por lo que RAU S.R.L. no interviene en los datos de la publicación, en la operación inmobiliaria, ni en la confección y/o firma del boleto de compraventa y/o escritura y/o contrato de alquiler. En cumplimiento de las leyes vigentes que regulan el corretaje inmobiliario, Ley Nacional 25.028, Ley 22.802 de Lealtad Comercial, Ley 24.240 de Defensa al Consumidor, las normas del Código Civil y Comercial de la Nación y Constitucionales, los agentes/gestores NO ejercen el corretaje inmobiliario. Todas las operaciones inmobiliarias son objeto de intermediación y conclusión por parte del corredor público inmobiliario colegiado a cargo de la publicación, cuyos datos se exhiben en la presente. La presente publicación describe las características esenciales del inmueble, debiéndose consultar al corredor público inmobiliario responsable de la operación por la eventual actualización de las medidas, descripciones arquitectónicas y funcionales, valores de expensas, servicios, impuestos, precios y demás información, cuyos valores son aproximados.",17515-17619
inmoclick:17515-17747,inmoclick,17515,17747,https://inmoclick.com/17515-remax-solutions/inmuebles/17747/ficha/departamento-en-alquiler-en-san-lorenzo-500,2026-09-09,,1000.0,USD,12.5,80.0,180.0,,2.0,2.0,Departamento,Alquiler,,,Capital,Mendoza,San Lorenzo 500,-32.890182557831,-68.850374221802,,,,,,,,,remax solutions,Inmobiliaria,False,False,,"Corredor Responsable VICTOR E. MONTIVERO CCPIM 783 - 
Contacto Mario Ramirez - MLS ID 420921121-192

REMAX ofrece en alquiler maravilloso departamento frontal en Edificio Da Vinci de Ciudad.
Con espectacular vista a Plaza Italia y a la montaña

Ubicación privilegiada a 4 cuadras del centro de la ciudad 2 cuadras de calle Belgrano y minutos del parque General San Martín.

DEPARTAMENTO CATEGORÍA
- Dormitorio principal en suite con ventanal al balcón.
- Dormitorio secundario con ventanal al balcón.
- Baño
- Amplio living comedor con espectacular vista a Plaza Italia y montaña acceso a gran balcón.
- Gran Cocina con mesada bajo mesada calefón cocina y amoblamientos de cocina espacio para barra desayunadora o mesa comedor.
- Calefacción central
- Aires Acondicionados
- Seguridad las 24 hs

AMENITIES
- SUM totalmente equipado con cocina mesas y sillas.
- Lavandería con todo equipado.
- Gimnasio
- 2 piscinas 1 en la Terraza en piso 22 y otra en Planta Baja
- Juego de terraza en la piscina de arriba vista 360 de la ciudad de Mendoza
- Micro cine
- Cava individual privada
- Lobby recepción del edificio
- Ascensores
- Excelente vistas panorámicas de toda la ciudad

El contrato es a 2 años.
No posee cochera el departamento.

Requisitos para alquilar

2 garantes 1 propietario o Seguro de Caución
Mes alquiler
Mes de garantía o depósito
Comisión inmobiliaria equivalente a 1 mes de alquiler

RAU S.R.L. no ejerce el corretaje inmobiliario. El presente sitio web es una plataforma en donde cada oficina inmobiliaria independiente que contrata los servicios RE/MAX puede publicar las propiedades a su cargo. Cada oficina es de propiedad y gestión independiente, por lo que RAU S.R.L. no interviene en los datos de la publicación, en la operación inmobiliaria, ni en la confección y/o firma del boleto de compraventa y/o escritura y/o contrato de alquiler. En cumplimiento de las leyes vigentes que regulan el corretaje inmobiliario, Ley Nacional 25.028, Ley 22.802 de Lealtad Comercial, Ley 24.240 de Defensa al Consumidor, las normas del Código Civil y Comercial de la Nación y Constitucionales, los agentes/gestores NO ejercen el corretaje inmobiliario. Todas las operaciones inmobiliarias son objeto de intermediación y conclusión por parte del corredor público inmobiliario colegiado a cargo de la publicación, cuyos datos se exhiben en la presente. La presente publicación describe las características esenciales del inmueble, debiéndose consultar al corredor público inmobiliario responsable de la operación por la eventual actualización de las medidas, descripciones arquitectónicas y funcionales, valores de expensas, servicios, impuestos, precios y demás información, cuyos valores son aproximados.",17515-17747
inmoclick:17515-17796,inmoclick,17515,17796,https://inmoclick.com/17515-remax-solutions/inmuebles/17796/ficha/departamento-en-alquiler-en-doctor-lemos-0,2026-09-09,,650000.0,ARS,9285.714285714286,70.0,88.0,,2.0,1.0,Departamento,Alquiler,,,Las Heras,Mendoza,Doctor Lemos 0,-32.8636111,-68.8766582,Garage/Cochera,,,,,,,,remax solutions,Inmobiliaria,False,False,,"Corredor Responsable VICTOR E. MONTIVERO CCPIM 783 - 
Contacto María Fernanda Mansilla - MLS ID 420921130-125

EQUIPO REMAX ALQUILA

Departamento en alquiler en Barrio Alto Mendoza

Ubicado en un complejo exclusivo de solo 4 departamentos este hogar ofrece el equilibrio perfecto entre 

tranquilidad confort y funcionalidad. En primer piso por escalera se destaca por su excelente luminosidad 

y ambientes bien distribuidos.

Cuenta con living cómodo cocina separada dos habitaciones con buena ventilación un toilette y un baño
 
completo. Sus terminaciones modernas incluyen pisos de porcelanato aberturas de aluminio y aires

acondicionados brindando practicidad y confort durante todo el año.

Además dispone de cochera techada y expensas de 40.000 aproximadamente.

Ideal para quienes buscan vivir en un entorno sereno con rápida conexión a la ciudad y todos los servicios

Listo para mudarse y disfrutar desde el primer día.

Una oportunidad única para vivir con confort y ubicación privilegiada. ¡Consúltame para más información

 coordinar una visita!

Todas las propiedades que figuran en mi perfil se encuentran a cargo del profesional matriculado de la

 oficina la intermediación y la conclusión de la operación serán llevadas exclusivamente por el.

VICTOR E MONTIVERO CCPIM 783.

RAU S.R.L. no ejerce el corretaje inmobiliario. El presente sitio web es una plataforma en donde cada oficina inmobiliaria independiente que contrata los servicios RE/MAX puede publicar las propiedades a su cargo. Cada oficina es de propiedad y gestión independiente, por lo que RAU S.R.L. no interviene en los datos de la publicación, en la operación inmobiliaria, ni en la confección y/o firma del boleto de compraventa y/o escritura y/o contrato de alquiler. En cumplimiento de las leyes vigentes que regulan el corretaje inmobiliario, Ley Nacional 25.028, Ley 22.802 de Lealtad Comercial, Ley 24.240 de Defensa al Consumidor, las normas del Código Civil y Comercial de la Nación y Constitucionales, los agentes/gestores NO ejercen el corretaje inmobiliario. Todas las operaciones inmobiliarias son objeto de intermediación y conclusión por parte del corredor público inmobiliario colegiado a cargo de la publicación, cuyos datos se exhiben en la presente. La presente publicación describe las características esenciales del inmueble, debiéndose consultar al corredor público inmobiliario responsable de la operación por la eventual actualización de las medidas, descripciones arquitectónicas y funcionales, valores de expensas, servicios, impuestos, precios y demás información, cuyos valores son aproximados.",17515-17796
inmoclick:17515-17803,inmoclick,17515,17803,https://inmoclick.com/17515-remax-solutions/inmuebles/17803/ficha/departamento-en-alquiler-en-formosa-400,2026-09-09,,600000.0,ARS,12000.0,50.0,60.0,,1.0,1.0,Departamento,Alquiler,,,Capital,Mendoza,Formosa 400,-32.9032942,-68.838033,,,,,,,,,remax solutions,Inmobiliaria,False,False,,"Corredor Responsable VICTOR E. MONTIVERO CCPIM 783 - 
Contacto Manuela Hanna - MLS ID 420921156-118

Departamento apto profesional en alquiler

Remax ofrece excelente departamento en primer piso por escalera ideal tanto para vivienda como para uso profesional.

La propiedad cuenta con un luminoso living-comedor con cocina integrada lo que brinda un espacio moderno y funcional. Dispone de un dormitorio cómodo un baño completo y una práctica lavandería independiente con patio aportando ventilación y espacio adicional.

Ubicado en una zona tranquila con fácil acceso y buena conectividad.

Una opción ideal para quienes buscan comodidad y versatilidad en un mismo lugar.
RAU S.R.L. no ejerce el corretaje inmobiliario. El presente sitio web es una plataforma en donde cada oficina inmobiliaria independiente que contrata los servicios RE/MAX puede publicar las propiedades a su cargo. Cada oficina es de propiedad y gestión independiente, por lo que RAU S.R.L. no interviene en los datos de la publicación, en la operación inmobiliaria, ni en la confección y/o firma del boleto de compraventa y/o escritura y/o contrato de alquiler. En cumplimiento de las leyes vigentes que regulan el corretaje inmobiliario, Ley Nacional 25.028, Ley 22.802 de Lealtad Comercial, Ley 24.240 de Defensa al Consumidor, las normas del Código Civil y Comercial de la Nación y Constitucionales, los agentes/gestores NO ejercen el corretaje inmobiliario. Todas las operaciones inmobiliarias son objeto de intermediación y conclusión por parte del corredor público inmobiliario colegiado a cargo de la publicación, cuyos datos se exhiben en la presente. La presente publicación describe las características esenciales del inmueble, debiéndose consultar al corredor público inmobiliario responsable de la operación por la eventual actualización de las medidas, descripciones arquitectónicas y funcionales, valores de expensas, servicios, impuestos, precios y demás información, cuyos valores son aproximados.",17515-17803
inmoclick:17515-17861,inmoclick,17515,17861,https://inmoclick.com/17515-remax-solutions/inmuebles/17861/ficha/departamento-en-alquiler-en-los-alamos-1400,2026-09-09,,650000.0,ARS,18571.42857142857,35.0,40.0,,1.0,1.0,Departamento,Alquiler,,,Godoy Cruz,Mendoza,Los Alamos 1400,-32.9094759,-68.8393255,Garage/Cochera,,,,,,,,remax solutions,Inmobiliaria,False,False,,"Corredor Responsable VICTOR E. MONTIVERO CCPIM 783 - 
Contacto Felipe Darío Rubio - MLS ID 420921299-11

El equipo ReMax ofrece este hermoso departamento en alquiler ubicado en un punto estratégico de Godoy Cruz con excelente conectividad y fácil acceso a las principales arterias de la zona. Su ubicación permite moverse cómodamente hacia Ciudad Guaymallén zona comercial de Godoy Cruz y accesos principales.

La unidad se encuentra dentro de un complejo cerrado acepta mascotas y tiene cámaras de seguridad las 24 horas lo que ofrece mayor seguridad y comodidad para el día a día.

El departamento cuenta con living comedor cocina equipada dormitorio con placard y terraza baño completo balcón y sector de lavandería.

Además posee cochera techada un diferencial muy importante para quienes buscan practicidad y resguardo del vehículo.

Características

 Ubicación estratégica en Godoy Cruz
 Complejo cerrado
 Departamento amoblado
 Living comedor
 Cocina equipada
 Dormitorio con placard
 Baño completo
 Balcón
 Lavandería
 Cochera techada

Valores de alquiler

 Sin amoblar 600.000

Una excelente opción para quienes buscan vivir en una zona práctica segura y bien conectada.
RAU S.R.L. no ejerce el corretaje inmobiliario. El presente sitio web es una plataforma en donde cada oficina inmobiliaria independiente que contrata los servicios RE/MAX puede publicar las propiedades a su cargo. Cada oficina es de propiedad y gestión independiente, por lo que RAU S.R.L. no interviene en los datos de la publicación, en la operación inmobiliaria, ni en la confección y/o firma del boleto de compraventa y/o escritura y/o contrato de alquiler. En cumplimiento de las leyes vigentes que regulan el corretaje inmobiliario, Ley Nacional 25.028, Ley 22.802 de Lealtad Comercial, Ley 24.240 de Defensa al Consumidor, las normas del Código Civil y Comercial de la Nación y Constitucionales, los agentes/gestores NO ejercen el corretaje inmobiliario. Todas las operaciones inmobiliarias son objeto de intermediación y conclusión por parte del corredor público inmobiliario colegiado a cargo de la publicación, cuyos datos se exhiben en la presente. La presente publicación describe las características esenciales del inmueble, debiéndose consultar al corredor público inmobiliario responsable de la operación por la eventual actualización de las medidas, descripciones arquitectónicas y funcionales, valores de expensas, servicios, impuestos, precios y demás información, cuyos valores son aproximados.",17515-17861
inmoclick:17515-17869,inmoclick,17515,17869,https://inmoclick.com/17515-remax-solutions/inmuebles/17869/ficha/departamento-en-alquiler-en-civit-guaymallen-0,2026-09-09,,550000.0,ARS,12222.222222222224,45.0,48.0,,1.0,1.0,Departamento,Alquiler,,,Capital,Mendoza,Civit Guaymallén 0,-32.886488732495,-68.813488483429,Garage/Cochera,,,,,,,,remax solutions,Inmobiliaria,False,False,,"Corredor Responsable VICTOR E. MONTIVERO CCPIM 783 - 
Contacto Carina del Rosario López - MLS ID 420921315-11

DEPARTAMENTO 1 AMBIENTE EN ALQUILER GUAYMALLÉN MENDOZA EDIFICIO LANCATAY

Departamento funcional de 45 m ubicado en zona estratégica de Guaymallén sobre Avenida Civit. Propiedad construida en 2009 con excelente estado de conservación diseñada para profesionales y parejas que valoran practicidad y ubicación.
Distribución interior optimizada con tres ambientes living-comedor integrado dormitorio con placard y baño completo. Cocina equipada con instalación de gas natural. Orientación oeste que garantiza luminosidad natural durante todo el día.
El inmueble forma parte del edificio Lancatay que ofrece amenities de alto valor cochera techada con ingreso por portón eléctrico acceso mediante escaleras y ascensor jardines comunes y churrasquera compartida. 

Características destacadas
- 1 dormitorio con placard
- Living-comedor integrado
- Baño completo
- Cocina con instalación de gas natural
- Cochera techada
- Orientación oeste
- Edificio con amenities

Propiedad ideal para profesionales o parejas que buscan un departamento funcional y bien ubicado en el Gran Mendoza.

Corredor responsable Víctor Montivero CCPIM 783
RAU S.R.L. no ejerce el corretaje inmobiliario. El presente sitio web es una plataforma en donde cada oficina inmobiliaria independiente que contrata los servicios RE/MAX puede publicar las propiedades a su cargo. Cada oficina es de propiedad y gestión independiente, por lo que RAU S.R.L. no interviene en los datos de la publicación, en la operación inmobiliaria, ni en la confección y/o firma del boleto de compraventa y/o escritura y/o contrato de alquiler. En cumplimiento de las leyes vigentes que regulan el corretaje inmobiliario, Ley Nacional 25.028, Ley 22.802 de Lealtad Comercial, Ley 24.240 de Defensa al Consumidor, las normas del Código Civil y Comercial de la Nación y Constitucionales, los agentes/gestores NO ejercen el corretaje inmobiliario. Todas las operaciones inmobiliarias son objeto de intermediación y conclusión por parte del corredor público inmobiliario colegiado a cargo de la publicación, cuyos datos se exhiben en la presente. La presente publicación describe las características esenciales del inmueble, debiéndose consultar al corredor público inmobiliario responsable de la operación por la eventual actualización de las medidas, descripciones arquitectónicas y funcionales, valores de expensas, servicios, impuestos, precios y demás información, cuyos valores son aproximados.",17515-17869
inmoclick:17515-17985,inmoclick,17515,17985,https://inmoclick.com/17515-remax-solutions/inmuebles/17985/ficha/departamento-en-alquiler-en-villa-arauca-0,2026-09-09,,800000.0,ARS,12307.692307692309,65.0,75.0,,2.0,1.0,Departamento,Alquiler,,,Maipu,Mendoza,Villa Arauca 0,-32.982493025953,-68.801457881491,Garage/Cochera,,,,,,,,remax solutions,Inmobiliaria,False,False,,"Corredor Responsable VICTOR E. MONTIVERO CCPIM 783 - 
Contacto Raimundo Bustos - MLS ID 420921210-162

Viví en un entorno moderno tranquilo y rodeado de naturaleza a metros de Arauca Mall y calle Maza.
Este departamento en Villa Arauca combina diseño contemporáneo excelente calidad constructiva y una propuesta sustentable pensada para el confort diario.
Una opción ideal para quienes buscan amplitud ubicación estratégica y un estilo de vida más conectado con el entorno.

Equipo REMAX ofrece a la venta departamento de 3 ambientes en el complejo Villa Arauca ubicado en una de las zonas con mayor crecimiento y proyección de Maipú Mendoza.

La propiedad cuenta con una superficie total de 75 m distribuidos en 65 m cubiertos y 10 m semicubiertos ofreciendo ambientes funcionales cómodos y con excelente luminosidad natural.

Su ubicación estratégica a pocos metros de Arauca Mall y calle Maza permite acceder rápidamente a servicios comercios gastronomía y principales vías de circulación manteniendo al mismo tiempo un entorno residencial tranquilo y rodeado de espacios verdes.

Equipo REMAX ofrece en alquiler departamento de 3 ambientes en el complejo Villa Arauca ubicado en una de las zonas con mayor crecimiento y proyección de Maipú Mendoza.

La propiedad cuenta con una superficie total de 75 m distribuidos en 65 m cubiertos y 10 m semicubiertos ofreciendo ambientes funcionales cómodos y con excelente luminosidad natural.

Su ubicación estratégica a pocos metros de Arauca Mall y calle Maza permite acceder rápidamente a servicios comercios gastronomía y principales vías de circulación manteniendo al mismo tiempo un entorno residencial tranquilo y rodeado de espacios verdes.

El departamento dispone de

Living comedor integrado
Cocina funcional
2 dormitorios
1 baño completo
Cochera privada

Se destaca por su construcción tradicional y sus terminaciones de calidad incorporando aberturas de aluminio con doble vidrio hermético DVH generando mayor aislación térmica y acústica para un mejor confort interior.

Villa Arauca propone además una filosofía de diseño sustentable y eficiente incorporando soluciones ecofriendly que aportan valor eficiencia energética y menor impacto ambiental.

Entre sus características distintivas se destacan

Preinstalación para paneles solares
Termotanques solares
Ventilación cruzada natural
Aislaciones térmicas premium ecológicas
Uso eficiente del agua
Reutilización de agua de lluvia
Sistemas de riego eficientes
Parquización autóctona de bajo consumo hídrico
Estacionamiento para bicicletas
Utilización de energías limpias y renovables

Una propuesta moderna funcional y pensada para quienes priorizan calidad de vida diseño y ubicación.

CARACTERÍSTICAS DESTACADAS
2 dormitorios
1 baño completo
Cochera privada
75 m totales
65 m cubiertos
10 m semicubiertos
Aberturas DVH
Construcción tradicional
Diseño sustentable
Complejo con espacios verdes
Excelente ubicación en Maipú
Cercanía a Arauca Mall y calle Maza

Consultanos para más información o para coordinar una visita.
Una excelente oportunidad para vivir o invertir en uno de los desarrollos con mayor proyección de Maipú.

RAU S.R.L. no ejerce el corretaje inmobiliario. El presente sitio web es una plataforma en donde cada oficina inmobiliaria independiente que contrata los servicios RE/MAX puede publicar las propiedades a su cargo. Cada oficina es de propiedad y gestión independiente, por lo que RAU S.R.L. no interviene en los datos de la publicación, en la operación inmobiliaria, ni en la confección y/o firma del boleto de compraventa y/o escritura y/o contrato de alquiler. En cumplimiento de las leyes vigentes que regulan el corretaje inmobiliario, Ley Nacional 25.028, Ley 22.802 de Lealtad Comercial, Ley 24.240 de Defensa al Consumidor, las normas del Código Civil y Comercial de la Nación y Constitucionales, los agentes/gestores NO ejercen el corretaje inmobiliario. Todas las operaciones inmobiliarias son objeto de intermediación y conclusión por parte del corredor público inmobiliario colegiado a cargo de la publicación, cuyos datos se exhiben en la presente. La presente publicación describe las características esenciales del inmueble, debiéndose consultar al corredor público inmobiliario responsable de la operación por la eventual actualización de las medidas, descripciones arquitectónicas y funcionales, valores de expensas, servicios, impuestos, precios y demás información, cuyos valores son aproximados.",17515-17985
inmoclick:17515-17998,inmoclick,17515,17998,https://inmoclick.com/17515-remax-solutions/inmuebles/17998/ficha/departamento-en-alquiler-en-junin-0,2026-09-09,,2000.0,USD,6.153846153846154,325.0,325.0,,5.0,4.0,Departamento,Alquiler,,,Capital,Mendoza,Junín 0,-32.901911684568,-68.842660188675,Garage/Cochera,,,,,,,,remax solutions,Inmobiliaria,False,False,,"Corredor Responsable VICTOR E. MONTIVERO CCPIM 783 - 
Contacto Diego Guyet - MLS ID 420921183-132

remax ofrece en alquiler lujoso penthouse ubicado en ciudad de mendoza vista 360 a la ciudad.

Ubicado en el barrio bombal de ciudad de Mendoza

Vivir en un penthouse como el que describís en el barrio Bombal de Mendoza ofrece una serie de ventajas únicas. Aquí te detallo algunas de ellas

Vistas y privacidad
Al estar en un octavo y último piso las vistas panorámicas son inigualables. Podés disfrutar de la Cordillera de los Andes hacia el oeste así como de la ciudad de Mendoza en todas las direcciones. La altura y la ausencia de vecinos arriba garantizan un nivel de privacidad y tranquilidad superior al de otros departamentos.

Espacio y luminosidad
Un penthouse de 340 metros cuadrados es mucho más amplio que un departamento estándar. Esto te permite tener una distribución más cómoda y la posibilidad de contar con cuatro habitaciones y una de servicio lo que es ideal para familias grandes o para quienes reciben visitas frecuentemente. Además al tener orientación hacia los cuatro puntos cardinales la luz natural entra durante todo el día lo que genera ambientes más luminosos y agradables.

Entretenimiento y calidad de vida
La galería con parrilla orientada al oeste es un espacio perfecto para disfrutar de reuniones con amigos y familiares con el impresionante telón de fondo de la montaña. Es como tener un jardín en las alturas. Este tipo de amenidades eleva significativamente la calidad de vida y ofrece un lugar de esparcimiento privado y exclusivo.

Ubicación
El barrio Bombal es uno de los más tradicionales y valorados de Mendoza. Su ubicación céntrica pero residencial te permite estar cerca de restaurantes bares comercios y parques sin sacrificar la tranquilidad.

En resumen un penthouse con estas características en el barrio Bombal de Mendoza combina la comodidad de un hogar espacioso con las ventajas de un departamento de lujo ofreciendo vistas espectaculares gran privacidad y una ubicación privilegiada.- Muy buenestado

Distribución

- tiene doble ingreso con un pasillo único para el departamento.
- amplia cocina moderna con vistas y balcones a ambos lados.
- habitacion de servicios con baño completo.
- amplio living comedor con balcon hacia el sur 
- balcon con parrilla orientado hacia el oeste 
- pasillo con 2 baños completos y 3 habitaciones amplias
- suite principal con balcon hacia el sur vestidor con baño completo yacuzzi.

El edificio cuenta con seguridad privada las 24 hs zoom y pileta en el 4to piso.

aceptan permutas por casa de mayor valor 

RAU S.R.L. no ejerce el corretaje inmobiliario. El presente sitio web es una plataforma en donde cada oficina inmobiliaria independiente que contrata los servicios RE/MAX puede publicar las propiedades a su cargo. Cada oficina es de propiedad y gestión independiente, por lo que RAU S.R.L. no interviene en los datos de la publicación, en la operación inmobiliaria, ni en la confección y/o firma del boleto de compraventa y/o escritura y/o contrato de alquiler. En cumplimiento de las leyes vigentes que regulan el corretaje inmobiliario, Ley Nacional 25.028, Ley 22.802 de Lealtad Comercial, Ley 24.240 de Defensa al Consumidor, las normas del Código Civil y Comercial de la Nación y Constitucionales, los agentes/gestores NO ejercen el corretaje inmobiliario. Todas las operaciones inmobiliarias son objeto de intermediación y conclusión por parte del corredor público inmobiliario colegiado a cargo de la publicación, cuyos datos se exhiben en la presente. La presente publicación describe las características esenciales del inmueble, debiéndose consultar al corredor público inmobiliario responsable de la operación por la eventual actualización de las medidas, descripciones arquitectónicas y funcionales, valores de expensas, servicios, impuestos, precios y demás información, cuyos valores son aproximados.",17515-17998
inmoclick:17515-18049,inmoclick,17515,18049,https://inmoclick.com/17515-remax-solutions/inmuebles/18049/ficha/departamento-en-alquiler-en-pedro-j-godoy-500,2026-09-09,,850000.0,ARS,14406.77966101695,59.0,59.0,,2.0,1.0,Departamento,Alquiler,,,Godoy Cruz,Mendoza,Pedro J. Godoy 500,-32.9030584,-68.8542585,Garage/Cochera,,,,,,,,remax solutions,Inmobiliaria,False,False,,"Corredor Responsable VICTOR E. MONTIVERO CCPIM 783 - 
Contacto Carina Caceres - MLS ID 420921253-31

Te presentamos este increíble departamento en planta baja ubicado en calle Pedro J. Godoy 595 esquina Renato Sanzin en una de las zonas más buscadas de Mendoza justo en el límite entre Godoy Cruz y Capital. Una ubicación estratégica con rápidos accesos a los principales puntos de la ciudad.
La propiedad combina comodidad luminosidad y funcionalidad en cada ambiente. Cuenta con dos cómodas habitaciones cocina con desayunador integrada ambientes amplios y súper luminosos cochera propia y baulera ideal para sumar espacio y practicidad en el día a día.
Su entorno es simplemente privilegiado a minutos de centros comerciales colegios supermercados y del icónico Parque General San Martín perfecto para disfrutar de actividades al aire libre deporte y momentos de recreación.
Una propiedad ideal para vivir y una excelente conectividad.
 Confort ubicación y calidad de vida en un solo lugar.
RAU S.R.L. no ejerce el corretaje inmobiliario. El presente sitio web es una plataforma en donde cada oficina inmobiliaria independiente que contrata los servicios RE/MAX puede publicar las propiedades a su cargo. Cada oficina es de propiedad y gestión independiente, por lo que RAU S.R.L. no interviene en los datos de la publicación, en la operación inmobiliaria, ni en la confección y/o firma del boleto de compraventa y/o escritura y/o contrato de alquiler. En cumplimiento de las leyes vigentes que regulan el corretaje inmobiliario, Ley Nacional 25.028, Ley 22.802 de Lealtad Comercial, Ley 24.240 de Defensa al Consumidor, las normas del Código Civil y Comercial de la Nación y Constitucionales, los agentes/gestores NO ejercen el corretaje inmobiliario. Todas las operaciones inmobiliarias son objeto de intermediación y conclusión por parte del corredor público inmobiliario colegiado a cargo de la publicación, cuyos datos se exhiben en la presente. La presente publicación describe las características esenciales del inmueble, debiéndose consultar al corredor público inmobiliario responsable de la operación por la eventual actualización de las medidas, descripciones arquitectónicas y funcionales, valores de expensas, servicios, impuestos, precios y demás información, cuyos valores son aproximados.",17515-18049
inmoclick:17515-18068,inmoclick,17515,18068,https://inmoclick.com/17515-remax-solutions/inmuebles/18068/ficha/departamento-en-alquiler-en-catamarca-0,2026-09-09,,600000.0,ARS,7317.073170731707,82.0,82.0,,3.0,1.0,Departamento,Alquiler,,,Capital,Mendoza,Catamarca 0,-32.889722255939,-68.838540315628,,,,,,,,,remax solutions,Inmobiliaria,False,False,,"Corredor Responsable VICTOR E. MONTIVERO CCPIM 783 - 
Contacto Juan Jose Bertoni - MLS ID 420921198-48

DEPARTAMENTO 3 AMBIENTES EN ALQUILER - CENTRO - MENDOZA CAPITAL

Departamento amoblado de tres dormitorios ubicado estratégicamente en pleno centro de Mendoza sobre calle Catamarca 31. Con una superficie total de 82 m ofrece una distribución funcional y luminosa en una zona residencial céntrica con excelente conectividad comercial y de transporte público.

El inmueble se encuentra en un edificio con ingreso seguro y modernos ascensores con un estado general excelente. Dispone de una orientación norte y distribución frente lo que garantiza una iluminación natural óptima en todos sus ambientes.

Distribución interior con hall de ingreso que comunica a cocina con desayunador y lavadero y amplio living comedor. Cuenta con tres dormitorios equipados con placares un baño completo y un toilette. Todas las ventanas poseen telas mosquiteras maximizando la luminosidad sin comprometer la salud.

Equipamiento completo incluye
- Cocina mueble bajo mesada 4 hornallas a gas horno heladera microondas
- Lavandería lavarropa termotanque a gas
- Living 2 sillones mesa ratona
- Dormitorios cama de 2 plazas equipo de aire acondicionado
- Mobiliario adicional muebles para vajilla y cristalería

Amenities ascensor aire acondicionado. Servicios de electricidad gas y desage cloacal.

Condiciones de alquiler
- Actualización trimestral por IPC
- Expensas 95.000 mensuales

Requisitos
- Primer mes de alquiler
- Mes de depósito
- Comisión inmobiliaria

Opciones de garantía
- 2 garantes 1 con recibo de sueldo 1 con propiedad
- Alternativa seguro de caución

Contacte a nuestro equipo para más información y coordinar visita.
RAU S.R.L. no ejerce el corretaje inmobiliario. El presente sitio web es una plataforma en donde cada oficina inmobiliaria independiente que contrata los servicios RE/MAX puede publicar las propiedades a su cargo. Cada oficina es de propiedad y gestión independiente, por lo que RAU S.R.L. no interviene en los datos de la publicación, en la operación inmobiliaria, ni en la confección y/o firma del boleto de compraventa y/o escritura y/o contrato de alquiler. En cumplimiento de las leyes vigentes que regulan el corretaje inmobiliario, Ley Nacional 25.028, Ley 22.802 de Lealtad Comercial, Ley 24.240 de Defensa al Consumidor, las normas del Código Civil y Comercial de la Nación y Constitucionales, los agentes/gestores NO ejercen el corretaje inmobiliario. Todas las operaciones inmobiliarias son objeto de intermediación y conclusión por parte del corredor público inmobiliario colegiado a cargo de la publicación, cuyos datos se exhiben en la presente. La presente publicación describe las características esenciales del inmueble, debiéndose consultar al corredor público inmobiliario responsable de la operación por la eventual actualización de las medidas, descripciones arquitectónicas y funcionales, valores de expensas, servicios, impuestos, precios y demás información, cuyos valores son aproximados.",17515-18068
inmoclick:17515-18170,inmoclick,17515,18170,https://inmoclick.com/17515-remax-solutions/inmuebles/18170/ficha/departamento-en-alquiler-en-gutierrez-900,2026-09-09,,600000.0,ARS,12500.0,48.0,48.0,,1.0,1.0,Departamento,Alquiler,,,Godoy Cruz,Mendoza,Gutiérrez 900,-32.9109591,-68.8553264,,,,,,,,,remax solutions,Inmobiliaria,False,False,,"Corredor Responsable VICTOR E. MONTIVERO CCPIM 783 - 
Contacto Edgardo Jaliff - MLS ID 420921146-102

Remax Ofrece

VALOR AMOBLADO 750.000

Alquiler de un departamento de 1 dormitorio totalmente amoblado listo para mudarse.

Cuenta con

-Heladera
-Aires acondicionados
-Mesas y sillas
-Termotanque cocina y estractor
-Sillón
-Tv de 40
-Pava eléctrica y tostadora

El alquiler se ofrece por 12 meses un año con posibilidad de renovación.

Requisitos
SEGURO DE CAUCIÓN
RAU S.R.L. no ejerce el corretaje inmobiliario. El presente sitio web es una plataforma en donde cada oficina inmobiliaria independiente que contrata los servicios RE/MAX puede publicar las propiedades a su cargo. Cada oficina es de propiedad y gestión independiente, por lo que RAU S.R.L. no interviene en los datos de la publicación, en la operación inmobiliaria, ni en la confección y/o firma del boleto de compraventa y/o escritura y/o contrato de alquiler. En cumplimiento de las leyes vigentes que regulan el corretaje inmobiliario, Ley Nacional 25.028, Ley 22.802 de Lealtad Comercial, Ley 24.240 de Defensa al Consumidor, las normas del Código Civil y Comercial de la Nación y Constitucionales, los agentes/gestores NO ejercen el corretaje inmobiliario. Todas las operaciones inmobiliarias son objeto de intermediación y conclusión por parte del corredor público inmobiliario colegiado a cargo de la publicación, cuyos datos se exhiben en la presente. La presente publicación describe las características esenciales del inmueble, debiéndose consultar al corredor público inmobiliario responsable de la operación por la eventual actualización de las medidas, descripciones arquitectónicas y funcionales, valores de expensas, servicios, impuestos, precios y demás información, cuyos valores son aproximados.",17515-18170
inmoclick:17515-18243,inmoclick,17515,18243,https://inmoclick.com/17515-remax-solutions/inmuebles/18243/ficha/departamento-en-alquiler-en-25-de-mayo-1600,2026-09-09,,800000.0,ARS,10000.0,80.0,90.0,,2.0,1.0,Departamento,Alquiler,,,Capital,Mendoza,25 de Mayo 1600,-32.8833739,-68.8453115,Garage/Cochera,,,,,,,,remax solutions,Inmobiliaria,False,False,,"Corredor Responsable VICTOR E. MONTIVERO CCPIM 783 - 
Contacto Manuela Hanna - MLS ID 420921156-126

ALQUILER DEPARTAMENTO 3 AMBIENTES TOTALMENTE AMOBLADO CIUDAD DE MENDOZA

REMAX ofrece en alquiler moderno y exclusivo departamento a estrenar y totalmente amoblado ubicado en una de las zonas más cotizadas y de fácil acceso de la ciudad. Ideal para quienes buscan confort estilo y practicidad.

 Características principales
 2 habitaciones amplias y luminosas con placares empotrados
 1 baño completo con acabados de alta calidad
 Cocina-comedor equipada con mobiliario de alto estándar y ventanales que brindan excelente luz natural
 Balcón frontal a calle 25 de mayo. 
 Departamento totalmente amoblado y listo para habitar
 Estacionamiento techado en el edificio

 Ubicación privilegiada a pasos de tiendas restaurantes escuelas y parques con excelente conectividad a transporte público y principales arterias viales.

 Viví en un espacio moderno cómodo y perfectamente ubicado.

 Consultanos para más información o coordinar una visita.
RAU S.R.L. no ejerce el corretaje inmobiliario. El presente sitio web es una plataforma en donde cada oficina inmobiliaria independiente que contrata los servicios RE/MAX puede publicar las propiedades a su cargo. Cada oficina es de propiedad y gestión independiente, por lo que RAU S.R.L. no interviene en los datos de la publicación, en la operación inmobiliaria, ni en la confección y/o firma del boleto de compraventa y/o escritura y/o contrato de alquiler. En cumplimiento de las leyes vigentes que regulan el corretaje inmobiliario, Ley Nacional 25.028, Ley 22.802 de Lealtad Comercial, Ley 24.240 de Defensa al Consumidor, las normas del Código Civil y Comercial de la Nación y Constitucionales, los agentes/gestores NO ejercen el corretaje inmobiliario. Todas las operaciones inmobiliarias son objeto de intermediación y conclusión por parte del corredor público inmobiliario colegiado a cargo de la publicación, cuyos datos se exhiben en la presente. La presente publicación describe las características esenciales del inmueble, debiéndose consultar al corredor público inmobiliario responsable de la operación por la eventual actualización de las medidas, descripciones arquitectónicas y funcionales, valores de expensas, servicios, impuestos, precios y demás información, cuyos valores son aproximados.",17515-18243
inmoclick:17515-18248,inmoclick,17515,18248,https://inmoclick.com/17515-remax-solutions/inmuebles/18248/ficha/departamento-en-alquiler-en-hammarskjold-500,2026-09-09,,1200000.0,ARS,13333.333333333334,90.0,150.0,,3.0,2.0,Departamento,Alquiler,,,Capital,Mendoza,Hammarskjold 500,-32.89095734068,-68.858313560486,,,,,,,,,remax solutions,Inmobiliaria,False,False,,"Corredor Responsable VICTOR E. MONTIVERO CCPIM 783 - 
Contacto Rocío Ciccarelli - MLS ID 420921306-3

DEPARTAMENTO EN ALQUILER QUINTA SECCION MENDOZA AMOBLADO

REMAX ofrece en alquiler amplio y luminoso departamento de 3 dormitorios ubicada en diagonal Hammarskjold entre Granaderos y Paso de los Andes en el corazón de la quinta sección. A tan solo media cuadra de calle Aristides Villanueva y a pasos del Parque General San Martín. Rodeado de comercios bares y servicios con excelente conectividad y a pocas cuadras de la Universidad de Mendoza. A solo 5 minutos del centro de la ciudad. 

El departamento se encuentra en primer piso por escalera y tiene una superficie cubierta total de 90m2 distribuidos en dos niveles

Primer nivel
- 3 dormitorios
- 2 baños 1 en suite 
- Cocina independiente
- Living comedor integrado 
- Balcon

Segundo nivel terraza
- Lavanderia
- 1 baño
- 1 habitación deposito

Se alquila completamente amoblado listo para habitar ideal para quienes buscan una solución inmediata sin necesidad de invertir en mobiliario.
Ubicado en una de las zonas más demandadas de Mendoza por su cercanía seguridad y fácil acceso a los principales puntos de la ciudad.
Una propiedad ideal para quienes buscan comodidad ubicación y practicidad con todo al alcance de la mano.
Consultanos para coordinar una visita y conocerlo en persona.
RAU S.R.L. no ejerce el corretaje inmobiliario. El presente sitio web es una plataforma en donde cada oficina inmobiliaria independiente que contrata los servicios RE/MAX puede publicar las propiedades a su cargo. Cada oficina es de propiedad y gestión independiente, por lo que RAU S.R.L. no interviene en los datos de la publicación, en la operación inmobiliaria, ni en la confección y/o firma del boleto de compraventa y/o escritura y/o contrato de alquiler. En cumplimiento de las leyes vigentes que regulan el corretaje inmobiliario, Ley Nacional 25.028, Ley 22.802 de Lealtad Comercial, Ley 24.240 de Defensa al Consumidor, las normas del Código Civil y Comercial de la Nación y Constitucionales, los agentes/gestores NO ejercen el corretaje inmobiliario. Todas las operaciones inmobiliarias son objeto de intermediación y conclusión por parte del corredor público inmobiliario colegiado a cargo de la publicación, cuyos datos se exhiben en la presente. La presente publicación describe las características esenciales del inmueble, debiéndose consultar al corredor público inmobiliario responsable de la operación por la eventual actualización de las medidas, descripciones arquitectónicas y funcionales, valores de expensas, servicios, impuestos, precios y demás información, cuyos valores son aproximados.",17515-18248
inmoclick:17515-18422,inmoclick,17515,18422,https://inmoclick.com/17515-remax-solutions/inmuebles/18422/ficha/departamento-en-alquiler-en-rivadavia-400,2026-09-09,,1000.0,USD,6.25,160.0,183.0,,3.0,2.0,Departamento,Alquiler,,,Capital,Mendoza,Rivadavia 400,-32.8907181,-68.8459491,Garage/Cochera,,,,,,,,remax solutions,Inmobiliaria,False,False,,"Corredor Responsable VICTOR E. MONTIVERO CCPIM 783 - 
Contacto Manuela Hanna - MLS ID 420921156-129

Remax ofrece en alquiler un hermoso departamento ubicado en la calle Rivadavia al 480 en el Edificio Kolton ideal para disfrutar de la vida urbana.

El departamento cuenta con

2 dormitorio acogedor.

1 dormitorio adicional funcional como oficina.

Living espacioso perfecto para relajarse o recibir visitas.

Baño principal y un toilette para visitas.

Cocina comedor equipada 

Lavandería y despensa con baño de servicio.

Cochera a solo una cuadra del edificio con espacio para un vehículo.

Ascensor para mayor comodidad.

Además el departamento incluye un encantador balcón con vista frente a la Plaza Independencia donde podrás disfrutar de agradables momentos al aire libre y vistas privilegiadas.

se alquila totalmente amoblado

No pierdas la oportunidad de vivir en este maravilloso espacio. ¡Contáctanos para más información y coordinar una visita!
RAU S.R.L. no ejerce el corretaje inmobiliario. El presente sitio web es una plataforma en donde cada oficina inmobiliaria independiente que contrata los servicios RE/MAX puede publicar las propiedades a su cargo. Cada oficina es de propiedad y gestión independiente, por lo que RAU S.R.L. no interviene en los datos de la publicación, en la operación inmobiliaria, ni en la confección y/o firma del boleto de compraventa y/o escritura y/o contrato de alquiler. En cumplimiento de las leyes vigentes que regulan el corretaje inmobiliario, Ley Nacional 25.028, Ley 22.802 de Lealtad Comercial, Ley 24.240 de Defensa al Consumidor, las normas del Código Civil y Comercial de la Nación y Constitucionales, los agentes/gestores NO ejercen el corretaje inmobiliario. Todas las operaciones inmobiliarias son objeto de intermediación y conclusión por parte del corredor público inmobiliario colegiado a cargo de la publicación, cuyos datos se exhiben en la presente. La presente publicación describe las características esenciales del inmueble, debiéndose consultar al corredor público inmobiliario responsable de la operación por la eventual actualización de las medidas, descripciones arquitectónicas y funcionales, valores de expensas, servicios, impuestos, precios y demás información, cuyos valores son aproximados.",17515-18422
inmoclick:17515-18470,inmoclick,17515,18470,https://inmoclick.com/17515-remax-solutions/inmuebles/18470/ficha/departamento-en-alquiler-en-madame-butterfly-0,2026-09-09,,520000.0,ARS,10612.244897959185,49.0,64.0,,2.0,1.0,Departamento,Alquiler,,,Guaymallen,Mendoza,Madame Butterfly 0,-32.914931718163,-68.790582418442,Garage/Cochera,,,,,,,,remax solutions,Inmobiliaria,False,False,,"Corredor Responsable VICTOR E. MONTIVERO CCPIM 783 - 
Contacto Norberto Pablo Rovello - MLS ID 420921125-123

REMAX ofrece en alquiler luminoso y cómodo departamento en la calle Madame Butterfly de Guaymallén a solo 100 metros del Carril Urquiza.

Esta ubicación ofrece rápido acceso a vías principales de la ciudad cercanía inmediata a paradas de colectivos supermercados colegios panaderías carnicerías y heladerías.

La unidad que ofrecemos en alquiler se encuentra en primer piso por escalera y cuenta con living-comedor cocina integrada 2 habitaciones con sus placares y un baño completo.

Además cuenta con cochera propia dentro del mismo complejo.
RAU S.R.L. no ejerce el corretaje inmobiliario. El presente sitio web es una plataforma en donde cada oficina inmobiliaria independiente que contrata los servicios RE/MAX puede publicar las propiedades a su cargo. Cada oficina es de propiedad y gestión independiente, por lo que RAU S.R.L. no interviene en los datos de la publicación, en la operación inmobiliaria, ni en la confección y/o firma del boleto de compraventa y/o escritura y/o contrato de alquiler. En cumplimiento de las leyes vigentes que regulan el corretaje inmobiliario, Ley Nacional 25.028, Ley 22.802 de Lealtad Comercial, Ley 24.240 de Defensa al Consumidor, las normas del Código Civil y Comercial de la Nación y Constitucionales, los agentes/gestores NO ejercen el corretaje inmobiliario. Todas las operaciones inmobiliarias son objeto de intermediación y conclusión por parte del corredor público inmobiliario colegiado a cargo de la publicación, cuyos datos se exhiben en la presente. La presente publicación describe las características esenciales del inmueble, debiéndose consultar al corredor público inmobiliario responsable de la operación por la eventual actualización de las medidas, descripciones arquitectónicas y funcionales, valores de expensas, servicios, impuestos, precios y demás información, cuyos valores son aproximados.",17515-18470
inmoclick:17515-18479,inmoclick,17515,18479,https://inmoclick.com/17515-remax-solutions/inmuebles/18479/ficha/departamento-en-alquiler-en-jose-maria-godoy-0,2026-09-09,,500000.0,ARS,10416.666666666666,48.0,61.0,,1.0,1.0,Departamento,Alquiler,,,Las Heras,Mendoza,Jose Maria Godoy 0,-32.8603884,-68.8464102,Garage/Cochera,,,,,,,,remax solutions,Inmobiliaria,False,False,,"Corredor Responsable VICTOR E. MONTIVERO CCPIM 783 - 
Contacto David Dominguez - MLS ID 420921312-129

REMAX SOLUTION OFRECE EN ALQUILER UBICADISIMO DEPARTAMENTO EN LAS HERAS. 

SUS CARACTERISTICAS SON

48m2 cubiertos 

Luminoso living comedor

Cocina con barra 

Tender

1 habitación 

1 baño 

Cochera con portón automática

Réquisitos

Ingresos justificables del inquilino

2 garantes con bono de sueldo 
1 garante con bono de sueldo y propietario

1 mes de depósito de garantía 

Su consulta siempre es bienvenida!

RAU S.R.L. no ejerce el corretaje inmobiliario. El presente sitio web es una plataforma en donde cada oficina inmobiliaria independiente que contrata los servicios REMAX puede publicar las propiedades a su cargo. Cada oficina es de propiedad y gestión independiente por lo que RAU S.R.L. no interviene en los datos de la publicación en la operación inmobiliaria ni en la confección yo firma del boleto de compraventa yo escritura yo contrato de alquiler. En cumplimiento de las leyes vigentes que regulan el corretaje inmobiliario Ley Nacional 25.028 Ley 22.802 de Lealtad Comercial Ley 24.240 de Defensa al Consumidor las normas del Código Civil y Comercial de la Nación y Constitucionales los agentesgestores NO ejercen el corretaje inmobiliario. Todas las operaciones inmobiliarias son objeto de intermediación y conclusión por parte del corredor público inmobiliario colegiado a cargo de la publicación cuyos datos se exhiben en la presente. La presente publicación describe las características esenciales del inmueble debiéndose consultar al corredor público inmobiliario responsable de la operación por la eventual actualización de las medidas descripciones arquitectónicas y funcionales valores de expensas servicios impuestos precios y demás información cuyos valores son aproximados.
RAU S.R.L. no ejerce el corretaje inmobiliario. El presente sitio web es una plataforma en donde cada oficina inmobiliaria independiente que contrata los servicios REMAX puede publicar las propiedades a su cargo. Cada oficina es de propiedad y gestión independiente por lo que RAU S.R.L. no interviene en los datos de la publicación en la operación inmobiliaria ni en la confección yo firma del boleto de compraventa yo escritura yo contrato de alquiler. En cumplimiento de las leyes vigentes que regulan el corretaje inmobiliario Ley Nacional 25.028 Ley 22.802 de Lealtad Comercial Ley 24.240 de Defensa al Consumidor las normas del Código Civil y Comercial de la Nación y Constitucionales los agentesgestores NO ejercen el corretaje inmobiliario. Todas las operaciones inmobiliarias son objeto de intermediación y conclusión por parte del corredor público inmobiliario colegiado a cargo de la publicación cuyos datos se exhiben en la presente. La presente publicación describe las características esenciales del inmueble debiéndose consultar al corredor público inmobiliario responsable de la operación por la eventual actualización de las medidas descripciones arquitectónicas y funcionales valores de expensas servicios impuestos precios y demás información cuyos valores son aproximados.

RAU S.R.L. no ejerce el corretaje inmobiliario. El presente sitio web es una plataforma en donde cada oficina inmobiliaria independiente que contrata los servicios RE/MAX puede publicar las propiedades a su cargo. Cada oficina es de propiedad y gestión independiente, por lo que RAU S.R.L. no interviene en los datos de la publicación, en la operación inmobiliaria, ni en la confección y/o firma del boleto de compraventa y/o escritura y/o contrato de alquiler. En cumplimiento de las leyes vigentes que regulan el corretaje inmobiliario, Ley Nacional 25.028, Ley 22.802 de Lealtad Comercial, Ley 24.240 de Defensa al Consumidor, las normas del Código Civil y Comercial de la Nación y Constitucionales, los agentes/gestores NO ejercen el corretaje inmobiliario. Todas las operaciones inmobiliarias son objeto de intermediación y conclusión por parte del corredor público inmobiliario colegiado a cargo de la publicación, cuyos datos se exhiben en la presente. La presente publicación describe las características esenciales del inmueble, debiéndose consultar al corredor público inmobiliario responsable de la operación por la eventual actualización de las medidas, descripciones arquitectónicas y funcionales, valores de expensas, servicios, impuestos, precios y demás información, cuyos valores son aproximados.",17515-18479
inmoclick:17515-18489,inmoclick,17515,18489,https://inmoclick.com/17515-remax-solutions/inmuebles/18489/ficha/departamento-en-alquiler-en-avenida-colon-400,2026-09-09,,600000.0,ARS,12500.0,48.0,48.0,,1.0,1.0,Departamento,Alquiler,,,Capital,Mendoza,Avenida Colón 400,-32.8926029,-68.8455142,,,,,,,,,remax solutions,Inmobiliaria,False,False,,"Corredor Responsable VICTOR E. MONTIVERO CCPIM 783 - 
Contacto Virginia Agasso Borgatello - MLS ID 420921216-49

El equipo REMAX ofrece en ALQUILER hermoso departamento AMOBLADO en plena Ciudad de Mendoza.

Se encuentra ubicado en una de las zonas más buscadas de la Ciudad en calle Colón al 430 6to piso entre calle Mitre y Chile. Ofrece comodidad y excelente conectividad. 

Cuenta con una habitación amplia equipada con aire acondicionado brindando confort durante todo el año.
Dispone de un baño completo con excelente funcionalidad.

El espacio social se compone de Cocina integrada a Living Comedor generando un ambiente funcional y luminoso perfecto para el día a día.

El edificio cuenta con ascensor facilitando el acceso y la unidad es SIN COCHERA.

Una excelente oportunidad en el corazón de la ciudad con acceso inmediato a comercios transporte y servicios.

Por cualquier consulta estamos a su disposición.
Las Imágenes publicadas son orientativas y metrajes son aproximados. 

VICTOR E. MONTIVERO C.C.P.I.M 783. En cumplimiento con las leyes provinciales vigentes que regulan el corretaje inmobiliario Ley Nacional 25.028 Ley 22.802 de Lealtad Comercial Ley 24.240 de Defensa al Consumidor las normas del código Civil y Comercial de la Nación y Constitucionales los agentes NO ejercen el corretaje inmobiliario. Todas las operaciones inmobiliarias son objeto de intermediación y conclusión por parte de los martilleros y corredores colegiados cuyos datos se exhiben debajo del nombre de la inmobiliaria. 

RAU S.R.L. no ejerce el corretaje inmobiliario. El presente sitio web es una plataforma en donde cada oficina inmobiliaria independiente que contrata los servicios RE/MAX puede publicar las propiedades a su cargo. Cada oficina es de propiedad y gestión independiente, por lo que RAU S.R.L. no interviene en los datos de la publicación, en la operación inmobiliaria, ni en la confección y/o firma del boleto de compraventa y/o escritura y/o contrato de alquiler. En cumplimiento de las leyes vigentes que regulan el corretaje inmobiliario, Ley Nacional 25.028, Ley 22.802 de Lealtad Comercial, Ley 24.240 de Defensa al Consumidor, las normas del Código Civil y Comercial de la Nación y Constitucionales, los agentes/gestores NO ejercen el corretaje inmobiliario. Todas las operaciones inmobiliarias son objeto de intermediación y conclusión por parte del corredor público inmobiliario colegiado a cargo de la publicación, cuyos datos se exhiben en la presente. La presente publicación describe las características esenciales del inmueble, debiéndose consultar al corredor público inmobiliario responsable de la operación por la eventual actualización de las medidas, descripciones arquitectónicas y funcionales, valores de expensas, servicios, impuestos, precios y demás información, cuyos valores son aproximados.",17515-18489
inmoclick:17515-18539,inmoclick,17515,18539,https://inmoclick.com/17515-remax-solutions/inmuebles/18539/ficha/departamento-en-alquiler-en-beltran-400,2026-09-09,,650000.0,ARS,13829.787234042553,47.0,50.0,,1.0,1.0,Departamento,Alquiler,,,Godoy Cruz,Mendoza,Beltran 400,-32.919236780142,-68.850401043892,,,,,,,,,remax solutions,Inmobiliaria,False,False,,"Corredor Responsable VICTOR E. MONTIVERO CCPIM 783 - 
Contacto Franco Careddu - MLS ID 420921127-151

REMAX OFRECE EN ALQUILER HERNOSO DEPARTAMENTO EN EDIFICIO NATANOIA 50 DE GODOY CRUZ SOBRE CALLE BELTRAN ESQUINA CABILDO ABIERTO. INMEJORABLEUBICACIÓN. GRAN VARIEDAD DE TRANSPORTE PUBLICO COMERCIOS ESCUELAS CLUBES SUPERMERCADOS. 
LA PROPIEDAD SE ENCUENTRA EN PRIMER PISO POR ASCENSOR CUENTA CON SEGURIDAD 24HS INGRESO CON CLAVE NUMÉRICA.
POSEE
- UN DORMITORIO
- UN BAÑO
- COCINA
- LIVINGCOMEDOR

AGUARDO TU CONSULTA
RAU S.R.L. no ejerce el corretaje inmobiliario. El presente sitio web es una plataforma en donde cada oficina inmobiliaria independiente que contrata los servicios RE/MAX puede publicar las propiedades a su cargo. Cada oficina es de propiedad y gestión independiente, por lo que RAU S.R.L. no interviene en los datos de la publicación, en la operación inmobiliaria, ni en la confección y/o firma del boleto de compraventa y/o escritura y/o contrato de alquiler. En cumplimiento de las leyes vigentes que regulan el corretaje inmobiliario, Ley Nacional 25.028, Ley 22.802 de Lealtad Comercial, Ley 24.240 de Defensa al Consumidor, las normas del Código Civil y Comercial de la Nación y Constitucionales, los agentes/gestores NO ejercen el corretaje inmobiliario. Todas las operaciones inmobiliarias son objeto de intermediación y conclusión por parte del corredor público inmobiliario colegiado a cargo de la publicación, cuyos datos se exhiben en la presente. La presente publicación describe las características esenciales del inmueble, debiéndose consultar al corredor público inmobiliario responsable de la operación por la eventual actualización de las medidas, descripciones arquitectónicas y funcionales, valores de expensas, servicios, impuestos, precios y demás información, cuyos valores son aproximados.",17515-18539
inmoclick:17515-18543,inmoclick,17515,18543,https://inmoclick.com/17515-remax-solutions/inmuebles/18543/ficha/departamento-en-alquiler-en-calle-viognier-200,2026-09-09,,1000000.0,ARS,12820.51282051282,78.0,91.0,,2.0,2.0,Departamento,Alquiler,,,Lujan de Cuyo,Mendoza,Calle Viognier 200,-32.9862928,-68.8580678,Garage/Cochera,,,,,,,,remax solutions,Inmobiliaria,False,False,,"Corredor Responsable VICTOR E. MONTIVERO CCPIM 783 - 
Contacto Marcela Vidal - MLS ID 420921036-203

Remax ofrece en alquiler amplio departamento en Planta Baja ubicado en Barrio Cerrado Los Agaves calle Viognier N295 Carrodilla Lujan de Cuyo.
Una de las zonas mas buscadas de Lujan de Cuyo por su tranquilidad seguridad y conectividad..
La propiedad ofrece un entorno residencial ideal para quienes buscan vivir con seguridad y calidad de vida.
Departamento moderno y luminoso con dos dormitorios con placares un baño completo y un toilette cocina living comedor patio con churrasquera y cochera techada.

Caracteristicas
Cocina equipada con bajo mesada y alacenas
Mesada de granito
Cocina a estrenar
Pisos de porcelanato
Placard con puertas corredizas
Baño con revestimientos modernos
Patio propio con churrasquera
Calefacción por radiadores.

Expensas 59.000
Seguridad las 24 hs
Excelente accesibilidad y cercanía a comercios colegios y principales vías de acceso.
Consultanos para mas información o para coordinar una visita.

RAU S.R.L. no ejerce el corretaje inmobiliario. El presente sitio web es una plataforma en donde cada oficina inmobiliaria independiente que contrata los servicios RE/MAX puede publicar las propiedades a su cargo. Cada oficina es de propiedad y gestión independiente, por lo que RAU S.R.L. no interviene en los datos de la publicación, en la operación inmobiliaria, ni en la confección y/o firma del boleto de compraventa y/o escritura y/o contrato de alquiler. En cumplimiento de las leyes vigentes que regulan el corretaje inmobiliario, Ley Nacional 25.028, Ley 22.802 de Lealtad Comercial, Ley 24.240 de Defensa al Consumidor, las normas del Código Civil y Comercial de la Nación y Constitucionales, los agentes/gestores NO ejercen el corretaje inmobiliario. Todas las operaciones inmobiliarias son objeto de intermediación y conclusión por parte del corredor público inmobiliario colegiado a cargo de la publicación, cuyos datos se exhiben en la presente. La presente publicación describe las características esenciales del inmueble, debiéndose consultar al corredor público inmobiliario responsable de la operación por la eventual actualización de las medidas, descripciones arquitectónicas y funcionales, valores de expensas, servicios, impuestos, precios y demás información, cuyos valores son aproximados.",17515-18543
inmoclick:17515-18601,inmoclick,17515,18601,https://inmoclick.com/17515-remax-solutions/inmuebles/18601/ficha/departamento-en-alquiler-en-garibaldi-100,2026-09-09,,550000.0,ARS,17187.5,32.0,32.0,,1.0,1.0,Departamento,Alquiler,,,Capital,Mendoza,Garibaldi 100,-32.8908072,-68.8364507,,,,,,,,,remax solutions,Inmobiliaria,False,False,,"Corredor Responsable VICTOR E. MONTIVERO CCPIM 783 - 
Contacto Carlo Lauro - MLS ID 420921269-40

ALQUILER DEPARTAMENTO AMOBLADO PLENO CENTRO CIUDAD

Remax ofrece en alquiler departamento ubicado en calle Garibaldi 142 pleno centro de la Ciudad de Mendoza.

Su ubicación es inmejorable en el corazón de la ciudad con acceso inmediato a universidades comercios bancos supermercados restaurantes transporte público y todos los servicios que ofrece el centro mendocino.

Ideal para estudiantes o quienes buscan practicidad y cercanía a todo.

La unidad dispone de
- 1 dormitorio
- 1 baño completo
- Cocina integrada
- Superficie cubierta de aproximadamente 32 m
- Se alquila amoblado.

CONDICIONES DE ALQUILER
- Contrato uno o dos años
- Actualización trimestral por IPC
- Un garante con bono de sueldo que triplique el valor del alquiler o propiedad
- Posibilidad de seguro de caución

VALORES MENSUALES
- Amoblado 550.000
- Expensas 60.000

RAU S.R.L. no ejerce el corretaje inmobiliario. El presente sitio web es una plataforma en donde cada oficina inmobiliaria independiente que contrata los servicios RE/MAX puede publicar las propiedades a su cargo. Cada oficina es de propiedad y gestión independiente, por lo que RAU S.R.L. no interviene en los datos de la publicación, en la operación inmobiliaria, ni en la confección y/o firma del boleto de compraventa y/o escritura y/o contrato de alquiler. En cumplimiento de las leyes vigentes que regulan el corretaje inmobiliario, Ley Nacional 25.028, Ley 22.802 de Lealtad Comercial, Ley 24.240 de Defensa al Consumidor, las normas del Código Civil y Comercial de la Nación y Constitucionales, los agentes/gestores NO ejercen el corretaje inmobiliario. Todas las operaciones inmobiliarias son objeto de intermediación y conclusión por parte del corredor público inmobiliario colegiado a cargo de la publicación, cuyos datos se exhiben en la presente. La presente publicación describe las características esenciales del inmueble, debiéndose consultar al corredor público inmobiliario responsable de la operación por la eventual actualización de las medidas, descripciones arquitectónicas y funcionales, valores de expensas, servicios, impuestos, precios y demás información, cuyos valores son aproximados.",17515-18601
inmoclick:178199-3,inmoclick,178199,3,https://inmoclick.com/178199-ariel-requena/inmuebles/3/ficha/departamento-en-alquiler-en-espana-3125,2026-09-09,,390000.0,ARS,9285.714285714286,42.0,52.0,,,1.0,Departamento,Alquiler,Muy Bueno,,Capital,Mendoza,España 3125,-32.8801052,-68.89434609999999,Sin Cochera,,,,False,,,,ariel requena,Dueno Directo,True,False,,"En 4° sección, de la ciudad de Mendoza. Cerca de todo. Espacio funcional, con muy buena entrada de luz natural durante todo el día. Cocina, baño completo y ambiente con separación. Edificio tranquilo, con buena conectividad y cercanía a comercios, transporte y universidades. Disponible para ingreso inmediato.",178199-3
inmoclick:18056-1,inmoclick,18056,1,https://inmoclick.com/18056-fernando-avecilla/inmuebles/1/ficha/departamento-en-alquiler-en-calle-peru-2425,2026-09-09,,800000.0,ARS,14545.454545454546,55.0,55.0,2.0,1.0,1.0,Departamento,Alquiler,Excelente,13.0,Capital,Mendoza,Calle Perú 2425,-32.8750411,-68.8443942,Garage/Cochera,1.0,,False,,135000.0,False,,fernando avecilla,Dueno Directo,True,True,,"DUEÑO DIRECTO – SIN COMISIÓN INMOBILIARIA
Departamento en alquiler en ATHENEA PARK TOWER

Sin amoblar | Piso 12 | 1 dormitorio | Cochera

Viví con comodidad, seguridad, mucha luz natural y una vista privilegiada a la montaña, en uno de los edificios modernos más destacados de la zona. El departamento se encuentra en el piso 12, es muy luminoso y ofrece excelentes vistas. 
Cuenta con:
• 1 dormitorio con grandes ventanales y vista a la ciudad y a la montaña.
• Living comedor, con un amplio ventanal doble, con salida al balcón y espectaculares vistas.
. Cocina separada con amplia ventana y excelente vista
• Baño completo, con amplia ventana.
• Calefacción central por radiadores en todos los ambientes.
• 2 aires acondicionados, cortinas en pieza y artefactos de iluminación instalados, listo para habitar.
• Cochera amplia y cómoda en primer subsuelo.

Amenities del edificio
• Seguridad y guardia las 24 horas.
• Piscina, SUM y terraza en el piso 13, con increíbles vistas panorámicas.
• Gimnasio.
• Lavandería
Ubicación privilegiada
A solo 1 cuadra del Parque Central, a 2 cuadras del supermercado Coto y a aproximadamente 10 cuadras del centro de la Ciudad de Mendoza.
Valor:
Alquiler mensual: $800.000
Expensas aproximadas: $135.000 mensuales
Alquiler directo con el propietario, sin comisión inmobiliaria.
Requisitos: 
Mes de alquiler y mes de depósito en garantia.
Inquilino que acredite ingresos
2 garantes (uno con inmueble otro con bono de sueldo) 
Actualización: IPC cada 3 meses",18056-1
inmoclick:180960-1,inmoclick,180960,1,https://inmoclick.com/180960-federico-affronti/inmuebles/1/ficha/departamento-en-alquiler-en-santa-fe-438,2026-09-09,,650000.0,ARS,9285.714285714286,70.0,90.0,,2.0,1.0,Departamento,Alquiler,Excelente,23.0,Capital,Mendoza,Santa Fe 438,-32.87303930574954,-68.82854799517958,Garage/Cochera,,,,,45000.0,False,,federico affronti,Dueno Directo,True,False,,"Hermoso Departamento frontal ubicado en el 2° piso, consta de amplio estar living-comedor, cocina, dos habitaciones, un baño con antebaño y gran terraza-balcon de 25 mts2. Incluye 1 cochera en el mismo complejo.",180960-1
inmoclick:18172-331,inmoclick,18172,331,https://inmoclick.com/18172-gustavo-rubio-asociados/inmuebles/331/ficha/departamento-en-alquiler-en-manzana-29-casa-14,2026-09-09,,300000.0,ARS,7500.0,40.0,50.0,,1.0,1.0,Departamento,Alquiler,Muy Bueno,,Guaymallen,Mendoza,"Manzana 29, Casa 14",-32.9143197327243,-68.8025888636513,Sin Cochera,,,,False,,False,,gustavo rubio asociados,Inmobiliaria,False,False,,"DEPARTAMENTO EN ALQUILER, Frente al Club de Campo, atrás del Unimev, en Barrio Las Tonadas, sobre calle Dávila a metros de Houssay, Manzana 29, Casa 14, Planta Alta Departamento 1, Guaymallén, Mendoza.
Se trata de un departamento, en Planta Alta, con ingreso independiente desde la calle por escalera, consta de estar comedor, 1 baño completo, 1 dormitorio con placard.
En el inmueble no se permiten animales. No paga expensas. Posee medidor interno de energía eléctrica. El gas, agua e impuesto municipal se abonan en forma compartida, 50% cada parte.
Requisitos: 1 solicitante, 2 garantes, pueden ser con Bonos de Sueldo o con propiedad.
1 mes de alquiler, 1 mes en depósito de garantía, 1 mes honorarios. Se paga certificación de firmas por Escribano.
Contrato por 2 años. Actualización Cada cuatro meses según IPC.
Monto del alquiler: $ 300.000.-
Martillero Responsable: Gustavo Rubio (Mat. 083).
INFORMES Y VISITAS: Se debe coordinar horario para la visita. Contacto: De Lunes a Viernes, de 10 a 18 hs.",18172-331
inmoclick:182011-1,inmoclick,182011,1,https://inmoclick.com/182011-cristian-zarate/inmuebles/1/ficha/duplex-en-alquiler-en-rio-diamante-18,2026-09-09,,800000.0,ARS,7142.857142857143,112.0,135.0,4.0,3.0,2.0,Duplex,Alquiler,Excelente,12.0,Guaymallen,Mendoza,RIO DIAMANTE 18,-32.897432,-68.77217,Cochera Pasante,,False,False,False,,,,cristian zarate,Dueno Directo,True,False,,"• 🏠 Tipo: Duplex (dos plantas)
• 🛏️ Dormitorios: 3
• 🛁 Baños: 2
• 🌿 Patio: chiquito
• 🚗 Cochera: pasante para 2 autos (Uno techada)
• 🍽️ Comedor separado
• ☕ Cocina con desayunador
• 🔔 Alarma

Amplio duplex pensado para la vida familiar: en dos plantas que separan claramente el área social de las habitaciones, ofrece comodidad y funcionalidad. El comedor independiente permite recibir y compartir comidas sin sacrificar espacio, mientras que la cocina con desayunador convierte cada mañana en un momento práctico y cálido. Con tres dormitorios y dos baños la distribución favorece la convivencia y privacidad.

El patio chiquito suma un espacio exterior íntimo, perfecto para plantas, un pequeño rincón de relax o para que los más chicos jueguen cerca de la casa. La cochera pasante para dos autos, aunque no techada, brinda una solución cómoda para estacionamiento y maniobra. Además, el sistema de alarma aporta un plus de seguridad y tranquilidad.

Es una opción clara para quienes buscan una vivienda con espacios bien definidos, funcionalidad diaria y detalles que facilitan la vida familiar. Ideal para familias que valoran confort, practicidad y un exterior propio, aunque compacto.",182011-1
inmoclick:183866-2,inmoclick,183866,2,https://inmoclick.com/183866-german-herrera/inmuebles/2/ficha/departamento-en-alquiler-en-santa-fe-1381,2026-09-09,,395000.0,ARS,7900.0,50.0,60.0,4.0,1.0,1.0,Departamento,Alquiler,Excelente,5.0,Las Heras,Mendoza,Santa Fe 1381,-32.8490134830362,-68.85142857161973,Garage/Cochera,1.0,False,False,False,,False,,german herrera,Dueno Directo,True,False,,"Excelente departamento de 5 años de antigüedad

Ubicado en planta alta dentro de un complejo de cuatro departamentos.

El departamento posee un dormitorio con balcón, cocina, amplio living con grandes ventanales y balcones, baño y antebaño y cochera para un auto.

Posee finas terminaciones, gran luminosidad y amplitud en todos los ambientes.

El departamento cuenta con agua, cloaca, gas y electricidad.

Se encuentra ubicado en la mejor zona de Las Heras a 500 metros del ""Changomas"", a 600 metros del ""Parque de la Familia"" y a 400 metros de la ciclovía de la Calle Roca.

Disponibilidad a partir del 5 de septiembre de 2026

Particular alquila",183866-2
inmoclick:186526-16,inmoclick,186526,16,https://inmoclick.com/186526-gerardo-danitz/inmuebles/16/ficha/departamento-en-alquiler-en-republica-de-siria-3494,2026-09-09,,600000.0,ARS,6666.666666666667,90.0,100.0,4.0,2.0,1.0,Departamento,Alquiler,Muy Bueno,20.0,Guaymallen,Mendoza,Republica de Siria 3494,-32.8997044,-68.795582,Sin Cochera,,,False,False,,,,gerardo danitz,Dueno Directo,True,False,,"Departamento interno dos dormitorios, living comedor, cocina lavandería, patio y terraza, no paga expensas a una cuadra de bandera de los andes y dos del Mendoza plaza Shopping, muy seguro",186526-16
inmoclick:186704-12,inmoclick,186704,12,https://inmoclick.com/186704-carina-berazategui/inmuebles/12/ficha/departamento-en-alquiler-en-reconquista-25,2026-09-09,,600000.0,ARS,13333.333333333334,45.0,45.0,,1.0,1.0,Departamento,Alquiler,Excelente,,Godoy Cruz,Mendoza,Reconquista 25,,,Garage/Cochera,,,,,,False,,carina berazategui,Dueno Directo,True,False,,"Alquilamos departamento en primer piso con detalles de categoría ideal para quienes buscan confort y funcionalidad, ubicado en calle Reconquista a metros de Avenida San Martín, cercanía a Maxiconsumo, plaza de Godoy Cruz, y locales comerciales.
Cuenta con cocina amoblada con moderno bajomesada y alacenas en melamina color wenge, mesada de granito gris, bacha de acero inoxidable doble y cocina a gas instalada.
Baño completo, equipado con sanitarios (inodoro y bidet marca ferrum) lavatorio de pie y ducha todo en excelente estado.
Habitación con amplio ventanal y placard 
Cuenta con estufa de tiro balanceado.
Ventanas y balcón reja de entrada con rejas de seguridad. 
Fachada del edificio moderna con reja de seguridad.
Cuenta con cochera techada y cerrada al frente del edificio.",186704-12
inmoclick:19412-133,inmoclick,19412,133,https://inmoclick.com/19412-corvalan-propiedades/inmuebles/133/ficha/departamento-en-alquiler-en-calle-dorrego,2026-09-09,,600000.0,ARS,8571.42857142857,70.0,85.0,,2.0,1.0,Departamento,Alquiler,Muy Bueno,8.0,Godoy Cruz,Mendoza,Calle Dorrego,-32.921233735617875,-68.84197676483153,Sin Cochera,,,,,35000.0,False,,corvalan propiedades,Inmobiliaria,False,False,,"Encantador y luminoso departamento frontal en segundo piso frontal. Ubicado sobre Dorrego, entre Perito Moreno y Balcarce, a pasos de la plaza de Godoy Cruz. La doble orientación sur-norte favorece la iluminación y la ventilación natural, creando ambientes agradables todo el día. Acceso por escalera y ubicación estratégica, cercano a la municipalidad, espacios verdes y centros comerciales.

Características principales:
- 🛏️ 2 dormitorios con placard
- 🛁 1 baño completo
- 🛋️ Amplio living-comedor con cocina integrada
- 🌬️ Orientación sur-norte (buena iluminación y ventilación)
- 🌇 2 balcones que amplían la sensación de espacio
- 🪜 Segundo piso, acceso por escalera

Por qué te va a gustar:
El diseño con cocina integrada potencia la convivencia y permite recibir con comodidad a tus invitados. Los dos balcones aportan luz, aire y un lugar para disfrutar la mañana o la tarde. Los dormitorios con placard ofrecen buena capacidad de guardado, y el baño completo está pensado para uso familiar y de invitados. Su ubicación es ideal para quienes buscan comodidad urbana: plazas y áreas verdes para el esparcimiento, comercios y la municipalidad a pocas cuadras.

Condiciones de alquiler:
Demostración de ingresos acordes al canon del alquiler; un mes de anticipo; un mes de depósito (se puede pagar en tres cuotas); y comisión inmobiliaria. Disponibilidad sujeta a verificación de requisitos.",19412-133
inmoclick:197354-14,inmoclick,197354,14,https://inmoclick.com/197354-eliana-elgueta/inmuebles/14/ficha/departamento-en-alquiler-en-vicente-lopez-y-planes-2135,2026-09-09,,430000.0,ARS,4526.315789473684,95.0,95.0,2.0,1.0,1.0,Departamento,Alquiler,Excelente,5.0,Guaymallen,Mendoza,VICENTE LOPEZ Y PLANES 2135,-32.8783539,-68.8153212,Cochera Pasante,,,False,,75000.0,False,,eliana elgueta,Inmobiliaria,False,False,,"ALQUILAMOS Impecable departamento luminoso en excelente ubicación: Vicente López y Planes, casi Av. Pedro Molina, a solo 5 minutos de la Ciudad de Mendoza.
 Ideal para quienes buscan comodidad, tranquilidad y fácil acceso a la ciudad en un complejo pequeño y bien cuidado de 8 unidades con cocheras cubiertas y terraza de uso común.

Características principales:
- 🛏️ 1 dormitorio con placard
- 🛁 1 baño completo
- 📐 Superficie cubierta: 75 m²
- 📏 Superficie total: 95 m²
- 🍽️ Cocina con amoblamientos completos y horno con cocina de 4 hornallas
- 🧺 Lugar para lavarropas
- 🚗 Cochera techada
- 🌤️ Terraza de uso común con churrasquera (espacio para reuniones)
- 🪟 Carpintería de aluminio y pisos cerámicos
- 💡 Luminarias instaladas y aire acondicionado

Descripción:
Este departamento se distingue por su estado impecable y la luminosidad natural que inunda sus ambientes. 
La distribución aprovecha cada metro: una cocina equipada y cómoda, espacio previsto para el lavarropas y un dormitorio con placard que brinda orden y privacidad.
 La cochera techada suma confort y seguridad, mientras que la amplia terraza común con churrasquera es perfecta para recibir amigos o disfrutar al aire libre sin salir del edificio.

El complejo pequeño ofrece una atmósfera tranquila y cuidada, con expensas aproximadas de $75.000. 

NO SE ACEPTAN MASCOTAS 

Para más información y coordinar una visita, comunicarse con Eliana Elgueta — MAT. 1965.",197354-14
inmoclick:1979-188,inmoclick,1979,188,https://inmoclick.com/1979-vilarino-propiedades/inmuebles/188/ficha/departamento-en-alquiler-en-dr-lemos-561-esq-dr-pose,2026-09-09,,550000.0,ARS,10377.358490566035,53.0,53.0,3.0,1.0,1.0,Departamento,Alquiler,Excelente,9.0,Las Heras,Mendoza,Dr. Lemos 561 esq Dr. Pose,-32.8622871,-68.876295,Garage/Cochera,1.0,False,False,,50000.0,False,,vilarino propiedades,Inmobiliaria,False,False,,"Departamento 1 dormitorio con cochera — Dr. Pose esq. Dr. Lemos 561 (unidad N°7, piso Plata Alta)

Características principales:
- 🛏️ Dormitorios: 1
- 🛁 Baños: 1 baño completo (lavamanos, inodoro, bidet, ducha con receptáculo, antebaño con mueble MDF y espejo)
- 📐 Superficie total: 52,71 m²
- 🏠 Superficie interna: 40,11 m²
- 🌤️ Balcón semicubierto: 4,20 m²
- 🌳 Patio descubierto: 8,40 m²
- 🚗 Cochera: a designar
- 👔 Placard: con cajoneras y tres puertas corredizas
- 🍽️ Cocina comedor: termotanque eléctrico a estrenar, artefacto de cocina eléctrico Philco, alacena y bajo mesada, mesada de granito natural, bacha Johnson
- 🪟 Aberturas y terminaciones: puertas marca Oblac, ventanas de aluminio color blanco, vidrios y herrajes completos
- 🧾 Acabados: piso porcelanato color gris, cortinas blackout
- 🚿 Grifería: marca Hidromet; bacha de mármol travertino en antebaño

Descripción:
Este departamento de un dormitorio ofrece una propuesta práctica y lista para mudarse, con atención en los detalles de terminación y espacios exteriores que suman confort: balcón semicubierto y patio descubierto que amplían el uso diario y permiten disfrutar del aire libre en la privacidad del hogar. La cocina comedor integrada, equipada con artefacto Philco y mesada de granito, resulta funcional y elegante; el placard con cajoneras brinda amplio espacio de guardado. El baño cuenta con terminaciones cuidadas (bacha en mármol travertino y grifería Hidromet). Las aberturas de calidad, el piso porcelanato y las cortinas blackout completan un ambiente moderno y de bajo mantenimiento. La cochera a designar agrega comodidad en la búsqueda urbana. Ideal para quien busca un hogar compacto, con terminaciones de buena calidad y presencia de espacios externos privados.

Condiciones y requisitos:
- Canon mensual: $550.000 (consultar por amoblado)
- Expensas mensuales: $50.000
- Ajustes: cuatrimestrales con índice ICL (promedio entre IPC y Salarios Registrados)
- Requisitos: acreditar ingresos con recibo de sueldo y antigüedad (solicitante y 2 garantes), no estar inhibido ni embargado, no figurar en VERAZ/BCRA u otros sitios equivalentes en situación comprometida

- Costos de ingreso: mes de alquiler, mes de depósito en garantía, mes de honorarios inmobiliarios, certificación notarial de firmas y redacción del contrato

Interesados directos únicamente conectarse con:

VILARIÑO PROPIEDADES 
Corredor Público Inmobiliario
 — Matr. CCPIM 886 — 
marianocalderon427@gmail.com",1979-188
inmoclick:204067-1,inmoclick,204067,1,https://inmoclick.com/204067-rolo-gaho/inmuebles/1/ficha/departamento-en-alquiler-en-amigorena-80,2026-09-09,,300.0,USD,10.0,30.0,30.0,3.0,1.0,1.0,Departamento,Alquiler,Muy Bueno,25.0,Capital,Mendoza,Amigorena 80,-32.891922412138726,-68.83879256812286,Sin Cochera,,False,,,65000.0,False,,rolo gaho,Dueno Directo,True,False,,"Dpto luminoso en Microcentro con un dormitorio, baño, estar comedor y cocina. 2° piso con ascensor. Opción amoblado.",204067-1
inmoclick:204811-92,inmoclick,204811,92,https://inmoclick.com/204811-julio-y-edgardo-mengoni/inmuebles/92/ficha/departamento-en-alquiler-en-sarmiento-n0122,2026-09-09,,900000.0,ARS,9000.0,100.0,100.0,,2.0,2.0,Departamento,Alquiler,Excelente,,Capital,Mendoza,Sarmiento n°122,,,Garage,,,,,160000.0,False,,julio y edgardo mengoni,Inmobiliaria,False,False,,"- 🛏️ 2 dormitorios 
- 🛁 2 baños 
- 🍽️ Cocina comedor 
- 🚗 Cochera 
- ♨️ Calefacción central 
- 📐 Amplio departamento

Descubre un departamento amplio pensado para ofrecer confort y funcionalidad desde el primer momento. Sus dos dormitorios brindan privacidad y espacio suficiente para armar dormitorios principales y area de estudio o vestidor; los dos baños aportan comodidad cotidiana y facilitan la vida en familia o para recibir visitas. La cocina comedor, de generosas dimensiones, se convierte en el corazón del hogar: un lugar ideal para cocinar, disfrutar las comidas y compartir buenos momentos.

La cochera incluida añade seguridad y practicidad, liberándote de la búsqueda diaria de estacionamiento. La calefacción central garantiza una temperatura agradable y uniforme en toda la vivienda durante los meses fríos, aportando confort y eficiencia.

Este inmueble ofrece una base sólida para personalizar a tu gusto: aprovechar la amplitud para mejorar la circulación, optimizar el mobiliario o crear rincones de lectura y trabajo. Excelente opción para quienes buscan un hogar funcional y cómodo, o una inversión con demanda estable. Una vivienda que combina espacio, comodidad y servicios esenciales para vivir mejor.",204811-92
inmoclick:204811-93,inmoclick,204811,93,https://inmoclick.com/204811-julio-y-edgardo-mengoni/inmuebles/93/ficha/departamento-en-alquiler-en-9-de-julio-n0980,2026-09-09,,700000.0,ARS,7000.0,100.0,100.0,5.0,3.0,2.0,Departamento,Alquiler,Excelente,31.0,Capital,Mendoza,9 de julio n°980,,,Sin Cochera,,,,,72000.0,False,,julio y edgardo mengoni,Inmobiliaria,False,False,,"- 🛏️ 3 dormitorios 
- 🚿 2 baños 
- 🛋️🍽️ Living comedor 
- 🍳 Cocina

Esta propiedad ofrece una distribución práctica y pensada para la vida cotidiana: tres dormitorios que permiten acomodar confortablemente a una familia, huéspedes o destinar una habitación a oficina o área de estudio. Los dos baños aportan gran comodidad y funcionalidad diaria, reduciendo tiempos de espera en las mañanas y facilitando la convivencia. El living comedor constituye el corazón del hogar, un espacio ideal para recibir, compartir comidas y crear momentos memorables con familia y amigos. La cocina, concebida como un área independiente, facilita el trabajo diario y la organización de las comidas.

Se trata de una propuesta con potencial para adaptarse a distintas necesidades: desde familias con niños hasta quienes buscan áreas separadas para teletrabajo y descanso. Con una buena distribución entre zonas privadas y sociales, esta vivienda permite optimizar el manejo del espacio y personalizarla según el estilo de vida propio. Si buscas una casa funcional, con ambientes definidos y posibilidades de adaptación, esta opción brinda una base sólida para transformarla en el hogar que deseas.",204811-93
inmoclick:204811-95,inmoclick,204811,95,https://inmoclick.com/204811-julio-y-edgardo-mengoni/inmuebles/95/ficha/departamento-en-alquiler-en-juan-diaz-de-solis-n0766,2026-09-09,,750000.0,ARS,8823.529411764706,85.0,85.0,5.0,3.0,2.0,Departamento,Alquiler,Excelente,,Guaymallen,Mendoza,Juan Diaz de Solis n°766,,,Garage,,,,,70000.0,,,julio y edgardo mengoni,Inmobiliaria,False,False,,"🛏️ 3 habitaciones (1 en suite) 
🛁 Baño adicional 
🍽️ Cocina comedor 
🚗 Cochera 
🏢 Complejo cerrado 
🎉 SUM (Salón de Usos Múltiples) 
🏊‍♀️ Pileta

Disfruta de una vivienda pensada para la vida cotidiana y el disfrute familiar. Con tres dormitorios —uno de ellos en suite— esta propiedad ofrece privacidad y comodidad para familias o para quien busca un espacio con zonas diferenciadas. La cocina comedor integra el corazón del hogar, ideal para desayunos tranquilos y para recibir amigos con naturalidad. Además cuenta con un baño extra que facilita la convivencia y la organización de las rutinas diarias.

La cochera aporta practicidad y seguridad a tu día a día. Vivir en un complejo cerrado suma tranquilidad y sentido de comunidad: acceso a amenities como el SUM para celebraciones o reuniones y una pileta para refrescarse y relajarse en los meses de calor. Estas prestaciones transforman la propiedad en una opción versátil, tanto para el uso permanente como para el disfrute en fines de semana.

Una propuesta equilibrada que combina funcionalidad y calidad de vida en un entorno seguro y con espacios comunes pensados para el confort y el disfrute. Ideal para quienes buscan un hogar con comodidades que faciliten el día a día y potencien los momentos de esparcimiento.",204811-95
inmoclick:204811-97,inmoclick,204811,97,https://inmoclick.com/204811-julio-y-edgardo-mengoni/inmuebles/97/ficha/duplex-en-alquiler-en-uruguay-719-ciudad-mendoza,2026-09-09,,1500000.0,ARS,15000.0,100.0,100.0,,3.0,3.0,Duplex,Alquiler,Excelente,40.0,Capital,Mendoza,Uruguay 719 ciudad mendoza,,,Garage,,False,False,False,,,,julio y edgardo mengoni,Inmobiliaria,False,False,,"- 🛏️ 3 dormitorios (ó 2 dormitorios + 1 estudio)
- 🍽️ Cocina
- 🛋️ Living comedor
- 🚿 3 baños: 1 de servicio, 1 en suite y 1 completo
- 🚗 Cochera
- 🌿 2 patios

Versátil y funcional, esta propiedad ofrece una distribución pensada para la vida familiar y el teletrabajo. El dormitorio principal con baño en suite brinda privacidad y confort, mientras que la opción de convertir uno de los dormitorios en un estudio permite crear un espacio de trabajo independiente o una habitación adaptada a tus necesidades. El baño de servicio aporta practicidad para visitas y tareas domésticas, y el baño completo cubre el resto de la casa sin complicaciones.

El living comedor es el corazón del hogar, ideal para recibir invitados y compartir momentos cotidianos; la cocina, de uso cómodo y accesible, facilita la organización diaria. Los dos patios amplían las posibilidades: disfrutar de comidas al aire libre, armar un rincón verde, o garantizar un espacio seguro para niños y mascotas. La cochera suma comodidad y seguridad para tu vehículo.

Un hogar que combina funcionalidad y bienestar, pensado para quienes buscan amplitud de opciones y calidad de vida en cada ambiente. Perfecto para familias que valoran la versatilidad y los espacios exteriores privados.",204811-97
inmoclick:206383-32,inmoclick,206383,32,https://inmoclick.com/206383-solsanchezgiorgioatgmail-com/inmuebles/32/ficha/departamento-en-alquiler-en-vicente-lopez-entre-salta-y-federico-moreno,2026-09-09,,550000.0,ARS,18333.33333333333,30.0,30.0,3.0,1.0,1.0,Departamento,Alquiler,Excelente,15.0,Capital,Mendoza,Vicente lopez entre salta y federico moreno,-32.8894587,-68.8458386,Sin Cochera,,False,,False,,False,,solsanchezgiorgioatgmail com,Inmobiliaria,False,False,,"ALQUILER CENTRO MENDOZA: AMOBLADO + SIN EXPENSAS! 🔥
Ideal para una sola persona o una pareja sin hijos.

Ubicación estratégica en pleno Centro, a cuadras de todo. Ideal para estudiantes, profesionales o parejas que buscan comodidad, seguridad y cero complicaciones. ¡Listo para mudarte HOY!

✅ 100% AMOBLADO Y EQUIPADO: Sommier, mesa con sillas, cocina, heladera y TV.

✅ MÁXIMA SEGURIDAD: Acceso con clave digital + cámaras de vigilancia.

📍 Planta baja con pasillo abierto, super luminoso y muy bien ventilado.

💰 PRECIO Y CONDICIONES DEL INGRESO:

Alquiler: $550.000 / mes (Actualización cuatrimestral)

Depósito en garantía: $550.000

Honorarios profesionales: $550.000 

Servicios: Se abonan por separado según consumo.

📋 REQUISITOS:

Recibo de sueldo del inquilino + 2 garantes (o alternativas a convenir).

Capacidad: Máximo 2 personas (ideal persona sola o pareja).

🚫 Sin mascotas.

🔑 Disponibilidad: Inmediata.",206383-32
inmoclick:206383-33,inmoclick,206383,33,https://inmoclick.com/206383-solsanchezgiorgioatgmail-com/inmuebles/33/ficha/departamento-en-alquiler-en-urquiza-y-castro-guaymallen,2026-09-09,,450000.0,ARS,15000.0,30.0,40.0,,1.0,1.0,Departamento,Alquiler,Excelente,10.0,Guaymallen,Mendoza,Urquiza y Castro Guaymallen,-32.9135607,-68.786396,Garage/Cochera,,False,False,,,False,,solsanchezgiorgioatgmail com,Inmobiliaria,False,False,,"Departamento en , Guaymallen 
Barrio :Alta Urquiza. 
Ideal para persona sola o en pareja.
Complejo de 8 departamentos.

ESTA HERMOSO !!!
 A 1 cuadra de Urquiza y Castro.

Todos los colectivos, salida rápida al acceso , zona comercial.

Seguro, tranquilo excelentes vecinos y muy muy lindo !!!!

Ideal para pareja o persona sola.
 

un dormitorio en planta alta con placard y baulera. 
Muy privado
cocina comedor con mesada de granito grande , alacenas y bajo mesada de gran tamaño. 

 Lavandería muy grande que cabe heladera, bici, tender etc.

baño completo 

Se entrega con cocina , termotanque y estufa y luces led,

posibilidad de cochera automatizada. .

 churrasquera 

 Terrazas.

Canon alquiler 
$ 

Municipalidad, aguas mendocinos y expensas todo x $ 60000 ( no incluidas en el canon )

Contrato x 2 años.

Actualización cada 4 meses x IPC.

NO SE ADMITEN MASCOTAS. 

Se aceptan hasta 2 personas. 

Requisitos : 
2 Garantes con bono más solicitante. 
En caso de no tener bono el solicitante , se puede agregar un garante más.

Mes alquiler 

Mes de deposito que se podria dividir en 2.

$ de contrato.

$ 50000 x cada firma de escribana ( suelen ser 3 ).",206383-33
inmoclick:217096-1,inmoclick,217096,1,https://inmoclick.com/217096-nicolas-campanella/inmuebles/1/ficha/departamento-en-alquiler-en-terramalva-barrio-privado,2026-09-09,,1000000.0,ARS,13333.333333333334,75.0,150.0,4.0,2.0,1.0,Departamento,Alquiler,Excelente,3.0,Lujan de Cuyo,Mendoza,Terramalva Barrio privado,-33.0373071,-68.8965236,Garage/Cochera,1.0,,False,,65000.0,,,nicolas campanella,Dueno Directo,True,False,,"- 🏠 Tipo: Casa apareada 
- 📐 Superficie cubierta: 75 m² 
- 🌳 Superficie total (terreno): 150 m² 
- 🛏️ Habitaciones: 2 
- 🚿 Baños: 1 
- 🔥 Calefacción: por radiantes 
- 🏊‍♂️ Piscina con hidro (jardín) 
- 🚗🛵 Espacio para estacionamiento (vehículo / moto) 
- 💡🔥💧 Servicios: Luz, gas y agua 
- 📶 Fibra óptica (conectividad) 
- 🛡️ Seguridad privada 24 hs 
- 🔐 Ingreso controlado 
- 🏢 SUM disponible 

Esta casa apareada aprovecha con inteligencia sus 75 m² cubiertos para ofrecer una vida cómoda y práctica, complementada por un terreno de 150 m² que invita al disfrute al aire libre. El jardín, con piscina equipada con hidro, se convierte en un verdadero oasis privado: mañanas soleadas rodeadas de verde, tardes de pileta con amigos y noches relajantes después del trabajo. 

Con dos dormitorios bien distribuidos y un baño, los ambientes fueron pensados para facilitar la rutina diaria sin desperdiciar espacio, mientras la calefacción por radiantes asegura confort en los meses fríos. La conectividad por fibra óptica permite teletrabajar o disfrutar de contenido en streaming con total fluidez, y los servicios de luz, gas y agua están listos para uso inmediato. 

La seguridad privada 24 horas y el ingreso controlado aportan tranquilidad y un sentido de comunidad protegida; además, el SUM del complejo amplía las posibilidades para reuniones y celebraciones sin salir de casa. El espacio de estacionamiento para vehículo y moto es una ventaja práctica para la vida cotidiana. 

Ideal para quienes buscan un equilibrio entre interiores funcionales y amplios exteriores para el esparcimiento, esta propiedad ofrece confort, conexión y seguridad —la base perfecta para crear momentos memorables con familia y amigos.",217096-1
inmoclick:217205-12,inmoclick,217205,12,https://inmoclick.com/217205-marcelo/inmuebles/12/ficha/departamento-en-alquiler-en-manzana-a-casa-20,2026-09-09,,350000.0,ARS,10000.0,35.0,60.0,,1.0,1.0,Departamento,Alquiler,Muy Bueno,,Las Heras,Mendoza,Manzana A casa 20,-32.8672534,-68.8096484,Garage/Cochera,,,,False,,False,,marcelo,Dueno Directo,True,False,,"Departamento en alquiler 

Barrio sta Clara a cuadras de hospital Carrillo,

Complejo tres departamentos , alquilo departamento 1 dormitorio patio y cochera
Es para dos personas máximo

Requisitos
Mes de alquiler $350.000
Gastos $450.000 
Dos garante con bono de sueldo
En caso de el solicitante no tener Bono de sueldo se puede agregar un tercer garante con Bono de sueldo 

Sin mascotas",217205-12
inmoclick:218518-1,inmoclick,218518,1,https://inmoclick.com/218518-carlos-marin-alcalde/inmuebles/1/ficha/departamento-en-alquiler-en-ituzaingo-y-tucuman,2026-09-09,,590000.0,ARS,7375.0,80.0,80.0,,3.0,1.0,Departamento,Alquiler,Excelente,22.0,Capital,Mendoza,Ituzaingó y Tucumán,-32.8743400152409,-68.82914935396728,Sin Cochera,,,False,,30000.0,False,,carlos marin alcalde,Dueno Directo,True,False,,"Dueño alquila dpto Planta Alta. 3 dormitorios, living comedor, cocina, lavandería, baño, balcón. Muy luminoso. Mes de depósito y mes de alquiler inicial $590.000",218518-1
inmoclick:223721-1,inmoclick,223721,1,https://inmoclick.com/223721-daniela-sosa/inmuebles/1/ficha/departamento-en-alquiler-en-las-canas-y-lamadrid,2026-09-09,,550000.0,ARS,10576.923076923076,52.0,60.0,,1.0,1.0,Departamento,Alquiler,Excelente,8.0,Guaymallen,Mendoza,Las Cañas y Lamadrid,-32.9050715,-68.8181187,Garage/Cochera,4.0,False,False,,35000.0,False,,daniela sosa,Dueno Directo,True,False,,"🛏️ Habitación 
🛋️ Living - comedor 
🍽️ Cocina equipada (alacenas y cocina incluida) 
🚿 Baño con ducha y espejo moderno 
🚗 Cochera 
🔒 Complejo privado con portón eléctrico y cámaras de seguridad 
💸 Expensas aprox. $35.000 mensuales 
👥 Máximo dos personas — sin animales

Departamento funcional y acogedor, pensado para quienes buscan comodidad y seguridad en un espacio práctico. La distribución de un dormitorio más living-comedor crea un ambiente ideal para vivir en pareja o para una sola persona que necesite espacio para recibir. La cocina, equipada con alacenas y cocina, facilita el día a día y ofrece lugar de guardado suficiente para mantener todo ordenado. El baño cuenta con ducha y un espejo moderno que aporta un toque contemporáneo y práctico.

El complejo privado suma tranquilidad: portón eléctrico y cámaras brindan mayor control de acceso y sensación de seguridad. 

Las expensas aproximadas de $35.000 mensuales permiten planificar el presupuesto con claridad. Por normativa del complejo, se admite un máximo de dos ocupantes y no se permiten animales, lo que garantiza convivencia tranquila y ordenada. 

Consúltenos para coordinar una visita y conocer personalmente el inmueble.",223721-1
inmoclick:228300-3,inmoclick,228300,3,https://inmoclick.com/228300-omar-jara/inmuebles/3/ficha/departamento-en-alquiler-en-cerro-tolosa-y-corrientes,2026-09-09,,480000.0,ARS,12972.972972972972,37.0,45.0,2.0,1.0,1.0,Departamento,Alquiler,Excelente,17.0,Godoy Cruz,Mendoza,Cerro Tolosa y Corrientes,-32.94249217137977,-68.8343939436554,Garage/Cochera,1.0,,,,18000.0,,,omar jara,Dueno Directo,True,False,,"Departamento está ubicado en Godoy Cruz en Calle Cerro Tolosa y Corrientes a dos cuadras del Super Vea de Sarmiento y Alem. Consta de un dormitorio con cocina comedor, baño, posee cochera, muy comodo y luminoso, posee alarma, la zona es muy tranquila y segura.",228300-3
inmoclick:229229-2109,inmoclick,229229,2109,https://inmoclick.com/229229-remax-terrunos/inmuebles/2109/ficha/departamento-en-alquiler-en-avenida-espana-900,2026-09-09,,1500000.0,ARS,23437.5,64.0,64.0,,2.0,2.0,Departamento,Alquiler,,,Capital,Mendoza,Avenida España 900,-32.8916984,-68.8428586,Garage/Cochera,,,,,,,,remax terrunos,Inmobiliaria,False,False,,"Corredor Responsable Luciana Daniela Garritano Mat. N 1676 - 
Contacto Ezequiel Savina - MLS ID 421671092-51

Ubicado en Av. España 948 Ciudad Mendoza. Premium Tower Suite.

Vos te imaginas vivir en uno de los lugares más exclusivos seguros y cómodos de Mendoza? Donde bajas por ascensor de tu departamento y tenes todo cerca todo ágil Starbucks a 50 metros tiendas de ropa de primeras marcas plaza colegios y mucho más sin necesidad de encender tu vehículo ? Además poder almorzar o cenar en tu mismo edificio teniendo descuento especial por ser residente en uno de los restaurantes más prestigiosos y destacados de Mendoza?

Alquiler de departamento exclusivo totalmente AMOBLADO.
-Dos dormitorios
-Dos baños Uno en Suite.
-Cocina
-Living- Comedor.

Expensas abril 2026 160.000 Las cuales incluyen Internet Televisión por cable.
El departamento cuenta con climatización central FríoCalor

Recepción.
Lobby.
Restaurante.
Bar.
Gimnasio completo.
Sauna.
Pileta y Solarium.
Vista inmejorable de Mendoza.

Contactame para más información y coordinamos una visita!
RAU S.R.L. no ejerce el corretaje inmobiliario. El presente sitio web es una plataforma en donde cada oficina inmobiliaria independiente que contrata los servicios RE/MAX puede publicar las propiedades a su cargo. Cada oficina es de propiedad y gestión independiente, por lo que RAU S.R.L. no interviene en los datos de la publicación, en la operación inmobiliaria, ni en la confección y/o firma del boleto de compraventa y/o escritura y/o contrato de alquiler. En cumplimiento de las leyes vigentes que regulan el corretaje inmobiliario, Ley Nacional 25.028, Ley 22.802 de Lealtad Comercial, Ley 24.240 de Defensa al Consumidor, las normas del Código Civil y Comercial de la Nación y Constitucionales, los agentes/gestores NO ejercen el corretaje inmobiliario. Todas las operaciones inmobiliarias son objeto de intermediación y conclusión por parte del corredor público inmobiliario colegiado a cargo de la publicación, cuyos datos se exhiben en la presente. La presente publicación describe las características esenciales del inmueble, debiéndose consultar al corredor público inmobiliario responsable de la operación por la eventual actualización de las medidas, descripciones arquitectónicas y funcionales, valores de expensas, servicios, impuestos, precios y demás información, cuyos valores son aproximados.",229229-2109
inmoclick:229229-2464,inmoclick,229229,2464,https://inmoclick.com/229229-remax-terrunos/inmuebles/2464/ficha/departamento-en-alquiler-en-cordoba-0,2026-09-09,,1000.0,USD,,,,,2.0,1.0,Departamento,Alquiler,,,Lujan de Cuyo,Mendoza,Cordoba 0,-33.0325688,-68.8874374,Garage/Cochera,,,,,,,,remax terrunos,Inmobiliaria,False,False,,"Corredor Responsable Luciana Daniela Garritano Mat. N 1676 - 
Contacto Daiana Rodriguez - MLS ID 421671078-63

DEPARTAMENTO PREMIUM EN ALQUILER COMPLEJO TERRUAR LUJÁN DE CUYO

REMAX ofrece en alquiler un Departamento en Planta Alta a ESTRENAR en el exclusivo Complejo Residencial Terruar Apartaments Wines.

El Departamento Ubicado en Planta Alta cuenta con
-Cocina comedor integrada. 
-Lavandería independiente.
-1 Baño. 
-2 Habitaciones. 
-Cochera Techada.

El departamento tiene la particularidad además de tener terminaciones de Lujo y modernas de tener calefacción central.

El complejo cuenta con los siguientes aménities

-Piscina 
-Sector de Churrasqueras.
-Amplio Espacio verde. 
-Seguridad. Además posee monitoreo por cámaras de seguridad. 

Contáctanos hoy mismo para más detalles y programar una visita! 
RAU S.R.L. no ejerce el corretaje inmobiliario. El presente sitio web es una plataforma en donde cada oficina inmobiliaria independiente que contrata los servicios RE/MAX puede publicar las propiedades a su cargo. Cada oficina es de propiedad y gestión independiente, por lo que RAU S.R.L. no interviene en los datos de la publicación, en la operación inmobiliaria, ni en la confección y/o firma del boleto de compraventa y/o escritura y/o contrato de alquiler. En cumplimiento de las leyes vigentes que regulan el corretaje inmobiliario, Ley Nacional 25.028, Ley 22.802 de Lealtad Comercial, Ley 24.240 de Defensa al Consumidor, las normas del Código Civil y Comercial de la Nación y Constitucionales, los agentes/gestores NO ejercen el corretaje inmobiliario. Todas las operaciones inmobiliarias son objeto de intermediación y conclusión por parte del corredor público inmobiliario colegiado a cargo de la publicación, cuyos datos se exhiben en la presente. La presente publicación describe las características esenciales del inmueble, debiéndose consultar al corredor público inmobiliario responsable de la operación por la eventual actualización de las medidas, descripciones arquitectónicas y funcionales, valores de expensas, servicios, impuestos, precios y demás información, cuyos valores son aproximados.",229229-2464
inmoclick:2372-512,inmoclick,2372,512,https://inmoclick.com/2372-alcover-propiedades/inmuebles/512/ficha/departamento-en-alquiler-en-irigoyen-4151,2026-09-09,,380000.0,ARS,8444.444444444445,45.0,45.0,,,1.0,Departamento,Alquiler,Excelente,30.0,Guaymallen,Mendoza,Irigoyen 4151,-32.8904315,-68.7845883,Sin Cochera,1.0,False,False,False,,,,alcover propiedades,Inmobiliaria,False,False,,"Se alquila bonito monoambiente de 3 ambientes. Se encuentra dentro de un complejo cerrado. El monoambiente cuenta con patiecito con leonera, baño completo, alacena y bajo mesada. Está asegurado con puerta reja, cuenta con luz, agua y gas natural. No se pagan expensas. No posee espacio vehicular pero sí para una moto. Está cerca de la municipalidad de Guaymallen.",2372-512
inmoclick:2372-524,inmoclick,2372,524,https://inmoclick.com/2372-alcover-propiedades/inmuebles/524/ficha/departamento-en-alquiler-en-illanes-1830,2026-09-09,,325000.0,ARS,9285.714285714286,35.0,35.0,2.0,1.0,1.0,Departamento,Alquiler,Excelente,5.0,Las Heras,Mendoza,illanes 1830,-32.8480452,-68.85165789999999,Sin Cochera,1.0,False,False,,25000.0,False,,alcover propiedades,Inmobiliaria,False,False,,Se alquila precioso monoambiente que cuenta con dormitorio integrada al comedor y baño completo. Incluye calefon eléctrico y una anafe de dos hornallas. Se encuentra dentro de un complejo cerrado en planta baja.,2372-524
inmoclick:239928-30,inmoclick,239928,30,https://inmoclick.com/239928-dori-rodriguez/inmuebles/30/ficha/departamento-en-alquiler-en-ituzaingo-2217-dpto6-mendoza-capital,2026-09-09,,500000.0,ARS,7142.857142857143,70.0,75.0,4.0,2.0,1.0,Departamento,Alquiler,Muy Bueno,15.0,Capital,Mendoza,Ituzaingó 2217-dpto6. Mendoza. Capital,-32.87734564708044,-68.82931765303829,Sin Cochera,1.0,False,False,,70000.0,False,No,dori rodriguez,Dueno Directo,True,False,,"Luminoso departamento en complejo cerrado que combina seguridad y confort en cada ambiente. El ingreso se realiza por un amplio living-comedor equipado con aire acondicionado y calefactor, un espacio pensado tanto para el descanso como para recibir visitas. Dos habitaciones equipadas con cortinas blackout y placares ofrecen privacidad y orden, mientras que la cocina práctica y funcional incluye calefón, cocina, mesadas y muebles bajo mesada. El baño está equipado y cuenta con cuadro de ducha. Además dispone de un patio propio, un valor agregado para disfrutar del aire libre dentro de la unidad.

Características principales:
- 🏘️ Complejo cerrado: seguridad y tranquilidad
- 🔒 Ventanas y puerta con rejas: mayor protección
- 🛋️ Living-comedor: ingreso principal, luminoso, con aire acondicionado y calefactor
- 🛏️ 2 habitaciones: cortinas blackout y placares una con Aire Acondicionado.
- 🍽️ Cocina: calefón, cocina, mesadas y muebles bajo mesada
- 🚿 Baño: equipado con cuadro ducha
- 🌿 Patio: espacio exterior privado

Se ofrece contrato por dos años, con ajuste cuatrimestral según IPC. Esta propiedad es ideal para quienes buscan un hogar cómodo, seguro y funcional, con espacios bien aprovechados y detalles que facilitan la vida diaria. Contacta para coordinar visita y comprobar en persona la claridad y calidez del departamento.",239928-30
inmoclick:240651-4,inmoclick,240651,4,https://inmoclick.com/240651-sergio-saiz/inmuebles/4/ficha/departamento-en-alquiler-en-belgrano-1124,2026-09-09,,980000.0,ARS,16896.55172413793,58.0,62.0,4.0,1.0,1.0,Departamento,Alquiler,Excelente,12.0,Capital,Mendoza,Belgrano 1124,-32.8882897,-68.8501091,Garage/Cochera,6.0,,,,98000.0,False,,sergio saiz,Dueno Directo,True,False,,"Moderno dpto. en quinto piso con excelentes vistas a la ciudad, muy buena ubicacion centrica en la quinta seccion, en Av. Belgrano a metros de Emilio Civit. Consta de un dormitorio amplio con salida a balcon, cocina independiente equipada, gran living comedor con acceso a balcon corrido, orientacion este y norte. Dos aires acondicionados, calefaccion por radiadores con caldera dual a gas.
Dispone de cochera techada con facil acceso, porton electrico con mando a distancia.
SUM techado con parrilla.
Moderno y amplio ascensor. Expensas accesibles $98.000.
Posibilidad de alquilar amoblado y con heladera y lavarropas en $1.150.000.",240651-4
inmoclick:241794-2,inmoclick,241794,2,https://inmoclick.com/241794-marcelo-schembri/inmuebles/2/ficha/departamento-en-alquiler-en-provincia-misiones-3400,2026-09-09,,550000.0,ARS,12222.222222222224,45.0,45.0,3.0,2.0,1.0,Departamento,Alquiler,Excelente,,Capital,Mendoza,Provincia Misiones 3400,-32.8636678,-68.8523909,Garage,,,,,45000.0,False,,marcelo schembri,Dueno Directo,True,False,,"ALQUILO DEPARTAMENTO EN 6ta SECCIÓN-MENDOZA

Se alquila departamento de 45 m2 en primer piso, muy bien ubicado en calle Misiones, zona residencial. 

📍Prov. Misiones 3400

Cuenta con:

3 ambientes
2 habitaciones
Living-comedor
1 baño
Cocina con lavandería
Playa de estacionamiento
Dueño directo

El departamento está recién pintado y refaccionado. Cuenta con una estufa en el espacio del living-comedor y un horno y extractor en la cocina.

IMPORTANTE: No se cobrará mes de depósito ni comisión. Solamente deberá pagar adicionalmente la confección del contrato con un valor de $200.000.",241794-2
inmoclick:242420-5,inmoclick,242420,5,https://inmoclick.com/242420-ama/inmuebles/5/ficha/departamento-en-alquiler-en-av-mitre-2-485-ciudad,2026-09-09,,500000.0,ARS,8333.333333333334,60.0,60.0,5.0,2.0,1.0,Departamento,Alquiler,Muy Bueno,30.0,Capital,Mendoza,Av.Mitre 2.485 - Ciudad,-32.87456813497924,-68.84022421691894,Sin Cochera,,,,,45000.0,False,,ama,Inmobiliaria,False,False,,"Te presentamos este hermoso departamento en alquiler ubicado frente al Parque Central en Mendoza Capital. Con una excelente ubicación, esta propiedad cuenta con dos dormitorios, un baño, cocina comedor, living comedor, lavandería y un pequeño balcón con rejas.

El departamento tiene una superficie cubierta de 60 m2 y se encuentra en buen estado de conservación. Además, cuenta con expensas de $45,000.

No se aceptan mascotas.

Se requiere que el inquilino triplique el monto del alquiler, pudiendo sumar ingresos con su pareja. Para ingresar se deberá abonar el mes de alquiler, un mes de depósito y los honorarios correspondientes.

No pierdas la oportunidad de vivir en este cómodo departamento con una ubicación privilegiada y todas las comodidades que necesitas. ¡Contáctanos para más información y para coordinar una visita!",242420-5
inmoclick:244253-2,inmoclick,244253,2,https://inmoclick.com/244253-camila-moran/inmuebles/2/ficha/departamento-en-alquiler-en-av-bartolome-mitre-753,2026-09-09,,1300000.0,ARS,12380.952380952382,105.0,105.0,5.0,2.0,2.0,Departamento,Alquiler,Excelente,,Capital,Mendoza,Av Bartolomé mitre 753,,,Garage/Cochera,,,,,300000.0,False,,camila moran,Dueno Directo,True,False,,"Moderno departamento amoblado, luminoso, hermosas vistas y totalmente equipado, ideal para mudarse ya.
Características:
2 Dormitorios: completos (camas, placares), el principal con baño en suite.
Living comedor: espacioso, con sillón, TV y mesa familiar.
Cocina independiente: con heladera, horno, microondas y electrodomésticos.
Confort: aire acondicionado en todos los ambientes y calefacción por radiadores.
Seguridad: recepción 24 hs y cerradura electrónica de última generación.
Cochera: incluida (en edificio de enfrente).
Amenities del edificio:
🏊 Pileta de exterior.
🧖 Sauna.
💪 Gimnasio completo.
Condiciones comerciales:
Valor mensual: $1.300.000.
Expensas: A cargo del inquilino, incluye wifi y TV de cable.
Disponibilidad: Ingreso inmediato.
Se ingresa con mes de alquiler ($1.300.000), mes de deposito ($1.300.000) y medio mes de comisión ($650.000)
Periodo de alquiler: a convenir
Incremento cada 3 meses por IPC",244253-2
inmoclick:246856-1,inmoclick,246856,1,https://inmoclick.com/246856-patricia-elizabeth-perrelli/inmuebles/1/ficha/departamento-en-alquiler-en-las-canas-772-casi-lanadrid-dorrego-guaymallen-mendoza,2026-09-09,,580000.0,ARS,14500.0,40.0,45.0,3.0,1.0,1.0,Departamento,Alquiler,Excelente,2.0,Guaymallen,Mendoza,Las Cañas 772 casi Lanadrid Dorrego Guaymallen  Mendoza,-32.904920881540384,-68.81793414970282,Garage/Cochera,1.0,False,,,35000.0,False,,patricia elizabeth perrelli,Dueno Directo,True,False,,"ALQUILO !!! Hermoso departamento, luminoso, en edificio seguro, planta baja.
-Un dormitorio con aire acondicionado frio calor y placard.
-Cocina comedor con amoblamiento bajo y sobre mesada, cocina impecable a gas, extractor de cocina, repisa para microondas Termotanque
Calefactor a gas 
-Baño con todos sus artefactos. 
-Cochera techada
-Porton de entrada automatizado 

Alquiler por dos años, aumentos cuatrimestrales por ICL, sin mes de deposito, solo con documento de garantia.",246856-1
inmoclick:247322-1,inmoclick,247322,1,https://inmoclick.com/247322-vero-galli/inmuebles/1/ficha/departamento-en-alquiler-en-calle-espejo-y-9-de-julio,2026-09-09,,900000.0,ARS,12857.142857142857,70.0,70.0,4.0,2.0,2.0,Departamento,Alquiler,Excelente,,Capital,Mendoza,Calle espejo y 9 de julio,-32.88932368000111,-68.84004795515597,Sin Cochera,,False,False,,,False,,vero galli,Dueno Directo,True,False,,"✨ Departamento impecable en pleno centro, ideal para quienes buscan confort y ubicación estratégica. Muy luminoso y en excelente estado, listo para mudarse. La distribución es práctica y funcional, con ambientes bien aprovechados que brindan comodidad y tranquilidad en el corazón de la ciudad.

Características principales:
- 🛏️ 2 dormitorios
- 🛁 1 baño completo
- 🚽 Baño de servicio
- 🍽️ Cocina amplia
- 🧺 Lavandería independiente
- ☀️ Muy luminoso
- 📍 Ubicado en pleno centro
- ✅ Excelente estado

La cocina es amplia y tiene comedor diario/living independiente. La lavandería independiente facilita la organización y mantiene los ambientes principales despejados. El baño de servicio agrega versatilidad y comodidad para visitas o para uso doméstico. Gracias a su excelente luminosidad los ambientes se sienten amplios y acogedores, creando una atmósfera cálida y agradable durante todo el día.

Su ubicación en pleno centro ofrece la ventaja de vivir cerca de todo, reduciendo tiempos de traslado y potenciando la vida urbana. Ideal tanto para quien busca su primer hogar o estudiantes

Visítalo y comprueba por qué este departamento combina ubicación, estado y luminosidad en una opción difícil de dejar pasar.",247322-1
inmoclick:2494-304,inmoclick,2494,304,https://inmoclick.com/2494-dupertuis-bienes-raices/inmuebles/304/ficha/departamento-en-alquiler-en-rioja-1052-ciudad-mendoza,2026-09-09,,550000.0,ARS,7857.142857142857,70.0,70.0,,2.0,1.0,Departamento,Alquiler,Muy Bueno,,Capital,Mendoza,Rioja 1052 ciudad mendoza,-32.8894587,-68.8458386,Sin Cochera,,,,False,,False,,dupertuis bienes raices,Inmobiliaria,False,False,,"Dupertuis Bienes Raíces ofrece en alquiler un departamento impecable, ideal por su comodidad, ubicación estratégica y ahorro mensual.📍 Ubicación PrivilegiadaUbicado sobre calle Rioja, entre Garibaldi y Alem, en plena Ciudad Capital. Una zona conectada, segura y con todo al alcance de la mano.🏠 Características PrincipalesAcceso: 1° piso por escalera (pocas unidades, mayor tranquilidad).Living-Comedor: Espacioso, luminoso y con excelente distribución.Cocina: Independiente y funcional.Dormitorios: 2 habitaciones cómodas, ambas equipadas con amplios placares.Baño: 1 baño completo en perfecto estado.Lavadero: Pequeño patio tendedero propio con espacio para lavandería.💰 Condiciones EconómicasCanon Mensual: $550.000.-¡Sin Expensas!: Un gran beneficio para optimizar tu presupuesto mensual.🚫 RestriccionesNo se aceptan mascotas.

OPCIONES DE GARANTES -
A. 2 garantes (uno con bono de sueldo que triplique el monto del alquiler y un garante propietario).

B. 3 garantes con bonos de sueldo (el bono de sueldo equivalente a tres veces el monto del alquiler).

C. Contratar un seguro de caución.",2494-304
inmoclick:2494-306,inmoclick,2494,306,https://inmoclick.com/2494-dupertuis-bienes-raices/inmuebles/306/ficha/departamento-en-alquiler-en-guiraldes-466-pb-dpto-1-dorrego-guaymallen-mendoza,2026-09-09,,650000.0,ARS,10000.0,65.0,65.0,,2.0,1.0,Departamento,Alquiler,Muy Bueno,,Guaymallen,Mendoza,Guiraldes 466 PB Dpto 1 Dorrego Guaymallen Mendoza,-32.9058418,-68.8332353,Garage/Cochera,,,,,40000.0,False,,dupertuis bienes raices,Inmobiliaria,False,False,,"Dupertuis Bienes Raíces Alquila Excelente Departamento en Dorrego, Guaymallén

📍 Ubicado en calle Güiraldes 466, Departamento 1, Planta Baja, distrito de Dorrego, departamento de Guaymallén. Emplazado en una zona residencial de fácil acceso, entre calles San Juan de Dios y Dorrego, con cercanía a comercios, transporte público y servicios.

Características de la Propiedad
Superficie: 65 m²
Amplio living-comedor
Cocina-comedor
2 dormitorios con placares
1 baño completo
Patio privado
Cochera semicubierta para 1 vehículo

La propiedad se destaca por sus cómodos ambientes, funcional distribución y excelente ubicación, siendo ideal tanto para vivienda permanente como para inversión.

💰 Valor: $650.000
 Expensas: $40.000

Para más información o coordinar una visita, consulte con Dupertuis Bienes Raíces.

-OPCIONES DE GARANTES -
-A. 2 garantes (uno con bono de sueldo que triplique el monto del alquiler y un garante propietario).
-B. 3 garantes con bonos de sueldo (el bono de sueldo equivalente a tres veces el monto del alquiler).
-C. Contratar un seguro de caución.",2494-306
inmoclick:249442-4,inmoclick,249442,4,https://inmoclick.com/249442-norma/inmuebles/4/ficha/departamento-en-alquiler-en-bariloche-y-america,2026-09-09,,280000.0,ARS,15555.555555555557,18.0,18.0,,,1.0,Departamento,Alquiler,Muy Bueno,20.0,Lujan de Cuyo,Mendoza,Bariloche y América,-32.87505096302248,-68.83456419,Cochera Pasante,1.0,,,False,,False,,norma,Dueno Directo,True,False,,"Se alquila monoambiente con habitación, cocina y baño. Zona Carrodilla, próximo a acceso sur y J. J. Paso. $280.000 mensuales, más servicios. Solicitante mayor de 35 años con bono de sueldo y dos garantes. Mes de alquiler, mes de depósito y contrato por escribanía para entrar. Sin mascotas, SIN EXCEPCIÓN. Comunicarse SOLO POR WHATSAPP",249442-4
inmoclick:250453-1,inmoclick,250453,1,https://inmoclick.com/250453-ivan-mastrandrea/inmuebles/1/ficha/departamento-en-alquiler-en-rioja-1354,2026-09-09,,330000.0,ARS,16500.0,20.0,20.0,,,1.0,Departamento,Alquiler,Muy Bueno,30.0,Capital,Mendoza,Rioja 1354,-32.87505096302248,-68.83456419,Sin Cochera,2.0,False,False,False,,False,No,ivan mastrandrea,Dueno Directo,True,False,,"Departamento monoambiente en pleno Microcentro de Mendoza, sobre calle Rioja, pensado para quien busca privacidad, comodidad y bajo mantenimiento. Espacio luminoso y silencioso en segunda planta, ideal para estudiantes o personas solteras que valoran un ambiente tranquilo para vivir o estudiar. 

Características principales:
- 📍 Ubicación: Microcentro, calle Rioja 
- 🛏️ Monoambiente, planta funcional y versátil 
- 🛁 Baño completamente equipado 
- 🚿 Ducha operativa 
- ♨️ Agua fría/caliente por calefón solar con opción de resistencia eléctrica (eficiencia y respaldo) 
- ⚡ Electricidad con medidor individual (control y transparencia en el consumo) 
- ❄️🔥 Aire acondicionado split frío/calor 
- 🔇 Muy privado y silencioso (SIN VECINOS) 
- 🪑 Se alquila sin muebles (posibilidad de personalizar el espacio) 
- 🚫 No se alquila con hijos 
- 🚫🐾 No se permiten mascotas

Ventajas destacadas: el sistema de calefón solar ofrece ahorro y sostenibilidad, con la seguridad de la resistencia eléctrica como respaldo. El medidor individual permite un control claro de gastos eléctricos. Al ubicarse en segunda planta y sin vecinos inmediatos, el monoambiente brinda una atmósfera serena y privada, perfecta para concentrarse o descansar. Al entregarse sin muebles, el espacio queda listo para adaptarlo a tu estilo personal.

Condiciones claras y directas: ideal para estudiantes o una persona sola o pareja joven. Consultar condiciones y visitas para conocer personalmente el ambiente y comprobar sus beneficios.",250453-1
inmoclick:251492-171,inmoclick,251492,171,https://inmoclick.com/251492-silvia-napoli/inmuebles/171/ficha/departamento-en-alquiler-en-rio-atuel,2026-09-09,,650000.0,ARS,9285.714285714286,70.0,100.0,6.0,2.0,1.0,Departamento,Alquiler,Muy Bueno,4.0,Guaymallen,Mendoza,RIO ATUEL,-32.924636551954684,-68.79382180478515,Garage/Cochera,1.0,,,False,,False,,silvia napoli,Inmobiliaria,False,False,,"Departamento en alquiler en Calle Río Atuel, Barrio Chillcani (Guaymallén). Ubicado en un complejo reducido de solo 4 unidades, se encuentra en primer piso por escalera, ofreciendo privacidad y un ambiente tranquilo.

Características principales:
- 📍 Dirección: Calle Río Atuel, Barrio Chillcani, Guaymallén 
- 🏘️ Complejo: 4 departamentos (entorno íntimo y silencioso) 
- ⬆️ Piso: 1° por escalera 
- 🛋️ Ambientes: Living luminoso (espacio para recepción y comedor) 
- 🍽️ Cocina: sector independiente para cocinar con comodidad 
- 🛏️ Habitaciones: 2 dormitorios, ambos con placares dobles 🧥🧥 
- 🚿 Baño: completo 
- 🚗 Cochera: espacio para 1 auto

REQUISITOS:
- Bono de sueldo de solicitante y como garantía 2 o 3 bonos de sueldo, o garantía propietaria
- Alquiler, deposito, honorarios inmobiliarios y certificación de firmas ante escribano.",251492-171
inmoclick:251492-188,inmoclick,251492,188,https://inmoclick.com/251492-silvia-napoli/inmuebles/188/ficha/departamento-en-alquiler-en-peatonal-sarmiento-127,2026-09-09,,530000.0,ARS,7571.428571428572,70.0,100.0,4.0,1.0,1.0,Departamento,Alquiler,Muy Bueno,,Capital,Mendoza,PEATONAL SARMIENTO 127,-32.89029488630471,-68.84127219650343,Sin Cochera,,,,,85000.0,False,,silvia napoli,Inmobiliaria,False,False,,"SILVIA NAPOLI CORREDORA PUBLICA MAT. 724 .
ALQUILA DEPARTAMENTO LOFT, EN PEATONAL SARMIENTO DE LA CIUDAD DE MENDOZA.

A UNA CUADRA Y MEDIA DE PLAZA INDEPENDENCIA, EN PLENO CENTRO DE LA CIUDAD.
EN SEPTIMO PISO POR ASCENSOR, ULTIMO PISO DEL EDIFICIO Y CON UNA VISTA INIGUALABLE DE LA CIUDAD. 

COMPUESTO DE UN HAMBIENTE AMPLIO DE 70 METROS CON DIVISION 
( COCICNA COMEDOR, HABITACION), BAÑO Y BALCON HACIA LA PEATONAL.
- AMPLIA TERRAZA CON CHURRASQUERA.

EXPENSAS $85.000

NO TIENE COCHERA (en el edificio se alquilan cocheras)
REQUISITOS:
- Bono de sueldo de solicitante y como garantía 2 o 3 bonos de sueldo, o garantía propietaria
- Alquiler, deposito, honorarios inmobiliarios y certificación de firmas ante escribano. (el deposito se puede pagar en cuotas)",251492-188
inmoclick:251492-204,inmoclick,251492,204,https://inmoclick.com/251492-silvia-napoli/inmuebles/204/ficha/departamento-en-alquiler-en-beltran-1808,2026-09-09,,650000.0,ARS,10833.333333333334,60.0,60.0,5.0,2.0,1.0,Departamento,Alquiler,Muy Bueno,30.0,Godoy Cruz,Mendoza,BELTRAN 1808,-32.9053036,-68.851837,Garage,,,,,80000.0,False,,silvia napoli,Inmobiliaria,False,False,,"SILVIA NAPOLI MAT. 724, 
ALQUILA DEPARTAMENTO EN CALLE BELTRAN, EDIFICIO ENRIQUE PRIMERO, GODOY CRUZ, MENDOZA.

SEPTIMO PISO POR ESCALERA Y ASCENSOR
COMPUESTO DE: 
*DOS HABITACIONES, 
*BAÑO, 
*LIVING COMEDOR
*COCINA CON LAVADERO, 
*BALCON ENREJADO
*COCHERA.

REQUISITOS:
- Bono de sueldo de solicitante y como garantía 2 o 3 bonos de sueldo, o garantía propietaria
- Alquiler, deposito, honorarios inmobiliarios y certificación de firmas ante escribano. (el deposito se puede pagar en cuotas)",251492-204
inmoclick:251492-205,inmoclick,251492,205,https://inmoclick.com/251492-silvia-napoli/inmuebles/205/ficha/departamento-en-alquiler-en-25-de-mayo-torre-b5,2026-09-09,,560000.0,ARS,11200.0,50.0,50.0,5.0,3.0,1.0,Departamento,Alquiler,Bueno,,Guaymallen,Mendoza,25 DE MAYO TORRE B5,,,Sin Cochera,,,,,60000.0,False,,silvia napoli,Inmobiliaria,False,False,,"SILVIA NAPOLI MAT.724 
ALQUILA DEPARTAMENTO EN TORRES BARRIO UNIMEV, TORRE B5, 
VILLA NUEVA, GUAYMALLEN
DEPARTAMENTO EN SEGUNDO PISO POR ESCALERA Y ASCENSOR.
COMPUESTO DE: 
- 3 HABITACIONES CON PLACARD
-BAÑO
-COCINA COMEDOR
-LIVING
-ESTACIONAMIENTO PARA VEHICULO

REQUISITOS:
- Bono de sueldo de solicitante y como garantía 2 o 3 bonos de sueldo, o garantía propietaria
- Alquiler, deposito, honorarios inmobiliarios y certificación de firmas ante escribano. (el deposito se puede pagar en cuotas)",251492-205
inmoclick:251492-210,inmoclick,251492,210,https://inmoclick.com/251492-silvia-napoli/inmuebles/210/ficha/departamento-en-alquiler-en-elpidio-gonzalez-2200,2026-09-09,,1200000.0,ARS,13333.333333333334,90.0,105.0,5.0,2.0,1.0,Departamento,Alquiler,Excelente,,Guaymallen,Mendoza,ELPIDIO GONZALEZ 2200,-32.9320649,-68.7414671,Garage/Cochera,,,,,90000.0,False,,silvia napoli,Inmobiliaria,False,False,,"SILVIA NAPOLI MAT 724, VENDE DEPARTAMENTO A ESTRENAR, EN BARRIO PRIVADO ""LAS TACAS"", JESUS NAZARENO, GUAYMALLEN.

EN PRIMER PISO
COMPUESTO DE:

*COCINA COMEDOR
*BAÑO 
*DOS HABITACIONES CON PLACARD
*COCHERA EN EL FRENTE
* TERRAZA/ BALCON CON CHURRASQUERA",251492-210
inmoclick:251492-212,inmoclick,251492,212,https://inmoclick.com/251492-silvia-napoli/inmuebles/212/ficha/departamento-en-alquiler-en-almirante-brown-1580,2026-09-09,,550000.0,ARS,7857.142857142857,70.0,80.0,6.0,2.0,1.0,Departamento,Alquiler,Muy Bueno,6.0,Las Heras,Mendoza,Almirante Brown 1580,,,Garage/Cochera,,,,,120000.0,False,,silvia napoli,Inmobiliaria,False,False,,"SILVIA NAPOLI CORREDORA PUB. MAT 724, ALQUILA DEPARTAMENTO EN BARRIO PRIVADO ""VISTA OLIVO"", LAS HERAS, MENDOZA.

DEPARTAMENTO EN UN COMPLEJO DE 4 DPTO. EN PRIMER PISO POR ESCALERAS.
COMPUESTO DE:
*COCINA COMEDOR
* DOS HABITACIONES CON PLACARD
*BAÑO
*BALCON 
*ETACIONAMIENTO PARA VEHICULO

REQUISITOS:
- Bono de sueldo de solicitante y como garantía 2 o 3 bonos de sueldo, o garantía propietaria
- Alquiler, deposito, honorarios inmobiliarios y certificación de firmas ante escribano. (el deposito se puede pagar en cuotas)",251492-212
inmoclick:251492-216,inmoclick,251492,216,https://inmoclick.com/251492-silvia-napoli/inmuebles/216/ficha/departamento-en-alquiler-en-uruiza-y-calle-n02,2026-09-09,,500000.0,ARS,11111.111111111111,45.0,55.0,,1.0,1.0,Departamento,Alquiler,Muy Bueno,,Guaymallen,Mendoza,URUIZA Y CALLE N°2,-32.915050795651624,-68.78609825031282,Garage/Cochera,,,,,70000.0,False,,silvia napoli,Inmobiliaria,False,False,,"SILVIA NAPOLI MAT 724, ALQUILA DEPARTAMENTO EN COMPLEJO. SAN FRANCISCO DEL MONTE, GUAYMALLEN.

PRIMER PISO POR ESCALERA

* COCINA COMEDOR
*UNA HABITACION
*BAÑO
*COCHERA PARA UN AUTO

REQUISITOS:
- Bono de sueldo de solicitante y como garantía 2 o 3 bonos de sueldo, o garantía propietaria
- Alquiler, deposito, honorarios inmobiliarios y certificación de firmas ante escribano. (el deposito se puede pagar en cuotas)",251492-216
inmoclick:259304-49,inmoclick,259304,49,https://inmoclick.com/259304-bcg-desarrollos-inmobiliarios/inmuebles/49/ficha/departamento-en-alquiler-en-calle-buenos-aires,2026-09-09,,600000.0,ARS,8000.0,75.0,75.0,3.0,2.0,1.0,Departamento,Alquiler,Muy Bueno,,Lujan de Cuyo,Mendoza,Calle Buenos Aires,,,Sin Cochera,,False,False,False,,False,,bcg desarrollos inmobiliarios,Inmobiliaria,False,False,,"Alquiler Departamento, ubicado en Barrio Loyola, Carrodilla, Lujan de Cuyo, Mendoza. Zona altamente desarrollada, segura, calles asfaltadas, todos los servicios, transporte público, supermercados, escuelas, accesos rápidos.
El departamento, en 1er piso por escaleras, cuenta con espacios cómodos, buena iluminación y ventilación, se distribuye: en amplia cocina comedor integrada con artefacto, muebles y alacenas, termotanque y calefactor, A/A, 2 dormitorios, con placares y 1 baño completo. Patio de luz. No posee cochera. No se aceptan mascotas.
REQUISITOS:
Titular y 2 garantes con ingresos demostrables, bono de sueldo, certificación de ingreso firmada por Contador Público y certificada por CPCEM. 
Se Ingresa: Mes de Alquiler adelantado
	 Mes de Deposito 
 	 Honorarios de Inmobiliaria
Actualización Cuatrimestral
Índice IPC",259304-49
inmoclick:265661-14,inmoclick,265661,14,https://inmoclick.com/265661-converge-inmobiliaria/inmuebles/14/ficha/departamento-en-alquiler-en-elpidio-gonzalez-2213,2026-09-09,,780000.0,ARS,12000.0,65.0,65.0,3.0,2.0,1.0,Departamento,Alquiler,Excelente,,Guaymallen,Mendoza,ELPIDIO GONZÁLEZ 2213,-32.91993080511065,-68.8190422464308,Garage/Cochera,1.0,,,,75000.0,False,,converge inmobiliaria,Inmobiliaria,False,False,,"Se alquila departamento a estrenar en el Barrio Privado Las Tacas, Guaymallén, Mendoza.
Se trata de un departamento ubicado en primer piso por escalera. El inmueble cuenta con cochera cubierta para un vehículo, cocina-living-comedor integrado, 2 dormitorios, uno de ellos con vestidor y amplio balcón, ante baño y baño.
El departamento cuenta con todos los servicios.

Requisitos:
-Titular con bono de sueldo o monotributistas (ingresos a partir de $1.500.000).
-2 garantes: 
 * 1 puede ser con bono de sueldo (ingreso neto a partir de $1.500.000).
 * 1 puede ser con propiedad (2 propiedades a su nombre).
 * 2 pueden ser con bono de sueldo (ingreso neto a partir de $1.500.000).

Importes a abonar:
-Mes de alquiler
-Mes de depósito (se puede abonar en hasta 3 cuotas mensuales y consecutivas)
-Certificación de firmas ante escribano público
-Honorarios inmobiliarios

Para mayor información y solicitar visita, comunicarse al teléfono de contacto.",265661-14
inmoclick:266896-2,inmoclick,266896,2,https://inmoclick.com/266896-alejandro-aramendi/inmuebles/2/ficha/departamento-en-alquiler-en-olascoaga-471-depto-04,2026-09-09,,450000.0,ARS,14062.5,32.0,32.0,,1.0,1.0,Departamento,Alquiler,Excelente,,Capital,Mendoza,Olascoaga 471 depto 04,-32.8953894,-68.85520079999999,Sin Cochera,,,False,False,,False,,alejandro aramendi,Dueno Directo,True,False,,"Dueño Alquila Monoambiente en Quinta Sección
Excelente estado. Baño y cocina reciclado. Muy Luminoso. Excelente ubicacion a dos cuadras de Aristides Villanueva y cinco cuadras del parque. Aire acondicionado frio calor Lamparas y cortinas.",266896-2
inmoclick:268639-1,inmoclick,268639,1,https://inmoclick.com/268639-raul-santa-maria/inmuebles/1/ficha/departamento-en-alquiler-en-b0-covicuyo-t-g-piso-2-dep-3,2026-09-09,,450000.0,ARS,9000.0,50.0,55.0,3.0,2.0,1.0,Departamento,Alquiler,Excelente,,Las Heras,Mendoza,"B° COVICUYO, T. G, PISO 2, Dep. 3",-32.84201441823752,-68.83862670859405,Sin Cochera,1.0,False,False,,15000.0,False,,raul santa maria,Dueno Directo,True,False,,"2 dormitorios, estar comedor, cocina-lavanderia, baño y balcon.",268639-1
inmoclick:26912-135,inmoclick,26912,135,https://inmoclick.com/26912-sl-inmobiliaria/inmuebles/135/ficha/departamento-en-alquiler-en-calle-rivadavia-1010,2026-09-09,,670000.0,ARS,15227.272727272728,44.0,44.0,2.0,1.0,1.0,Departamento,Alquiler,Muy Bueno,7.0,Godoy Cruz,Mendoza,CALLE RIVADAVIA 1010,-32.9237355114597,-68.85134466137696,Sin Cochera,,False,False,,13700.0,,,sl inmobiliaria,Inmobiliaria,False,False,,"INMOBILIARIA SL ALQUILA DEPARTAMENTO

------VISITAS Y CONSULTAS UNICAMENTE POR WHATSAPP--------

EXCELENTE UBICACIÓN, A 10 metros DE CICLOVÍA DE GODO CRUZ , 2 CUADRAS DE CALLE SAN MARTIN Y 4 DE PLAZA DE GODOY CRUZ.

DESARROLLADO EN UN PRIMER PISO POR ESCALERA.

- ESTAR DIARIO INCORPORADO A LA COCINA

-ANTE BAÑO Y BAÑO

-1 DORMITORIO

-TIRO BALANCEADO EN TODOS LOS AMBIENTES.

-SE PERMITE MASCOTA
-SIN COCHERA
-SIN BALCON NI PATIO 

EN EL PISO SIGUIENTE SE ENCUENTRA TERRAZA CON CHURRASQUERA DE USOS MULTIPLES Y LUGAR DE GUARDADO INDIVIDUAL.

MAT.1664",26912-135
inmoclick:26912-143,inmoclick,26912,143,https://inmoclick.com/26912-sl-inmobiliaria/inmuebles/143/ficha/departamento-en-alquiler-en-alvarez-condarco-1600,2026-09-09,,800000.0,ARS,12698.412698412698,63.0,76.0,4.0,2.0,1.0,Departamento,Alquiler,Muy Bueno,6.0,Godoy Cruz,Mendoza,Alvarez Condarco 1600,-32.90881893753822,-68.85821446745909,Garage/Cochera,2.0,False,,,20000.0,False,,sl inmobiliaria,Inmobiliaria,False,False,,"SL INMOBILIARIA ALQUILA DUPLEX AMOBLADO EN GODOY CRUZ

---- DISPONIBLE DESDE EL 1 DE SEPTIEMBRE--

EXCELENTE UBICACION A DOS CUADRAS DE CALLE PASO DE LOS ANDES Y CINCO CUADRAS DE CALLE ARIZU. 

-COLECTIVOS 1 CUADRA, METROTRANVIA A 600 METROS

Complejo de 8 departamentos.

DESARROLLADO EN DOS PLANTAS

LIVING 
COCINA COMEDOR

EN PLANTA ALTA DOS DORMITORIOS
BAÑO COMPLETO

PATIO 
COCHERA CUBIERTA 

SE ENTREGA CON COCINA, ESTUFA Y TERMOTANQUE. 

NO SE PERMITEN MASCOTAS.

VISITAS UNICAMENTE SE COORDINAN POR WHATSAPP
MAT. 1664",26912-143
inmoclick:26912-151,inmoclick,26912,151,https://inmoclick.com/26912-sl-inmobiliaria/inmuebles/151/ficha/departamento-en-alquiler-en-calle-rivadavia-1010,2026-09-09,,770000.0,ARS,12833.333333333334,60.0,60.0,3.0,2.0,2.0,Departamento,Alquiler,Muy Bueno,10.0,Godoy Cruz,Mendoza,CALLE RIVADAVIA 1010,-32.9237355114597,-68.85134466137696,Garage/Cochera,,,,,20000.0,,,sl inmobiliaria,Inmobiliaria,False,False,,"INMOBILIARIA SL ALQUILA DEPARTAMENTO

EXCELENTE UBICACIÓN, A 10 metros DE CICLOVÍA DE GODO CRUZ , 2 CUADRAS DE CALLE SAN MARTIN Y 4 DE PLAZA DE GODOY CRUZ.

DESARROLLADO TOTALMENTE EN PLANTA BAJA, 2 DORMITORIOS Y 2 BAÑOS.

- ESTAR DIARIO INCORPORADO A LA COCINA

-ANTE BAÑO Y BAÑO

-2 DORMITORIOS (EL DORMITORIO PRINCIPAL CON VESTIDOR Y BAÑO EN SUITE)

-TIRO BALANCEADO EN TODOS LOS AMBIENTES.

- COCHERA
-SIN BALCON NI PATIO 

EN EL TERCER PISO SE ENCUENTRA TERRAZA CON CHURRASQUERA DE USOS MULTIPLES Y LUGAR DE GUARDADO INDIVIDUAL.

MAT.1664",26912-151
inmoclick:26912-157,inmoclick,26912,157,https://inmoclick.com/26912-sl-inmobiliaria/inmuebles/157/ficha/departamento-en-alquiler-en-pueyrredon-1845,2026-09-09,,770000.0,ARS,11000.0,70.0,75.0,4.0,2.0,1.0,Departamento,Alquiler,Excelente,,Godoy Cruz,Mendoza,PUEYRREDON 1845,-32.94595245880651,-68.84963045697297,Garage/Cochera,2.0,,,False,,False,,sl inmobiliaria,Inmobiliaria,False,False,,"SL ALQUILA DEPARTAMENTO

DESARROLLADO EN DOS PLANTAS.

EXCELENTE UBICACIÓN A PASOS DE CALLE PANAMERICANA Y PERITO MORENO. (Ciclovía y colectivos)

COMPLEJO DE 5 departamentos.

-AMPLIO LIVING
-COCINA, DOBLE MESADA Y PILETA DE LAVAR, CON CONEXION PARA LAVARROPA.
-PATIO

EN PLANTA ALTA:

-DOS DORMITORIOA
-BAÑO COMPLETO 

COCHERA TECHADA

-SIN EXPENSAS

-NO SE PERMITEN MASCOTAS

-AUMENTO semestral ipc

- SE ENTREGA CON REJAS, TERMOTANQUE Y COCINA.

MAT. 1664",26912-157
inmoclick:26912-159,inmoclick,26912,159,https://inmoclick.com/26912-sl-inmobiliaria/inmuebles/159/ficha/departamento-en-alquiler-en-rivadavia-282,2026-09-09,,780000.0,ARS,10400.0,75.0,80.0,,2.0,3.0,Departamento,Alquiler,Muy Bueno,20.0,Godoy Cruz,Mendoza,Rivadavia 282,-32.9253188,-68.84111779999999,Garage,,False,,False,,False,,sl inmobiliaria,Inmobiliaria,False,False,,"SL INMOBILIARIA ALQUILA DUPLEX EN GODOY CRUZ

---- DISPONIBLE-

EXCELENTE UBICACION A DOS CUADRAS DE LA PLAZA DEPARTAMENTAL DE GODOY CRUZ. COLECTIVOS 1 CUADRA

DESARROLLADO EN DOS PLANTAS

LIVING
BAÑO DE VISITA
COCINA COMEDOR
PATIO CON CHURRASQUERA

EN PLANTA ALTA DOS DORMITORIOS
AMBOS EN SUITE

COCHERA TECHADA

SE ENTREGA CON COCINA, ESTUFA Y TERMOTANQUE.

NO SE PERMITEN MASCOTAS
VISITAS UNICAMENTE SE COORDINAN POR WHATSAPP

MAT. 1664",26912-159
inmoclick:26912-99,inmoclick,26912,99,https://inmoclick.com/26912-sl-inmobiliaria/inmuebles/99/ficha/departamento-en-alquiler-en-calle-garcia-lorca,2026-09-09,,750000.0,ARS,10000.0,75.0,75.0,4.0,2.0,2.0,Departamento,Alquiler,Excelente,,Godoy Cruz,Mendoza,Calle Garcia Lorca,-32.944931385841315,-68.8511923541831,Garage,,,False,,60000.0,False,,sl inmobiliaria,Inmobiliaria,False,False,,"INMOBILIARIA SL ALQUILA DEPARTAMENTO EN GODOY CRUZ.

UBICADO SOBRE CALLE GARCIA LORCA, FRENTE A CICLOVÍA DE PANAMERICANA.

PRIMER PISO POR ESCALERA

-AMPLIO LIVING COMEDOR SEMI INTEGRADO A COCINA
-LAVADERO/DESPENSA INDEPENDIENTE
-DOS DORMITORIOS (PRINCIPAL EN SUITE)
-2 BAÑOS COMPLETOS
-COCHERA DESCUBIERTA DENTRO DEL COMPLEJO 
-PORTÓN AUTOMATIZADO DE INGRESO

NO SE ACEPTAN MASCOTAS 

EL DEPARTAMENTO CUENTA CON AIRE ACONDICIONADO FRÍO/CALOR EN TODOS SUS AMBIENTES. 

SE PAGAN $60.000 EN CONCEPTO DE EXPENSAS. LA MISMA INCLUYE AGUA E IMPUESTO MUNICIPAL DEL DEPARTAMENTO, LIMPIEZA DE ESPACIOS COMUNES, LUZ ESPACIOS COMUNES, .

MAT.1664",26912-99
inmoclick:270005-3,inmoclick,270005,3,https://inmoclick.com/270005-alejandra/inmuebles/3/ficha/duplex-en-alquiler-en-palero-48,2026-09-09,,700000.0,ARS,,,60.0,2.0,1.0,2.0,Duplex,Alquiler,Excelente,10.0,Capital,Mendoza,Palero 48,-32.90118267968231,-68.8531954426804,Garage/Cochera,2.0,,False,,126000.0,False,,alejandra,Dueno Directo,True,False,,"Lo Duplex muy lindo, recién pintado. Dos ambientes grandes, dos baños, cocina y patio.
El dpto. está en la 5ta sección, bien ubicado, en un primer piso por ascensor, da a la calle justo a la copa de los árboles, que pueden verse desde un super ventanal, muy luminoso, entra el sol de la mañana, y por la tarde la claridad entra por las ventanas de la cocina y el patio de servicio.
En Planta alta tiene una habitación , con placard y un baño completo. En planta baja esta la sala de estar y cocina más un Toilette.
Tiene estufa tiro balanceado y aire acondicionado.
Cochera techada fija asignada al departamento con portón automático.
La zona es residencial, tiene todo cerca supermercados, verdulerías, casa de pasta, restaurants, cafés.",270005-3
inmoclick:271474-1,inmoclick,271474,1,https://inmoclick.com/271474-victoria/inmuebles/1/ficha/departamento-en-alquiler-en-don-bosco-137,2026-09-09,,500000.0,ARS,6250.0,80.0,80.0,,2.0,8.0,Departamento,Alquiler,Excelente,,Capital,Mendoza,Don Bosco 137,-32.8944392,-68.8380753,Sin Cochera,,False,False,,62000.0,False,,victoria,Dueno Directo,True,False,,"- 🏢 Amplio departamento 
- ☀️ Iluminado 
- 🪟 Todos los ambientes con ventanas 
- 🛏️ 2 dormitorios 
- 🛁 1 baño 
- 🍳 Cocina 
- 🍽️ Comedor

Luminosidad y amplitud se combinan en este departamento pensado para vivir con comodidad. Cada ambiente cuenta con ventanas, lo que garantiza luz natural durante gran parte del día y una sensación de espacio y ventilación que mejora el bienestar diario. Los dos dormitorios reciben luz directa y pueden configurarse según tus necesidades: dormitorios tranquilos, vestidor, o una de las habitaciones transformada en oficina en casa.

La cocina funcional conecta con el comedor, ofreciendo un área social ideal para comidas diarias y reuniones íntimas. El baño, bien ubicado, cubre las necesidades del hogar sin complicaciones.

Este inmueble destaca por su distribución clara y aprovechable: ambientes amplios que facilitan la colocación de muebles y la libre circulación. Es una opción atractiva para parejas, familias pequeñas o quienes buscan un hogar con buena luz natural y ambientes versátiles que se adapten a distintos estilos de vida. Visítalo y percibe en persona la calidez del espacio y las posibilidades de personalización que ofrece.",271474-1
inmoclick:272201-68,inmoclick,272201,68,https://inmoclick.com/272201-abitare/inmuebles/68/ficha/departamento-en-alquiler-en-nautilus,2026-09-09,,920000.0,ARS,11500.0,80.0,120.0,,2.0,1.0,Departamento,Alquiler,Muy Bueno,5.0,Guaymallen,Mendoza,Nautilus,,,Garage Doble,2.0,,False,,30000.0,,,abitare,Inmobiliaria,False,False,,"Excelente dúplex que combina funcionalidad y confort en cada detalle. Pensado para quienes buscan calidad de vida, este inmueble ofrece ambientes bien definidos donde vivir y recibir se vuelven placenteros. La cocina-comedor invita a compartir momentos cotidianos y celebraciones, mientras que el living ofrece un espacio cálido para el descanso y la reunión con familia o amigos. El patio privado y la piscina crean un entorno ideal para disfrutar al aire libre, realizar actividades sociales y aprovechar el tiempo libre en casa. Además, la cochera doble aporta comodidad y seguridad para dos vehículos, facilitando la vida diaria.

Características principales:
- 🏠 Tipo: Dúplex 
- 🍽️ Cocina-comedor 
- 🛋️ Living 
- 🚗 Cochera doble 
- 🌿 Patio 
- 🏊 Piscina

Ventajas destacadas: distribución práctica que separa los ambientes de uso diario, opción de adaptar espacios según necesidades (esparcimiento, trabajo o juego), y áreas exteriores que multiplican las posibilidades de disfrute en cualquier estación. Una propuesta atractiva para quienes priorizan confort, privacidad y espacios exteriores propios sin renunciar a la comodidad de un hogar pensado para compartir. Ideal para familias o parejas que valoran el espacio y la tranquilidad.",272201-68
inmoclick:272355-134,inmoclick,272355,134,https://inmoclick.com/272355-broker-inmobiliario-tosi/inmuebles/134/ficha/departamento-en-alquiler-en-santa-fe-438,2026-09-09,,650000.0,ARS,8666.666666666666,75.0,87.0,6.0,2.0,2.0,Departamento,Alquiler,Excelente,10.0,Capital,Mendoza,Santa Fe 438,-32.8727829,-68.82866357116394,Garage/Cochera,2.0,False,False,,45000.0,,,broker inmobiliario tosi,Inmobiliaria,False,False,,"DEPARTAMENTO EN ALQUILER – CUARTA SECCIÓN | MENDOZA

VALOR $650.000 

INMOBILIARIA BROKER TOSI presenta una excelente oportunidad de alquiler en la Cuarta Sección de la Ciudad de Mendoza**, ubicado sobre calle Santa Fe, dentro de un complejo residencial tranquilo, seguro y de muy buen entorno.

La propiedad se encuentra en segundo piso por escalera y se destaca por sus ambientes amplios, cómodos y muy luminosos, ofreciendo una distribución práctica para disfrutar tanto de la vida cotidiana como del descanso.

Cuenta con:

* 2 habitaciones con placard
* Cocina separada
* Living comedor
* Antebaño
* Baño completo
* Terraza balcón
* Excelente ventilación e iluminación natural
* Cochera
* Expensas: $45.000

Su ubicación en la Cuarta Sección permite disfrutar de un entorno residencial y tranquilo, con fácil acceso al centro de la Ciudad de Mendoza, comercios, supermercados, espacios verdes, servicios y principales vías de circulación.

Una propiedad ideal para quienes buscan comodidad, amplitud, buena ubicación y seguridad, en una zona consolidada y con todo al alcance.

VALOR: $650.000

INMOBILIARIA BROKER TOSI
Matrícula 1846",272355-134
inmoclick:274904-767,inmoclick,274904,767,https://inmoclick.com/274904-remax-forever/inmuebles/767/ficha/departamento-en-alquiler-en-avenida-colon-700,2026-09-09,,700.0,USD,10.0,70.0,70.0,,2.0,2.0,Departamento,Alquiler,,,Capital,Mendoza,Avenida Colón 700,-32.893337,-68.8501754,,,,,,,,,remax forever,Inmobiliaria,False,False,,"Corredor Responsable IVAN LOPEZ CCPIM 973 - 
Contacto Paola Flamarique - MLS ID 421951009-34

El equipo de Remax ofrece en alquiler departamento en el centro de Mendoza con excelente ubicación .Esta propiedad ofrece un acceso inmejorable a los principales puntos de interés de la ciudad comercios restaurantes bancos y transporte publico. Ideal para quienes desean vivir en el corazón de la ciudad a una cuadra de la calle Arístides Villanueva a poca distancia del Parque General San Martin y atracciones culturales. El departamento cuenta con ambientes amplios luminosos de diseño moderno y funcional terminaciones de calidad.
Perfecto para disfrutar de la vida urbana con todas las comodidades a su alcance .
RAU S.R.L. no ejerce el corretaje inmobiliario. El presente sitio web es una plataforma en donde cada oficina inmobiliaria independiente que contrata los servicios RE/MAX puede publicar las propiedades a su cargo. Cada oficina es de propiedad y gestión independiente, por lo que RAU S.R.L. no interviene en los datos de la publicación, en la operación inmobiliaria, ni en la confección y/o firma del boleto de compraventa y/o escritura y/o contrato de alquiler. En cumplimiento de las leyes vigentes que regulan el corretaje inmobiliario, Ley Nacional 25.028, Ley 22.802 de Lealtad Comercial, Ley 24.240 de Defensa al Consumidor, las normas del Código Civil y Comercial de la Nación y Constitucionales, los agentes/gestores NO ejercen el corretaje inmobiliario. Todas las operaciones inmobiliarias son objeto de intermediación y conclusión por parte del corredor público inmobiliario colegiado a cargo de la publicación, cuyos datos se exhiben en la presente. La presente publicación describe las características esenciales del inmueble, debiéndose consultar al corredor público inmobiliario responsable de la operación por la eventual actualización de las medidas, descripciones arquitectónicas y funcionales, valores de expensas, servicios, impuestos, precios y demás información, cuyos valores son aproximados.",274904-767
inmoclick:274904-774,inmoclick,274904,774,https://inmoclick.com/274904-remax-forever/inmuebles/774/ficha/departamento-en-alquiler-en-salta-1500,2026-09-09,,700000.0,ARS,10000.0,70.0,73.0,,2.0,2.0,Departamento,Alquiler,,,Capital,Mendoza,Salta 1500,-32.884958649757,-68.833921384066,,,,,,,,,remax forever,Inmobiliaria,False,False,,"Corredor Responsable IVAN LOPEZ CCPIM 973 - 
Contacto Joaquin Lopez - MLS ID 421951058-34

EQUIPO REMAX OFRECE EN ALQUILER EN EL CENTRO DE MENDOZA CALLE SALTA DEPARTAMENTO DE 2 HABITACIONES CON PLACARD AMPLIO LIVING COMEDOR COCINA CON LAVADERO Y DESAYUNADOR 2 BAÑOS UNO EN SUITE TERRAZA.
AMBIENTES AMPLIOS MUY LUMINOSO.
COCHERA OPCIONAL
RAU S.R.L. no ejerce el corretaje inmobiliario. El presente sitio web es una plataforma en donde cada oficina inmobiliaria independiente que contrata los servicios RE/MAX puede publicar las propiedades a su cargo. Cada oficina es de propiedad y gestión independiente, por lo que RAU S.R.L. no interviene en los datos de la publicación, en la operación inmobiliaria, ni en la confección y/o firma del boleto de compraventa y/o escritura y/o contrato de alquiler. En cumplimiento de las leyes vigentes que regulan el corretaje inmobiliario, Ley Nacional 25.028, Ley 22.802 de Lealtad Comercial, Ley 24.240 de Defensa al Consumidor, las normas del Código Civil y Comercial de la Nación y Constitucionales, los agentes/gestores NO ejercen el corretaje inmobiliario. Todas las operaciones inmobiliarias son objeto de intermediación y conclusión por parte del corredor público inmobiliario colegiado a cargo de la publicación, cuyos datos se exhiben en la presente. La presente publicación describe las características esenciales del inmueble, debiéndose consultar al corredor público inmobiliario responsable de la operación por la eventual actualización de las medidas, descripciones arquitectónicas y funcionales, valores de expensas, servicios, impuestos, precios y demás información, cuyos valores son aproximados.",274904-774
inmoclick:274904-839,inmoclick,274904,839,https://inmoclick.com/274904-remax-forever/inmuebles/839/ficha/departamento-en-alquiler-en-el-parral-2300,2026-09-09,,700.0,USD,7.777777777777778,90.0,100.0,,2.0,1.0,Departamento,Alquiler,,,Capital,Mendoza,El Parral 2300,-32.8752324,-68.8433824,Garage/Cochera,,,,,,,,remax forever,Inmobiliaria,False,False,,"Corredor Responsable IVAN LOPEZ CCPIM 973 - 
Contacto Pablo Gutierrez - MLS ID 421951046-25

EQUIPO REMAX OFRECE EN ALQUILER Moderno Depto Frente al Parque Central - ¡Totalmente Equipado!
Disfrutá de la mejor ubicación de Mendoza en un departamento diseñado para tu confort. Ubicado justo frente al Parque Central este espacio combina la tranquilidad de las zonas verdes con la cercanía al centro de la ciudad.

 Características Principales
Ambientes Integrados y Modernos Living-comedor luminoso con una estética contemporánea pared de microcemento y detalles minimalistas.
Totalmente Equipado Listo para habitar. Incluye mesa de comedor para 6 personas sofá de 3 cuerpos TV smart y vajilla completa.
Climatización Total Cuenta con Aire Acondicionado fríocalor y estufa de tiro balanceado para asegurar el máximo confort en cualquier estación del año.
Balcón con Vista Salida directa al balcón que aporta una excelente entrada de luz natural y aire puro.
Seguridad y Entorno El complejo cuenta con cierre perimetral seguridad y un entorno parquizado impecable.

Ubicación Estratégica
Frente al Parque Central Ideal para hacer deporte caminar o disfrutar del aire libre.
A pocos minutos de la Nave Cultural y la zona gastronómica de la calle Juan B. Justo.
Excelente conectividad con transporte público y rápido acceso al microcentro mendocino.
Detalles Adicionales
Disponibilidad Inmediata.
Ideal para Profesionales parejas o estudiantes que busquen un lugar seguro moderno y funcional.
¿Querés conocer tu próximo hogar? Contactanos para coordinar una visita y descubrir por qué esta es la mejor zona para vivir en Mendoza.
RAU S.R.L. no ejerce el corretaje inmobiliario. El presente sitio web es una plataforma en donde cada oficina inmobiliaria independiente que contrata los servicios RE/MAX puede publicar las propiedades a su cargo. Cada oficina es de propiedad y gestión independiente, por lo que RAU S.R.L. no interviene en los datos de la publicación, en la operación inmobiliaria, ni en la confección y/o firma del boleto de compraventa y/o escritura y/o contrato de alquiler. En cumplimiento de las leyes vigentes que regulan el corretaje inmobiliario, Ley Nacional 25.028, Ley 22.802 de Lealtad Comercial, Ley 24.240 de Defensa al Consumidor, las normas del Código Civil y Comercial de la Nación y Constitucionales, los agentes/gestores NO ejercen el corretaje inmobiliario. Todas las operaciones inmobiliarias son objeto de intermediación y conclusión por parte del corredor público inmobiliario colegiado a cargo de la publicación, cuyos datos se exhiben en la presente. La presente publicación describe las características esenciales del inmueble, debiéndose consultar al corredor público inmobiliario responsable de la operación por la eventual actualización de las medidas, descripciones arquitectónicas y funcionales, valores de expensas, servicios, impuestos, precios y demás información, cuyos valores son aproximados.",274904-839
inmoclick:274904-872,inmoclick,274904,872,https://inmoclick.com/274904-remax-forever/inmuebles/872/ficha/departamento-en-alquiler-en-curuzu-cuatia-2100,2026-09-09,,750000.0,ARS,10000.0,75.0,188.0,,2.0,1.0,Departamento,Alquiler,,,Godoy Cruz,Mendoza,Curuzú Cuatiá 2100,-32.94688145392,-68.871515393257,Garage/Cochera,,,,,,,,remax forever,Inmobiliaria,False,False,,"Corredor Responsable IVAN LOPEZ CCPIM 973 - 
Contacto Noelia Flores - MLS ID 421951049-27

El equipo de remax ofrece Departamento independiente con pileta en alquiler

Ingreso totalmente separado por portón lateral brindando privacidad y comodidad. La propiedad se encuentra en muy buen estado general y se entrega amoblada con equipamiento casi nuevo.

Excelente ubicación en Godoy Cruz Curuzú Cuatiá 2153

Ubicado en una zona residencial tranquila y de muy buen acceso con cercanía a líneas de colectivos comercios supermercados escuelas espacios verdes y rápidas conexiones hacia los principales puntos de Godoy Cruz y Ciudad de Mendoza. Ideal para quienes buscan comodidad movilidad y un entorno agradable para vivir.

Cuenta con
 Ambientes cómodos luminosos y ventilados.
 Cocinacomedor integrada con cochera para un vehículo.
 2 Dormitorios con excelente espacio de guardado.
 Sector de lavandería y churrasquera con parrilla completa y fregadero.
 Amoblamiento incluye electrodomésticos en excelente estado heladera tv cocina microondas lavarropas termotanque bomba y equipo de pileta calefactor y ropero mesa y 4 sillas. incluye menaje cubertería vajilla batería de cocina. 2 camas una de 2 plazas y una de 1 plaza.
 Patio interno con leonera puertas con rejas.
 Servicios pago compartidos. 50. 
 Pileta sin protección perimetral 160m de profundidad incluye bomba filtro.

NO se aceptan mascotas.

Ideal para persona sola parejas o familia tipo. 4 personas. No apto para familia numerosa. 

Una opción práctica cálida y lista para habitar.
RAU S.R.L. no ejerce el corretaje inmobiliario. El presente sitio web es una plataforma en donde cada oficina inmobiliaria independiente que contrata los servicios RE/MAX puede publicar las propiedades a su cargo. Cada oficina es de propiedad y gestión independiente, por lo que RAU S.R.L. no interviene en los datos de la publicación, en la operación inmobiliaria, ni en la confección y/o firma del boleto de compraventa y/o escritura y/o contrato de alquiler. En cumplimiento de las leyes vigentes que regulan el corretaje inmobiliario, Ley Nacional 25.028, Ley 22.802 de Lealtad Comercial, Ley 24.240 de Defensa al Consumidor, las normas del Código Civil y Comercial de la Nación y Constitucionales, los agentes/gestores NO ejercen el corretaje inmobiliario. Todas las operaciones inmobiliarias son objeto de intermediación y conclusión por parte del corredor público inmobiliario colegiado a cargo de la publicación, cuyos datos se exhiben en la presente. La presente publicación describe las características esenciales del inmueble, debiéndose consultar al corredor público inmobiliario responsable de la operación por la eventual actualización de las medidas, descripciones arquitectónicas y funcionales, valores de expensas, servicios, impuestos, precios y demás información, cuyos valores son aproximados.",274904-872
inmoclick:274904-889,inmoclick,274904,889,https://inmoclick.com/274904-remax-forever/inmuebles/889/ficha/departamento-en-alquiler-en-avenida-espana-700,2026-09-09,,550000.0,ARS,12222.222222222224,45.0,45.0,,1.0,1.0,Departamento,Alquiler,,,Capital,Mendoza,Avenida España 700,-32.892712823772,-68.842820115387,,,,,,,,,remax forever,Inmobiliaria,False,False,,"Corredor Responsable IVAN LOPEZ CCPIM 973 - 
Contacto Joaquin Lopez - MLS ID 421951058-35

REMAX OFRECE EN ALQUILER DEPARTAMENTO 1 HABITACION SOBRE AVENIDA ESPAÑA FRENTE A LA PLAZA.
APTO. PARA PROFECIONALES.

Departamento de 45 m ubicado sobre Avenida España en zona céntrica de Mendoza ideal para profesionales buscan una propiedad funcional y moderna. Emplazado en el tercer piso de un edificio Emperador construido en el año 2000 ofrece una distribución inteligente que maximiza cada espacio disponible.

La unidad presenta un estado general excelente con una distribución que integra dormitorio living cocina y baño en un diseño eficiente. Cuenta con características destacadas como placard desayunador y acceso a parrilla elementos que añaden valor y comodidad al inmueble.

El edificio dispone de seguridad ascensor cisterna aire acondicionado y calefacción. Servicios completos de electricidad agua gas internet desage cloacal y televisión satelital garantizan una conectividad y confort total.

Su ubicación cercanias estratégicas y condiciones lo pocisionan muy bien en el mercado.
RAU S.R.L. no ejerce el corretaje inmobiliario. El presente sitio web es una plataforma en donde cada oficina inmobiliaria independiente que contrata los servicios RE/MAX puede publicar las propiedades a su cargo. Cada oficina es de propiedad y gestión independiente, por lo que RAU S.R.L. no interviene en los datos de la publicación, en la operación inmobiliaria, ni en la confección y/o firma del boleto de compraventa y/o escritura y/o contrato de alquiler. En cumplimiento de las leyes vigentes que regulan el corretaje inmobiliario, Ley Nacional 25.028, Ley 22.802 de Lealtad Comercial, Ley 24.240 de Defensa al Consumidor, las normas del Código Civil y Comercial de la Nación y Constitucionales, los agentes/gestores NO ejercen el corretaje inmobiliario. Todas las operaciones inmobiliarias son objeto de intermediación y conclusión por parte del corredor público inmobiliario colegiado a cargo de la publicación, cuyos datos se exhiben en la presente. La presente publicación describe las características esenciales del inmueble, debiéndose consultar al corredor público inmobiliario responsable de la operación por la eventual actualización de las medidas, descripciones arquitectónicas y funcionales, valores de expensas, servicios, impuestos, precios y demás información, cuyos valores son aproximados.",274904-889
inmoclick:274904-920,inmoclick,274904,920,https://inmoclick.com/274904-remax-forever/inmuebles/920/ficha/departamento-en-alquiler-en-pueyrredon-800,2026-09-09,,850000.0,ARS,11486.486486486489,74.0,74.0,,2.0,1.0,Departamento,Alquiler,,,Capital,Mendoza,Pueyrredón 800,-32.8991584,-68.8627458,Garage/Cochera,,,,,,,,remax forever,Inmobiliaria,False,False,,"Corredor Responsable IVAN LOPEZ CCPIM 973 - 
Contacto Evangelina Scilipoti - MLS ID 421951059-3

Equipo Remax ofrece DUPLEX EN ALQUILER ubicado en calle Pueyrredón a pocos metros del Parque Gral. San Martín. Este duplex de 4 ambientes con cochera propia ofrece comodidad funcionalidad y una excelente ubicación.

La propiedad se distribuye en dos plantas
Planta baja
-Estar comedor integrado con la cocina
-Toilette
-Cochera propia

Planta alta
Dos dormitorios luminosos ambos con balcón
Baño principal completo

Detalles adicionales
Se aceptan mascotas pequeñas
Expensas aproximadas 25.000
Valor del alquiler 850.000 mensuales

Requisitos
Inquilino y garantes con propiedad o recibo de sueldo que triplique el canon mensual.

Una opción ideal para quienes buscan un hogar funcional y bien ubicado con cercanía a espacios verdes comercios y servicios.
RAU S.R.L. no ejerce el corretaje inmobiliario. El presente sitio web es una plataforma en donde cada oficina inmobiliaria independiente que contrata los servicios RE/MAX puede publicar las propiedades a su cargo. Cada oficina es de propiedad y gestión independiente, por lo que RAU S.R.L. no interviene en los datos de la publicación, en la operación inmobiliaria, ni en la confección y/o firma del boleto de compraventa y/o escritura y/o contrato de alquiler. En cumplimiento de las leyes vigentes que regulan el corretaje inmobiliario, Ley Nacional 25.028, Ley 22.802 de Lealtad Comercial, Ley 24.240 de Defensa al Consumidor, las normas del Código Civil y Comercial de la Nación y Constitucionales, los agentes/gestores NO ejercen el corretaje inmobiliario. Todas las operaciones inmobiliarias son objeto de intermediación y conclusión por parte del corredor público inmobiliario colegiado a cargo de la publicación, cuyos datos se exhiben en la presente. La presente publicación describe las características esenciales del inmueble, debiéndose consultar al corredor público inmobiliario responsable de la operación por la eventual actualización de las medidas, descripciones arquitectónicas y funcionales, valores de expensas, servicios, impuestos, precios y demás información, cuyos valores son aproximados.",274904-920
inmoclick:274904-926,inmoclick,274904,926,https://inmoclick.com/274904-remax-forever/inmuebles/926/ficha/departamento-en-alquiler-en-san-martin-sur-0,2026-09-09,,750000.0,ARS,6944.444444444444,108.0,108.0,,3.0,2.0,Departamento,Alquiler,,,Godoy Cruz,Mendoza,San Martin  Sur 0,-32.923474089573,-68.848142623901,,,,,,,,,remax forever,Inmobiliaria,False,False,,"Corredor Responsable IVAN LOPEZ CCPIM 973 - 
Contacto Adrian Nievas - MLS ID 421951013-124

Equipo de REMAX ofrece en alquiler

Hermoso departamento y muy luminoso en Godoy Cruz. El mismos se encuentra ubicado en un complejo cerrado a dos cuadras de la Plaza Departamental ubicado en una zona privilegiada sobre calle San Martin Sur.

Departamento en 1 piso por escalera con las siguientes características

-Amplio y luminosa living comedor
-Cocina con amoblamientos alacena y bajo mesada
-3 habitaciones con placard
-Amplio baño completo 
-Lavanderia independiente 
-Posee Termotanque estufa a gas y cocina 

Para mayor información no dudes en consultar y coordinamos visita!!
RAU S.R.L. no ejerce el corretaje inmobiliario. El presente sitio web es una plataforma en donde cada oficina inmobiliaria independiente que contrata los servicios RE/MAX puede publicar las propiedades a su cargo. Cada oficina es de propiedad y gestión independiente, por lo que RAU S.R.L. no interviene en los datos de la publicación, en la operación inmobiliaria, ni en la confección y/o firma del boleto de compraventa y/o escritura y/o contrato de alquiler. En cumplimiento de las leyes vigentes que regulan el corretaje inmobiliario, Ley Nacional 25.028, Ley 22.802 de Lealtad Comercial, Ley 24.240 de Defensa al Consumidor, las normas del Código Civil y Comercial de la Nación y Constitucionales, los agentes/gestores NO ejercen el corretaje inmobiliario. Todas las operaciones inmobiliarias son objeto de intermediación y conclusión por parte del corredor público inmobiliario colegiado a cargo de la publicación, cuyos datos se exhiben en la presente. La presente publicación describe las características esenciales del inmueble, debiéndose consultar al corredor público inmobiliario responsable de la operación por la eventual actualización de las medidas, descripciones arquitectónicas y funcionales, valores de expensas, servicios, impuestos, precios y demás información, cuyos valores son aproximados.",274904-926
inmoclick:274909-1270,inmoclick,274909,1270,https://inmoclick.com/274909-remax-follow/inmuebles/1270/ficha/departamento-en-alquiler-en-ramirez-2600,2026-09-09,,700000.0,ARS,7368.421052631579,95.0,133.0,,3.0,2.0,Departamento,Alquiler,,,Capital,Mendoza,Ramírez 2600,-32.8727223,-68.8235624,,,,,,,,,remax follow,Inmobiliaria,False,False,,"Corredor Responsable Gustavo Leandro Silva CCPIM 1947 - 
Contacto María Eugenia Segura - MLS ID 422031073-15

Departamento de 3 Dormitorios con Terraza Cuarta Sección

Ubicado en el corazón de la Cuarta Sección este departamento en primer piso combina perfectamente la comodidad de espacios generosos con una ubicación estratégica inigualable.

Seguridad y Tranquilidad Ubicado sobre un local comercial de repuestos la propiedad se beneficia de un entorno monitoreado con cámaras de seguridad las 24 hs brindándote una paz mental difícil de encontrar.

Conectividad Total Salida inmediata a los principales accesos de la Ciudad. Ideal para quienes buscan agilidad en sus traslados diarios sin perder la esencia de barrio.

Espacios para Disfrutar Cuenta con un living-comedor de grandes dimensiones bañado de luz natural ideal para reuniones familiares o momentos de relax.

Terraza El gran atractivo de la propiedad es su amplia terraza frontal. Con vistas despejadas a la calle es el sector perfecto para disfrutar del aire libre y el sol de Mendoza.

Distribución y Comodidades
3 Habitaciones amplias con excelente ventilación.
2 Baños funcionales.
Cocina independiente con sector de lavadero y lugar de tendido propio.
Ubicación Primer Piso acceso por escalera.

No se aceptan mascotas.

¡Contactanos hoy mismo para coordinar una visita y conocer tu futuro hogar!
RAU S.R.L. no ejerce el corretaje inmobiliario. El presente sitio web es una plataforma en donde cada oficina inmobiliaria independiente que contrata los servicios RE/MAX puede publicar las propiedades a su cargo. Cada oficina es de propiedad y gestión independiente, por lo que RAU S.R.L. no interviene en los datos de la publicación, en la operación inmobiliaria, ni en la confección y/o firma del boleto de compraventa y/o escritura y/o contrato de alquiler. En cumplimiento de las leyes vigentes que regulan el corretaje inmobiliario, Ley Nacional 25.028, Ley 22.802 de Lealtad Comercial, Ley 24.240 de Defensa al Consumidor, las normas del Código Civil y Comercial de la Nación y Constitucionales, los agentes/gestores NO ejercen el corretaje inmobiliario. Todas las operaciones inmobiliarias son objeto de intermediación y conclusión por parte del corredor público inmobiliario colegiado a cargo de la publicación, cuyos datos se exhiben en la presente. La presente publicación describe las características esenciales del inmueble, debiéndose consultar al corredor público inmobiliario responsable de la operación por la eventual actualización de las medidas, descripciones arquitectónicas y funcionales, valores de expensas, servicios, impuestos, precios y demás información, cuyos valores son aproximados.",274909-1270
inmoclick:274909-1315,inmoclick,274909,1315,https://inmoclick.com/274909-remax-follow/inmuebles/1315/ficha/departamento-en-alquiler-en-avenida-san-martin-1600,2026-09-09,,1100.0,USD,4.97737556561086,221.0,227.0,,5.0,3.0,Departamento,Alquiler,,,Godoy Cruz,Mendoza,Avenida San Martín 1600,-32.9078379,-68.8436917,,,,,,,,,remax follow,Inmobiliaria,False,False,,"Corredor Responsable Gustavo Leandro Silva CCPIM 1947 - 
Contacto Agustín Silva - MLS ID 422031005-69

Espacio Multifuncional en Godoy Cruz Ideal Arquitectura Abogacía o Consultorios

Ubicada sobre calle San Martín al 1600 en Godoy Cruz una de las zonas con mayor circulación y conectividad del Gran Mendoza esta propiedad se presenta como una excelente oportunidad para el desarrollo de actividades profesionales.
Por su distribución y características es ideal para
 .-Estudio de arquitectura
.- Bufete de abogados
.- Consultorios profesionales Oficinas administrativas o comerciales
 Espacios de coworking
La propiedad forma parte de un edificio de unidades independientes lo que permite una organización funcional adaptable a distintos usos.
.- Ubicación estratégica con alto flujo vehicular y peatonal
.- Fácil acceso desde Ciudad de Mendoza y principales arterias
.- Entorno consolidado con servicios transporte y actividad comercial
.- Posibilidad de adaptación según la actividad profesional
Una opción ideal para quienes buscan instalar su actividad en un punto visible accesible y con proyección.

No dudes en comunicarte para mayor información o visita.
RAU S.R.L. no ejerce el corretaje inmobiliario. El presente sitio web es una plataforma en donde cada oficina inmobiliaria independiente que contrata los servicios RE/MAX puede publicar las propiedades a su cargo. Cada oficina es de propiedad y gestión independiente, por lo que RAU S.R.L. no interviene en los datos de la publicación, en la operación inmobiliaria, ni en la confección y/o firma del boleto de compraventa y/o escritura y/o contrato de alquiler. En cumplimiento de las leyes vigentes que regulan el corretaje inmobiliario, Ley Nacional 25.028, Ley 22.802 de Lealtad Comercial, Ley 24.240 de Defensa al Consumidor, las normas del Código Civil y Comercial de la Nación y Constitucionales, los agentes/gestores NO ejercen el corretaje inmobiliario. Todas las operaciones inmobiliarias son objeto de intermediación y conclusión por parte del corredor público inmobiliario colegiado a cargo de la publicación, cuyos datos se exhiben en la presente. La presente publicación describe las características esenciales del inmueble, debiéndose consultar al corredor público inmobiliario responsable de la operación por la eventual actualización de las medidas, descripciones arquitectónicas y funcionales, valores de expensas, servicios, impuestos, precios y demás información, cuyos valores son aproximados.",274909-1315
inmoclick:274909-1381,inmoclick,274909,1381,https://inmoclick.com/274909-remax-follow/inmuebles/1381/ficha/departamento-en-alquiler-en-calle-25-de-mayo-s-n-torre-a2-0,2026-09-09,,900000.0,ARS,10000.0,90.0,90.0,,4.0,2.0,Departamento,Alquiler,,,Guaymallen,Mendoza,Calle 25 de Mayo S/n Torre A2 0,-32.903512546852,-68.800493794062,,,,,,,,,remax follow,Inmobiliaria,False,False,,"Corredor Responsable Gustavo Leandro Silva CCPIM 1947 - 
Contacto Carolina Sotelo - MLS ID 422031082-2

Hermoso departamento totalmente reciclado en Torres de Unimev!
Pensado para quienes buscan comodidad funcionalidad y una excelente calidad de vida. 
Ubicación privilegiada frente al Mendoza Plaza Shopping con una vista bellísima al Parque del Acceso Este lugar ideal para recreación familiar deporte y paseo de mascotas en una de las zonas más buscadas por su acceso a comercios y transporte.

Cuenta con ambientes luminosos distribución práctica y detalles que lo hacen cálido y acogedor. COMPLETAMENTE RENOVADO PISOS DE PORCELANATO CAÑERIAS DE GAS AGUA Y LUZ NUEVAS AMOBLAMIENTOS DE COCINA Y BAÑOS TODO NUEVO.
 
Dispone de
- 4 dormitorios 3 dormitorios con placares de piso a techo. 
- 2 baños completos
- Cocina con lavadero integrado
- Amplio living comedor para disfrutar 

 Como beneficio adicional se aceptan mascotas de raza pequeña.

No dejes pasar esta oportunidad y consúltanos para más información o coordinar una visita.

RAU S.R.L. no ejerce el corretaje inmobiliario. El presente sitio web es una plataforma en donde cada oficina inmobiliaria independiente que contrata los servicios RE/MAX puede publicar las propiedades a su cargo. Cada oficina es de propiedad y gestión independiente, por lo que RAU S.R.L. no interviene en los datos de la publicación, en la operación inmobiliaria, ni en la confección y/o firma del boleto de compraventa y/o escritura y/o contrato de alquiler. En cumplimiento de las leyes vigentes que regulan el corretaje inmobiliario, Ley Nacional 25.028, Ley 22.802 de Lealtad Comercial, Ley 24.240 de Defensa al Consumidor, las normas del Código Civil y Comercial de la Nación y Constitucionales, los agentes/gestores NO ejercen el corretaje inmobiliario. Todas las operaciones inmobiliarias son objeto de intermediación y conclusión por parte del corredor público inmobiliario colegiado a cargo de la publicación, cuyos datos se exhiben en la presente. La presente publicación describe las características esenciales del inmueble, debiéndose consultar al corredor público inmobiliario responsable de la operación por la eventual actualización de las medidas, descripciones arquitectónicas y funcionales, valores de expensas, servicios, impuestos, precios y demás información, cuyos valores son aproximados.",274909-1381
inmoclick:274909-1452,inmoclick,274909,1452,https://inmoclick.com/274909-remax-follow/inmuebles/1452/ficha/departamento-en-alquiler-en-santa-maria-de-oro-800,2026-09-09,,580000.0,ARS,11600.0,50.0,50.0,,1.0,1.0,Departamento,Alquiler,,,Lujan de Cuyo,Mendoza,Santa María de Oro 800,-33.0337813,-68.8763454,,,,,,,,,remax follow,Inmobiliaria,False,False,,"Corredor Responsable Gustavo Leandro Silva CCPIM 1947 - 
Contacto Gustavo Tedesco - MLS ID 422031046-10

DEPARTAMENTO LOFT 3 AMBIENTES ALQUILER SANTA MARÍA DE ORO LUJAN DE CUYO MENDOZA

Moderno departamento loft ubicado en zona estratégica de Lujan de Cuyo con diseño contemporáneo y distribución funcional. Desarrollado en 50 m totalmente optimizados este inmueble ofrece una propuesta integral para quienes valoran espacios eficientes y de calidad.

Construido en 2018 el departamento presenta un estado general excelente con terminaciones que combinan practicidad y estética moderna. La distribución incluye dormitorio principal baño completo cocina integrada al livingcomedor lavadero y balcón permitiendo un aprovechamiento integral del espacio.

La ubicación sobre Santa María de Oro representa una ventaja significativa con acceso inmediato a servicios urbanos y conectividad. El edificio de un piso garantiza tranquilidad y privacidad al residente.

Características destacadas diseño loft luminosidad natural distribución inteligente excelente estado de conservación. Ideal para profesionales parejas que buscan una propiedad funcional en una zona de desarrollo inmobiliario constante.

Consulte condiciones de alquiler y disponibilidad inmediata.
RAU S.R.L. no ejerce el corretaje inmobiliario. El presente sitio web es una plataforma en donde cada oficina inmobiliaria independiente que contrata los servicios RE/MAX puede publicar las propiedades a su cargo. Cada oficina es de propiedad y gestión independiente, por lo que RAU S.R.L. no interviene en los datos de la publicación, en la operación inmobiliaria, ni en la confección y/o firma del boleto de compraventa y/o escritura y/o contrato de alquiler. En cumplimiento de las leyes vigentes que regulan el corretaje inmobiliario, Ley Nacional 25.028, Ley 22.802 de Lealtad Comercial, Ley 24.240 de Defensa al Consumidor, las normas del Código Civil y Comercial de la Nación y Constitucionales, los agentes/gestores NO ejercen el corretaje inmobiliario. Todas las operaciones inmobiliarias son objeto de intermediación y conclusión por parte del corredor público inmobiliario colegiado a cargo de la publicación, cuyos datos se exhiben en la presente. La presente publicación describe las características esenciales del inmueble, debiéndose consultar al corredor público inmobiliario responsable de la operación por la eventual actualización de las medidas, descripciones arquitectónicas y funcionales, valores de expensas, servicios, impuestos, precios y demás información, cuyos valores son aproximados.",274909-1452
inmoclick:274909-1576,inmoclick,274909,1576,https://inmoclick.com/274909-remax-follow/inmuebles/1576/ficha/departamento-en-alquiler-en-san-martin-400,2026-09-09,,300000.0,ARS,15000.0,20.0,40.0,,,1.0,Departamento,Alquiler,,,Tunuyan,Mendoza,San Martín 400,-33.586523829087,-69.015598297119,Garage/Cochera,,,,,,,,remax follow,Inmobiliaria,False,False,,"Corredor Responsable Gustavo Leandro Silva CCPIM 1947 - 
Contacto Luis Fernandez - MLS ID 422031057-31

DEPARTAMENTO EN ALQUILER EN EL CENTRO DE TUNUYAN - MENDOZA

Departamento ubicado estratégicamente en pleno centro de Tunuyán Mendoza sobre calle San Martín. La propiedad representa una excelente opción para estudiantes o parejas que valoran la ubicación y funcionalidad.

La ubicación constituye su principal atractivo con rápido acceso a comercios instituciones educativas y entidades públicas. Su emplazamiento permite una conexión inmediata con las principales arterias de la ciudad facilitando la movilidad urbana.

El departamento incluye cochera un valor agregado importante para residentes que requieren estacionamiento seguro. Su diseño compacto lo convierte en una alternativa ideal para una persona sola o matrimonio que busque practicidad y centralidad.

Para coordinar una visita y conocer en detalle las características de esta propiedad contacte con nuestros asesores inmobiliarios.
RAU S.R.L. no ejerce el corretaje inmobiliario. El presente sitio web es una plataforma en donde cada oficina inmobiliaria independiente que contrata los servicios RE/MAX puede publicar las propiedades a su cargo. Cada oficina es de propiedad y gestión independiente, por lo que RAU S.R.L. no interviene en los datos de la publicación, en la operación inmobiliaria, ni en la confección y/o firma del boleto de compraventa y/o escritura y/o contrato de alquiler. En cumplimiento de las leyes vigentes que regulan el corretaje inmobiliario, Ley Nacional 25.028, Ley 22.802 de Lealtad Comercial, Ley 24.240 de Defensa al Consumidor, las normas del Código Civil y Comercial de la Nación y Constitucionales, los agentes/gestores NO ejercen el corretaje inmobiliario. Todas las operaciones inmobiliarias son objeto de intermediación y conclusión por parte del corredor público inmobiliario colegiado a cargo de la publicación, cuyos datos se exhiben en la presente. La presente publicación describe las características esenciales del inmueble, debiéndose consultar al corredor público inmobiliario responsable de la operación por la eventual actualización de las medidas, descripciones arquitectónicas y funcionales, valores de expensas, servicios, impuestos, precios y demás información, cuyos valores son aproximados.",274909-1576
inmoclick:274909-1605,inmoclick,274909,1605,https://inmoclick.com/274909-remax-follow/inmuebles/1605/ficha/departamento-en-alquiler-en-nobel-3500,2026-09-09,,750000.0,ARS,12500.0,60.0,60.0,,2.0,1.0,Departamento,Alquiler,,,Guaymallen,Mendoza,Nobel 3500,-32.9065974,-68.7997584,,,,,,,,,remax follow,Inmobiliaria,False,False,,"Corredor Responsable Gustavo Leandro Silva CCPIM 1947 - 
Contacto Claudia Dominguez - MLS ID 422031050-4

DEPARTAMENTO 2 AMBIENTES EN ALQUILER - BARRIO UNIMEV - VILLA NUEVA - GUAYMALLEN

Departamento funcional de 60 m ubicado estratégicamente en el Barrio Unimev de Villa Nueva Guaymallen. Emplazado sobre calle Nobel este inmueble ofrece una distribución moderna y eficiente ideal para familias parejas y profesionales que valoran la comodidad y conectividad.

Construido en 2015 el departamento se encuentra en muy buen estado general y presenta una distribución optimizada de 4 ambientes. Cuenta con 2 dormitorios amplios living integrado con cocinacomedor baño completo terraza y lavadero. Entre sus características destacan placards y amoblamiento completo.

La propiedad dispone de excelentes condiciones de iluminación y ventilación natural. Equipado con aire acondicionado garantiza confort en todas las estaciones. Sus servicios incluyen conexiones de electricidad gas y desage cloacal.

Ubicación privilegiada a media cuadra de transporte público con acceso inmediato a escuelas farmacias comercios restaurantes bancos y supermercados. Conexión rápida con principales arterias de la Ciudad de Mendoza.

Características principales
- Superficie 60 m 
- Ambientes 2 dormitorios
- Servicios Electricidad gas desage
- Amenities Aire acondicionado terraza
- Estado Muy bueno
- Año de construcción 2015

Nota Sin cochera incluida.
RAU S.R.L. no ejerce el corretaje inmobiliario. El presente sitio web es una plataforma en donde cada oficina inmobiliaria independiente que contrata los servicios RE/MAX puede publicar las propiedades a su cargo. Cada oficina es de propiedad y gestión independiente, por lo que RAU S.R.L. no interviene en los datos de la publicación, en la operación inmobiliaria, ni en la confección y/o firma del boleto de compraventa y/o escritura y/o contrato de alquiler. En cumplimiento de las leyes vigentes que regulan el corretaje inmobiliario, Ley Nacional 25.028, Ley 22.802 de Lealtad Comercial, Ley 24.240 de Defensa al Consumidor, las normas del Código Civil y Comercial de la Nación y Constitucionales, los agentes/gestores NO ejercen el corretaje inmobiliario. Todas las operaciones inmobiliarias son objeto de intermediación y conclusión por parte del corredor público inmobiliario colegiado a cargo de la publicación, cuyos datos se exhiben en la presente. La presente publicación describe las características esenciales del inmueble, debiéndose consultar al corredor público inmobiliario responsable de la operación por la eventual actualización de las medidas, descripciones arquitectónicas y funcionales, valores de expensas, servicios, impuestos, precios y demás información, cuyos valores son aproximados.",274909-1605
inmoclick:274909-1608,inmoclick,274909,1608,https://inmoclick.com/274909-remax-follow/inmuebles/1608/ficha/departamento-en-alquiler-en-estrada-300,2026-09-09,,500000.0,ARS,8333.333333333334,60.0,66.0,,2.0,1.0,Departamento,Alquiler,,,Las Heras,Mendoza,Estrada 300,-32.863682709053,-68.817318677902,Garage/Cochera,,,,,,,,remax follow,Inmobiliaria,False,False,,"Corredor Responsable Gustavo Leandro Silva CCPIM 1947 - 
Contacto Jorge Mansilla - MLS ID 422031047-44

REMAX FOLLOW OFRECE EN ALQUILER.

DEPARTAMENTO EXELENTE UBICACION CONSTA DE 2 DORMITORIOS COCINA LIVING COMEDOR BALCON. UBICADO EN EL PRIMER PISO DE COMPLEJO ALTO PORTAL LAS HERAS TORRE B. CON COCHERA ABIERTA TECHADA CON PORTON AUTOMATICO DE INGRESO APORTANDO SEGURIDAD AL COMPLEJO CERRADO 
ACEPTAN MASCOTAS CON LIMITACIONES.

Alquiler de impecable departamento en complejo cerrado ideal para quienes buscan seguridad comodidad y excelente ubicación.

 Ubicación Complejo Alto Portal Las Heras Torre B 1 Piso.
Cochera Unidad techada con ingreso por portón automático.

Características principales
2 Dormitorios luminosos. con placares 
1 Baño
Cocina sectorizada y funcional.
Living-comedor amplio con gran entrada de luz natural.
Balcón propio.
Rejas de seguridad en todas las aberturas.
Puntos destacados
Complejo cerrado muy seguro y bien mantenido.
Entorno tranquilo con espacios verdes.
Se aceptan mascotas consultar limitaciones.
Ubicación estratégica con rápidos accesos.

¡Excelente estado general listo para habitar!

¿Querés conocerlo? Contáctanos por privado para coordinar una visita o recibir más información.
RAU S.R.L. no ejerce el corretaje inmobiliario. El presente sitio web es una plataforma en donde cada oficina inmobiliaria independiente que contrata los servicios RE/MAX puede publicar las propiedades a su cargo. Cada oficina es de propiedad y gestión independiente, por lo que RAU S.R.L. no interviene en los datos de la publicación, en la operación inmobiliaria, ni en la confección y/o firma del boleto de compraventa y/o escritura y/o contrato de alquiler. En cumplimiento de las leyes vigentes que regulan el corretaje inmobiliario, Ley Nacional 25.028, Ley 22.802 de Lealtad Comercial, Ley 24.240 de Defensa al Consumidor, las normas del Código Civil y Comercial de la Nación y Constitucionales, los agentes/gestores NO ejercen el corretaje inmobiliario. Todas las operaciones inmobiliarias son objeto de intermediación y conclusión por parte del corredor público inmobiliario colegiado a cargo de la publicación, cuyos datos se exhiben en la presente. La presente publicación describe las características esenciales del inmueble, debiéndose consultar al corredor público inmobiliario responsable de la operación por la eventual actualización de las medidas, descripciones arquitectónicas y funcionales, valores de expensas, servicios, impuestos, precios y demás información, cuyos valores son aproximados.",274909-1608
inmoclick:274909-1694,inmoclick,274909,1694,https://inmoclick.com/274909-remax-follow/inmuebles/1694/ficha/departamento-en-alquiler-en-avenida-espana-1200,2026-09-09,,1200000.0,ARS,13953.488372093025,86.0,117.0,,3.0,2.0,Departamento,Alquiler,,,Capital,Mendoza,Avenida España 1200,-32.8889151,-68.8415239,,,,,,,,,remax follow,Inmobiliaria,False,False,,"Corredor Responsable Gustavo Leandro Silva CCPIM 1947 - 
Contacto Elena Soledad Di Pasquale - MLS ID 422031014-45

REMAX FOLLOW ofrece en alquiler departamento de tres dormitorios con balcón totalmente reciclado ubicado en pleno centro de Mendoza.

Este amplio departamento 86 m2 propios- 117 m2 totales se encuentra en 3 piso al cual se puede acceder por ascensor o escalera.

CARACTERISTICAS PRINCIPALES

-Living comedor amplio.
- Cocina independiente.
- 3 dormitorios amplios y luminosos.
- 2 baños.
-Balcón frontal.
- Pisos de parquet.
- Servicio de portería.
- Terraza de uso común con churrasquera.
-Excelente y moderna distribución.

Su ubicación privilegiada permite acceso inmediato a comercios bancos colegiostransporte publico y todos los servicios del microcentro.

Consúltanos para conocer los requisitos y coordinar una visita.

RAU S.R.L. no ejerce el corretaje inmobiliario. El presente sitio web es una plataforma en donde cada oficina inmobiliaria independiente que contrata los servicios RE/MAX puede publicar las propiedades a su cargo. Cada oficina es de propiedad y gestión independiente, por lo que RAU S.R.L. no interviene en los datos de la publicación, en la operación inmobiliaria, ni en la confección y/o firma del boleto de compraventa y/o escritura y/o contrato de alquiler. En cumplimiento de las leyes vigentes que regulan el corretaje inmobiliario, Ley Nacional 25.028, Ley 22.802 de Lealtad Comercial, Ley 24.240 de Defensa al Consumidor, las normas del Código Civil y Comercial de la Nación y Constitucionales, los agentes/gestores NO ejercen el corretaje inmobiliario. Todas las operaciones inmobiliarias son objeto de intermediación y conclusión por parte del corredor público inmobiliario colegiado a cargo de la publicación, cuyos datos se exhiben en la presente. La presente publicación describe las características esenciales del inmueble, debiéndose consultar al corredor público inmobiliario responsable de la operación por la eventual actualización de las medidas, descripciones arquitectónicas y funcionales, valores de expensas, servicios, impuestos, precios y demás información, cuyos valores son aproximados.",274909-1694
inmoclick:274909-1730,inmoclick,274909,1730,https://inmoclick.com/274909-remax-follow/inmuebles/1730/ficha/departamento-en-alquiler-en-brandsen-1900,2026-09-09,,650000.0,ARS,10833.333333333334,60.0,60.0,,2.0,2.0,Departamento,Alquiler,,,Guaymallen,Mendoza,Brandsen 1900,-32.912436989644,-68.836930990219,Garage/Cochera,,,,,,,,remax follow,Inmobiliaria,False,False,,"Corredor Responsable Gustavo Leandro Silva CCPIM 1947 - 
Contacto Candela Aguirre - MLS ID 422031055-18

Remax Follow ofrece Duplex en alquiler de 2 dormitorios y 2 baños excelente ubicación en Dorrego sobre calle Brandsen casi Moldes. Gran conectividad a metros de Avenida Ricardo Videla Costanera a dos minutos del centro.

En la zona encontrarás Easy Jumbo Clínica Francesa restaurantes entre otros...

El mismo cuenta con
- Cocina con isla
- Living comedor
- Patio
- Cochera techada
- Dos dormitorios
- 2 baños uno planta baja

No apto mascotas
Contrato mínimo 2 años

Escribime y coordinamos una visita!

GUSTAVO LEANDRO SILVA C.C.P.I.M 1947. En cumplimiento con las leyes provinciales vigentes que regulan el corretaje inmobiliario Ley Nacional 25.028 Ley 22.802 de Lealtad Comercial Ley 24.240 de Defensa al Consumidor las normas del código Civil y Comercial de la Nación y Constitucionales los agentes NO ejercen el corretaje inmobiliario. Todas las operaciones inmobiliarias son objeto de intermediación y conclusión por parte de los martilleros y corredores colegiados cuyos datos se exhiben debajo del nombre de la inmobiliaria. 
RAU S.R.L. no ejerce el corretaje inmobiliario. El presente sitio web es una plataforma en donde cada oficina inmobiliaria independiente que contrata los servicios RE/MAX puede publicar las propiedades a su cargo. Cada oficina es de propiedad y gestión independiente, por lo que RAU S.R.L. no interviene en los datos de la publicación, en la operación inmobiliaria, ni en la confección y/o firma del boleto de compraventa y/o escritura y/o contrato de alquiler. En cumplimiento de las leyes vigentes que regulan el corretaje inmobiliario, Ley Nacional 25.028, Ley 22.802 de Lealtad Comercial, Ley 24.240 de Defensa al Consumidor, las normas del Código Civil y Comercial de la Nación y Constitucionales, los agentes/gestores NO ejercen el corretaje inmobiliario. Todas las operaciones inmobiliarias son objeto de intermediación y conclusión por parte del corredor público inmobiliario colegiado a cargo de la publicación, cuyos datos se exhiben en la presente. La presente publicación describe las características esenciales del inmueble, debiéndose consultar al corredor público inmobiliario responsable de la operación por la eventual actualización de las medidas, descripciones arquitectónicas y funcionales, valores de expensas, servicios, impuestos, precios y demás información, cuyos valores son aproximados.",274909-1730
inmoclick:274909-1735,inmoclick,274909,1735,https://inmoclick.com/274909-remax-follow/inmuebles/1735/ficha/departamento-en-alquiler-en-9-de-julio-900,2026-09-09,,800000.0,ARS,9411.764705882351,85.0,85.0,,3.0,2.0,Departamento,Alquiler,,,Capital,Mendoza,9 de Julio 900,-32.891714098783,-68.841158151627,,,,,,,,,remax follow,Inmobiliaria,False,False,,"Corredor Responsable Gustavo Leandro Silva CCPIM 1947 - 
Contacto Eugenia Moretti - MLS ID 422031023-24

DEPARTAMENTO 4 AMBIENTES EN ALQUILER - 85M - CENTRO - MENDOZA CAPITAL

Departamento profesional ubicado estratégicamente en pleno centro de Mendoza sobre calle 9 de Julio con una superficie total de 85 m construidos. Diseñado con distribución funcional y luminosa ideal para profesionales que buscan comodidad y centralidad.

Distribución interior optimizada con hall de ingreso amplio que permite una circulación eficiente. Living comedor con piso de parquet que aporta calidez y elegancia al espacio. Cocina equipada con conexión para lavarropas y termotanque. Tres habitaciones con placares espaciosos que garantizan almacenamiento y organización.

Características principales
- Superficie total 85 m
- Ubicación Primer piso con ascensor
- Año de construcción 1971
- Orientación Este
- Estado general Muy bueno

Ambientes
- 3 dormitorios con placares
- Living comedor
- Cocinacomedor
- 2 baños en total
- 1 toilette
- Lavadero

Equipamiento
- Dos estufas estratégicamente ubicadas
- Iluminación natural en todos los ambientes
- Piso de parquet en living comedor
- Conexión para lavarropas
- Termotanque

Excelente oportunidad para profesionales o familias que valoran ubicación céntrica funcionalidad y confort en un departamento de características únicas.
RAU S.R.L. no ejerce el corretaje inmobiliario. El presente sitio web es una plataforma en donde cada oficina inmobiliaria independiente que contrata los servicios RE/MAX puede publicar las propiedades a su cargo. Cada oficina es de propiedad y gestión independiente, por lo que RAU S.R.L. no interviene en los datos de la publicación, en la operación inmobiliaria, ni en la confección y/o firma del boleto de compraventa y/o escritura y/o contrato de alquiler. En cumplimiento de las leyes vigentes que regulan el corretaje inmobiliario, Ley Nacional 25.028, Ley 22.802 de Lealtad Comercial, Ley 24.240 de Defensa al Consumidor, las normas del Código Civil y Comercial de la Nación y Constitucionales, los agentes/gestores NO ejercen el corretaje inmobiliario. Todas las operaciones inmobiliarias son objeto de intermediación y conclusión por parte del corredor público inmobiliario colegiado a cargo de la publicación, cuyos datos se exhiben en la presente. La presente publicación describe las características esenciales del inmueble, debiéndose consultar al corredor público inmobiliario responsable de la operación por la eventual actualización de las medidas, descripciones arquitectónicas y funcionales, valores de expensas, servicios, impuestos, precios y demás información, cuyos valores son aproximados.",274909-1735
inmoclick:274909-1876,inmoclick,274909,1876,https://inmoclick.com/274909-remax-follow/inmuebles/1876/ficha/departamento-en-alquiler-en-avenida-belgrano-400,2026-09-09,,1000000.0,ARS,13333.333333333334,75.0,85.0,,2.0,1.0,Departamento,Alquiler,,,Capital,Mendoza,Avenida Belgrano 400,-32.89541149874,-68.850983620214,,,,,,,,,remax follow,Inmobiliaria,False,False,,"Corredor Responsable Gustavo Leandro Silva CCPIM 1947 - 
Contacto Eugenio Monetti - MLS ID 422031039-28

DEPARTAMENTO 4 AMBIENTES EN ALQUILER BELGRANO MENDOZA

Un refugio de confort urbano se despliega en el corazón de Mendoza sobre la emblemática Avenida Belgrano a escasos metros de calle Aristides Villanueva . Este departamento de 85m2 amoblado y equipado para 6 personas es un lienzo de vida contemporánea diseñado con precisión arquitectónica y construido en 2010.

La distribución inteligente de sus espacios ofrece un equilibrio perfecto entre funcionalidad y estética moderna. Con 75 m cubiertos y 10 m semicubiertos el inmueble garantiza un estilo de vida dinámico y versátil. Dos habitaciones amplias un baño completo y un toilette estratégicamente ubicados configuran un ambiente que respira comodidad y elegancia.

Ubicado en el primer piso de un edificio de diez niveles este departamento trasciende la simple idea de vivienda. Su posición sobre Avenida Belgrano lo convierte en un punto estratégico para quienes buscan combinar ubicación privilegiada con calidad de vida urbana.

El edificio potencia la experiencia de habitar con un completo conjunto de amenities que incluyen gimnasio equipado seguridad permanente pileta para uso recreativo lavandería ascensor salón de usos múltiples área de juegos infantiles y sauna. Cada espacio común ha sido pensado para complementar la vida moderna y facilitar el bienestar de sus habitantes.

Cada rincón ha sido diseñado para ofrecer privacidad y confort transformándose en un espacio que no solo alberga sino que inspira. Una propuesta que conjuga la sofisticación mendocina con las demandas de un estilo de vida contemporáneo.

RAU S.R.L. no ejerce el corretaje inmobiliario. El presente sitio web es una plataforma en donde cada oficina inmobiliaria independiente que contrata los servicios RE/MAX puede publicar las propiedades a su cargo. Cada oficina es de propiedad y gestión independiente, por lo que RAU S.R.L. no interviene en los datos de la publicación, en la operación inmobiliaria, ni en la confección y/o firma del boleto de compraventa y/o escritura y/o contrato de alquiler. En cumplimiento de las leyes vigentes que regulan el corretaje inmobiliario, Ley Nacional 25.028, Ley 22.802 de Lealtad Comercial, Ley 24.240 de Defensa al Consumidor, las normas del Código Civil y Comercial de la Nación y Constitucionales, los agentes/gestores NO ejercen el corretaje inmobiliario. Todas las operaciones inmobiliarias son objeto de intermediación y conclusión por parte del corredor público inmobiliario colegiado a cargo de la publicación, cuyos datos se exhiben en la presente. La presente publicación describe las características esenciales del inmueble, debiéndose consultar al corredor público inmobiliario responsable de la operación por la eventual actualización de las medidas, descripciones arquitectónicas y funcionales, valores de expensas, servicios, impuestos, precios y demás información, cuyos valores son aproximados.",274909-1876
inmoclick:276253-264,inmoclick,276253,264,https://inmoclick.com/276253-sere-inmobiliaria/inmuebles/264/ficha/departamento-en-alquiler-en-jacinto-suarez-1295,2026-09-09,,550000.0,ARS,8461.538461538461,65.0,80.0,4.0,3.0,1.0,Departamento,Alquiler,Muy Bueno,,Las Heras,Mendoza,Jacinto Suarez 1295,-32.8518022,-68.84127629999999,Sin Cochera,,,,False,,False,,sere inmobiliaria,Inmobiliaria,False,False,,"Departamento en alquiler – B° Cementista, Las Heras

Excelente departamento ubicado sobre calle Jacinto Suárez 1295, en el Barrio Cementista, una zona residencial con fácil acceso y cercanía a comercios, transporte y servicios.

Características:

Primer piso por escalera.
3 dormitorios.
Baño completo.
Cocina independiente.
Living-comedor.
Lavandería.
Espacio de estacionamiento dentro del complejo.
Condiciones:
 Solo se abonan los gastos correspondientes a los espacios comunes.",276253-264
inmoclick:276253-265,inmoclick,276253,265,https://inmoclick.com/276253-sere-inmobiliaria/inmuebles/265/ficha/departamento-en-alquiler-en-calle-cerro-tupungato-2555,2026-09-09,,480000.0,ARS,9600.0,50.0,50.0,,2.0,1.0,Departamento,Alquiler,Excelente,,Las Heras,Mendoza,Calle Cerro Tupungato 2555,,,Sin Cochera,,,,False,,False,,sere inmobiliaria,Inmobiliaria,False,False,,"Departamento en alquiler – Barrio Integral, Las Heras

Te presentamos este cómodo departamento ubicado sobre calle Cerro Tupungato, en el Barrio Integral, adyacente al Barrio Municipal. Una excelente opción para quienes buscan comodidad y una ubicación de fácil acceso.

Características:

Primer piso por escalera.
2 habitaciones.
Cocina-comedor integrada.
Baño completo.
Patio interno.
Balcón.
No se permiten mascotas.

¡Consultanos para coordinar una visita y conocer esta propiedad!",276253-265
inmoclick:276253-270,inmoclick,276253,270,https://inmoclick.com/276253-sere-inmobiliaria/inmuebles/270/ficha/departamento-en-alquiler-en-25-de-mayo-y-soldado-desconocido,2026-09-09,,500000.0,ARS,14285.714285714286,35.0,35.0,,1.0,1.0,Departamento,Alquiler,Muy Bueno,,Guaymallen,Mendoza,25 de Mayo y Soldado Desconocido,-32.904671,-68.7969325,Sin Cochera,,,,,35000.0,False,,sere inmobiliaria,Inmobiliaria,False,False,,"Departamento en alquiler – Torres del UNIMEV, Guaymallén

Excelente departamento en planta baja, ubicado en el reconocido complejo Torres del UNIMEV, con fácil acceso y cercanía a comercios, transporte y servicios.

Características:

1 dormitorio.
Cocina independiente con amoblamiento y lavandería integrada.
Comedor.
Baño completo.
Espacio de estacionamiento.
Condiciones:

No se aceptan mascotas.",276253-270
inmoclick:276253-274,inmoclick,276253,274,https://inmoclick.com/276253-sere-inmobiliaria/inmuebles/274/ficha/departamento-en-alquiler-en-9-de-julio-2362,2026-09-09,,350000.0,ARS,8750.0,40.0,40.0,,1.0,1.0,Departamento,Alquiler,Muy Bueno,,Las Heras,Mendoza,9 de julio 2362,-32.8755031,-68.8369829,Sin Cochera,,,,False,,False,,sere inmobiliaria,Inmobiliaria,False,False,,"Si buscás un espacio cómodo y funcional, este departamento es una excelente opción.

Características:
 1 dormitorio.
Cocina-comedor integrada con amoblamiento (sin artefacto de cocina).
Baño completo.

Condiciones:
Canon mensual: $350.000
No se aceptan mascotas.
Exclusivo para adultos, con un máximo de 2 personas.

 Consultanos para más información o para coordinar una visita.",276253-274
inmoclick:276253-276,inmoclick,276253,276,https://inmoclick.com/276253-sere-inmobiliaria/inmuebles/276/ficha/departamento-en-alquiler-en-godoy-cruz-2016-guaymallen,2026-09-09,,520000.0,ARS,10400.0,50.0,60.0,,2.0,1.0,Departamento,Alquiler,Excelente,,Guaymallen,Mendoza,godoy cruz 2016 guaymallen,-32.890613,-68.80792079999999,Sin Cochera,,,,,50000.0,False,,sere inmobiliaria,Inmobiliaria,False,False,,"2 dormitorios.
 Cocina-comedor integrada con amoblamientos completos.
 Baño completo con lavandería integrada.
 Patio.
 Acceso por escalera (2.º piso).
 Sin cochera.

Condiciones:
 Canon mensual: $520.000.
 Expensas: $50.000.
 No se permiten mascotas.",276253-276
inmoclick:276372-28,inmoclick,276372,28,https://inmoclick.com/276372-ana-gabriela-segui/inmuebles/28/ficha/departamento-en-alquiler-en-san-lorenzo-444,2026-09-09,,550000.0,ARS,647.0588235294117,850.0,850.0,4.0,2.0,1.0,Departamento,Alquiler,Muy Bueno,,Capital,Mendoza,San Lorenzo 444,,,Sin Cochera,1.0,,False,,80000.0,False,,ana gabriela segui,Dueno Directo,True,False,,"Alquilo departamento Pleno Centro. Alquiler Anual. Dos dormitorios, 1 baño,cocina completa, living comedor .No se aceptan mascotas.",276372-28
inmoclick:276954-184,inmoclick,276954,184,https://inmoclick.com/276954-adobe-inmobiliaria-y-desarrollos/inmuebles/184/ficha/departamento-en-alquiler-en-viamonte-metros-bandera-de-los-andes-guaymallen,2026-09-09,,800000.0,ARS,,,75.0,,2.0,3.0,Departamento,Alquiler,Excelente,,Guaymallen,Mendoza,"Viamonte Metros Bandera de los Andes, Guaymallén",-32.8933778191,-68.8193176045,,2.0,,,,100000.0,,,adobe inmobiliaria y desarrollos,Inmobiliaria,False,False,,"ADOBE INMOBILIARIA ALQUILA DÚPLEX DE 2 DORMITORIOS EN COMPLEJO PRIVADO UBICADO EN SAN JOSÉ, GUAYMALLÉN, A 1 CUADRA DE CALLE BANDERA DE LOS ANDES.

Los dúplex poseen una superficie cubierta propia de de 60m2, con una superficie total de 75.

Con una arquitectura de moderno diseño con paredes y techos de hormigón armado, se distribuyen de la siguiente manera:

Planta Baja: cocina; living comedor; baño toilette. Cochera para 1 vehículo.
Planta Alta: 2 dormitorios con placares. Baño completo con ducha. 

El complejo cuenta con churrasqueras en Planta Baja y Planta Alta, y SUM para reuniones.

Son inmuebles eléctricos, no poseen gas.

VALORES

$ 800.000. Sin equipamiento.

$ 850.000. Equipado con aire acondicionado y cortinas black out.

Expensas actuales de $ 100.000. No se aceptan mascotas en el complejo.

El complejo está ubicado sobre calle Viamonte, entre Pedernera y Las Heras, 1 cuadra hacia el norte de Bandera de los Andes.

.",276954-184
inmoclick:276954-185,inmoclick,276954,185,https://inmoclick.com/276954-adobe-inmobiliaria-y-desarrollos/inmuebles/185/ficha/departamento-en-alquiler-en-viamonte-al-1000-metros-bandera-de-los-andes,2026-09-09,,600000.0,ARS,15000.0,40.0,,,1.0,1.0,Departamento,Alquiler,Excelente,,Guaymallen,Mendoza,"Viamonte  al 1000, metros Bandera de los Andes",-32.8934003559,-68.8191332111,,1.0,,,,80000.0,,,adobe inmobiliaria y desarrollos,Inmobiliaria,False,False,,"ADOBE INMOBILIARIA ALQUILA DEPARTAMENTOS DE 1 DORMITORIO EN COMPLEJO PRIVADO UBICADO EN SAN JOSÉ, GUAYMALLÉN, A 1 CUADRA DE CALLE BANDERA DE LOS ANDES.
Los departamentos poseen una superficie cubierta propia de de 45m2, con una superficie total de 60m2.

Arquitectura de moderno diseño con paredes y techos de hormigón armado, se distribuyen de la siguiente manera: cocina comedor; 1 baño completo con ducha. Cochera para 1 vehículo.

El complejo cuenta con churrasqueras en Planta Baja y Planta Alta, y SUM para reuniones.

VALORES

$ 600.000. No incluye aire acondicionado ni cortinas.

$ 650.000. Equipado con aire acondicionado y cortinas.

Expensas actuales de $80.000.

Son inmuebles eléctricos, no poseen gas. No se aceptan mascotas.

El complejo está ubicado sobre calle Viamonte, entre Pedernera y Las Heras, 1 cuadra hacia el norte de Bandera de los Andes.

.",276954-185
inmoclick:276954-360,inmoclick,276954,360,https://inmoclick.com/276954-adobe-inmobiliaria-y-desarrollos/inmuebles/360/ficha/departamento-en-alquiler-en-san-martin-al-1100,2026-09-09,,1250000.0,ARS,6476.683937823835,193.0,,,3.0,2.0,Departamento,Alquiler,---,46.0,Lujan de Cuyo,Mendoza,San Martín  al 1100,-33.0302569,-68.876346,,1.0,,,,,,,adobe inmobiliaria y desarrollos,Inmobiliaria,False,False,,"ADOBE INMOBILIARIA ALQUILA EXCELENTE Y AMPLIO DEPARTAMENTO DE 3 DORMITORIOS EN CALLE SAN MARTÍN CASI RICHIERI, LUJÁN DE CUYO.

Superficie cubierta propia de 190 m2 y en Primer Piso por escalera.
El inmueble cuenta con comedor; amplio living; estudio. Cocina; comedor. Lavadero. Baño toilette. 3 dormitorios con placares. Antebaño y baño completo con bañera.
Terraza con despensa, churrasquera y leonera.

Cuenta con pisos de parquet en dormitorios, de escalla de mármol en comedor, living y escritorio. De porcelanato en cocina y comedor. 

No posee cochera. Hay en alquiler a unos 50 metros.
No paga expensas.

PUEDE SER LOCACIÓN COMERCIAL PARA OFICINAS. EN ESTE CASO HAY QUE SUMARLE IVA DEL 21% AL VALOR.
 
ALQUILER POR 24 MESES. ACTUALIZACIÓN CUATRIMESTRAL POR IPC.

Ubicado 1 km al sur de la Plaza departamental y unos 550 m al este del Polideportivo municipal. Constante flujo de medios de transporte en la puerta.

 

.",276954-360
inmoclick:276954-387,inmoclick,276954,387,https://inmoclick.com/276954-adobe-inmobiliaria-y-desarrollos/inmuebles/387/ficha/departamento-en-alquiler-en-9-de-julio-casi-peatonal-sarmiento,2026-09-09,,840000.0,ARS,12923.076923076924,65.0,,,2.0,2.0,Departamento,Alquiler,---,,Capital,Mendoza,9 de Julio  casi Peatonal Sarmiento,-32.8907482,-68.8409502,,1.0,,,,110000.0,,,adobe inmobiliaria y desarrollos,Inmobiliaria,False,False,,"ADOBE INMOBILIARIA ALQUILA CÉNTRICO DEPARTAMENTO DE 2 DORMITORIOS EN EDIFICIO SOBRE CALLE 9 DE JULIO CASI PEATONAL SARMIENTO DE CIUDAD.

El departamento es frontal y está ubicado en un 4° piso. Cuenta con: living comedor. Cocina con amoblamiento de alacena y bajo mesada. Lavadero con amplio placar de guardado. 2 dormitorios con placares (1 con sector escritorio). Baño completo con bañera. Baño toilette. 
Posee aires acondicionados split en dormitorios y living comedor. Calefactor tiro balanceado en living comedor.

Muy buen estado de conservación y súper luminoso.

Alquiler opcional con Cochera para 1 vehículo.

Valor alquiler departamento y cochera $ 900.000.
Valor alquiler departamento solo $ 840.000.

Actualización cuatrimestral por IPC.

Expensas departamento $ 110.000.
Expensas cochera $ 55.000.
Excelente ubicación, unos 20m al sur de Peatonal Sarmiento, a 2 cuadras de Plaza y Teatro Independencia.

.",276954-387
inmoclick:276954-390,inmoclick,276954,390,https://inmoclick.com/276954-adobe-inmobiliaria-y-desarrollos/inmuebles/390/ficha/departamento-en-alquiler-en-adolfo-calle-metros-las-canas,2026-09-09,,950000.0,ARS,15833.333333333334,60.0,,,3.0,2.0,Departamento,Alquiler,Muy Bueno,20.0,Guaymallen,Mendoza,Adolfo Calle metros Las Cañas,-32.900628,-68.8171956,,1.0,,,,80000.0,,,adobe inmobiliaria y desarrollos,Inmobiliaria,False,False,,"ADOBE INMOBILIARIA ALQUILA DEPARTAMENTO DE 3 DORMITORIOS CON COCHERA EN DORREGO, SOBRE ADOLFO CALLE CASI LAS CAÑAS.
Situado dentro de un complejo cerrado, está desarrollado en Planta Baja y cuenta con: estar comedor; cocina. 3 dormitorios con placares. Baño completo y baño toilette. Patio embaldosado. Cochera cubierta para 1 vehículo.
Súper luminoso y en muy buen estado de conservación. 
Cuenta con aires acondicionados en 1 dormitorio y en el estar comedor.  Calefactores tiros balanceado en estar comedor y pasillo de distribución.
Con una excelente ubicación en una zona con constante medios de transporte, y de rápida llegada a Ciudad y a Accesos Sur y Este.

.",276954-390
inmoclick:276954-406,inmoclick,276954,406,https://inmoclick.com/276954-adobe-inmobiliaria-y-desarrollos/inmuebles/406/ficha/departamento-en-alquiler-en-francisco-evans-28-lujan-de-cuyo,2026-09-09,,590000.0,ARS,14750.0,40.0,,,1.0,1.0,Departamento,Alquiler,---,20.0,Lujan de Cuyo,Mendoza,"Francisco Evans 28, Luján de Cuyo",-33.0398397,-68.8859505,,,,,,,,,adobe inmobiliaria y desarrollos,Inmobiliaria,False,False,,"ADOBE INMOBILIARIA ALQUILA DEPARTAMENTO DE 1 DORMITORIO EQUIPADO EN LUJÁN DE CUYO, A 3 CUADRAS DE LA PLAZA DEPARTAMENTAL.
El departamento ubicado en Planta Baja, cuenta con cocina comedor, dormitorio con placard y baño completo con ducha. Yo le doy la luz está incluido en el precio, no tiene expensas que pagar.Equipado con tiene cama, colchón, mesitas de luz, heladera, microondas, lavarropas y televisor. También juego de mesa comedor con cuatro sillas.
Paga sólo el servicio de gas. Energía eléctrica incluida en el valor del alquiler mensual. No paga expensas.

ACTUALIZACIÓN CADA 3 MESES POR IPC.

Ubicado sobre calle Francisco Evans de Luján de Cuyo a 3 cuadras de calle Roque Sáenz Peña. 

.",276954-406
inmoclick:27829-137,inmoclick,27829,137,https://inmoclick.com/27829-miatello-prop/inmuebles/137/ficha/departamento-en-alquiler-en-roca-340,2026-09-09,,700000.0,ARS,11666.666666666666,60.0,70.0,3.0,1.0,1.0,Departamento,Alquiler,Excelente,10.0,Capital,Mendoza,ROCA 340,-32.88908889552496,-68.85482605171202,Garage/Cochera,,,,,75000.0,False,,miatello prop,Inmobiliaria,False,False,,"MIATELLO - ALQUILA

Departamento de una habitación en zona privilegiada de la quinta sección de la Ciudad de Mendoza. A pocas Cuadras del Parque General San Martin y de calle Aristides de Villanueva.

Edificio ubicado sobre calle J.A. Roca entre Olascoaga y Martínez de Rosas.

Departamento ubicado en PLANTA BAJA.

Posee Cochera techada con estructura metálica. Ingreso a cochera mediante portón automático. 

El edificio cuenta con cerco eléctrico en todo el perímetro y cámaras de seguridad en todos los espacios comunes. 

El inmueble consta de una habitación con amplio placard. Posee cocina comedor, patio y cómodo baño con bañera y mampara de vidrio. 

Expensas aproximadas actuales $75.000.

Contrato de 24 meses. Aumentos trimestrales ICL. 

Requisitos: 
- solicitante con bono de sueldo
- 1 garante con bono de sueldo
- 1 garante propietario

No dude en consultarnos y coordinar una pronta visita. 

LEANDRO D. MIATELLO Z. MAT N° 1736 CCPIM.",27829-137
inmoclick:27829-139,inmoclick,27829,139,https://inmoclick.com/27829-miatello-prop/inmuebles/139/ficha/departamento-en-alquiler-en-felix-suarez-685,2026-09-09,,450000.0,ARS,9000.0,50.0,60.0,5.0,2.0,1.0,Departamento,Alquiler,Muy Bueno,20.0,Guaymallen,Mendoza,Felix Suarez 685,-32.89815567584348,-68.79346397351853,Garage/Cochera,1.0,,False,False,,,,miatello prop,Inmobiliaria,False,False,,"Miatello Alquila (Mat. CCPM N° 1736)

Departamento en alquiler 🏠🔑
Cómodo, seguro y funcional.
✨ Cuenta con:
2 dormitorios, ambos con placard.
Comedor.
Cocina.
Baño.
Patio interno.
Cochera
Complejo cerrado 🔒
✅ Sin pago de expensas

No dude en consultarnos para más información y coordinar una visita.",27829-139
inmoclick:278910-2,inmoclick,278910,2,https://inmoclick.com/278910-martin-perez-romagnoli/inmuebles/2/ficha/departamento-en-alquiler-en-boedo-mariano-y-vieytes,2026-09-09,,700.0,USD,10.76923076923077,65.0,95.0,3.0,2.0,1.0,Departamento,Alquiler,Excelente,,Maipu,Mendoza,Boedo Mariano  y Vieytes,-32.989366821967,-68.82560819993526,Cochera Pasante,,,,,180000.0,False,,martin perez romagnoli,Dueno Directo,True,False,,"Moderno departamento en planta alta de 62 m² cubiertos, con una distribución pensada para maximizar luz y confort. 

Características principales:

- 👮 Seguridad 24 horas
- 🛏️ 2 dormitorios con placares empotrados, estantes y cajoneras
- 🛁 1 baño completo (bañera con mampara, bidet, vanitory suspendido, bacha de apoyo y espejo circular iluminado)
- 🍽️ Cocina integrada con isla central / barra desayunadora, mesadas de granito, anafe a gas, horno empotrado y campana
- 🌇 Terraza/balcón de uso exclusivo (acceso desde uno de los dormitorios)
- ♨️ Calefacción por radiadores en todos los ambientes
- 🔥 Caldera individual
- 🚨 Detector de monóxido de carbono
- 🪟 Aberturas con doble vidrio hermético (DVH)
- 🔧 Grifería Johnson
- 🚗 Cochera techada de uso exclusivo
- 🏢 SUM para reuniones y eventos

Un departamento listo para disfrutar desde el primer día.",278910-2
inmoclick:279041-348,inmoclick,279041,348,https://inmoclick.com/279041-kw-mendoza/inmuebles/348/ficha/departamento-en-alquiler-en-emilio-zola-al-200,2026-09-09,,700000.0,ARS,12500.0,56.0,56.0,4.0,2.0,1.0,Departamento,Alquiler,Excelente,10.0,Godoy Cruz,Mendoza,Emilio Zola  al 200,-32.9130379,-68.8409329,,,,,,110000.0,,,kw mendoza,Inmobiliaria,False,False,,"ALQUILER DEPARTAMENTO en calle Emilio Zola al 200, entre Belgrano y Boulevard Barcala, Godoy Cruz, Mendoza.

Su privilegiada ubicación, próxima a centros educativos, de salud, comerciales y deportivos, la convierte en una excelente opción para profesionales, estudiantes universitarios, personal médico y personas vinculadas al Club Deportivo Godoy Cruz Antonio Tomba.

UBICACIÓN:

I A pocos minutos de Jumbo, Easy y principales centros comerciales.
I A 1 cuadra del Hospital Español.
I A 2 cuadras de la Universidad Champagnat.
I Cercano a bancos, supermercados, farmacias y comercios de cercanía.
I Próximo a transporte público.
I Cercano al Club Deportivo Godoy Cruz Antonio Tomba.

Cuenta con una Superficie cubierta propia de 56 m²

CARACTERÍSTICAS DEPARTAMENTO

I Ubicado en primer piso con acceso por ascensor y/o escalera.
I Living comedor amplio y luminoso.
I Cocina abierta y sectorizada con lavandería integrada.
I Ambiente adicional ideal para escritorio, home office o sala de TV.
I Antebaño y baño completo con ducha.
I 2 dormitorios con placares, uno de ellos con balcón.
I Rejas de seguridad.
I Excelente iluminación y ventilación natural.
I Calefacción mediante una estufa a gas, aire acondicionado y placas eléctricas.
I 1 boca gas habilitada para colocación de una estufa.
I 1 Cochera

CARACTERÍSTICAS DEL COMPLEJO

I Cámaras de seguridad.
I Cierre eléctrico.
I Portón automático.
I Terraza de uso común, con 2 churrasqueras.
I Entorno tranquilo, familiar y muy seguro.

Corredor interviniente:
DAVID DANIEL TARQUINI
CCPIM 1021
La tasación, intermediación y la conclusión de las operaciones sobre esta propiedad son actividades exclusivas de este corredor matriculado, conforme las previsiones de la ley 20.266, la ley provincial 7.372 y sus modif. y las normas reglamentarias dictadas por el Colegio de Corredores Públicos Inmobiliarios de la Provincia de Mendoza. Las oficinas asociadas a la red Keller Williams actúan en forma independiente, brindando servicios a corredores, agentes y al público en general, y su intervención se limita a la prestación de servicios inmobiliarios que no incluyen actos de corretaje ni intermediación inmobiliaria.

M.V.B",279041-348
inmoclick:279041-501,inmoclick,279041,501,https://inmoclick.com/279041-kw-mendoza/inmuebles/501/ficha/departamento-en-alquiler-en-peru-al-2400,2026-09-09,,1100000.0,ARS,22448.97959183673,49.0,49.0,3.0,2.0,2.0,Departamento,Alquiler,Excelente,15.0,Capital,Mendoza,Peru al 2400,-32.8747472003,-68.8440543254,,1.0,,,,210000.0,,,kw mendoza,Inmobiliaria,False,False,,"ALQUILER DEPARTAMENTO

UBICACIÓN ATHENEA PARK TOWER, 2 DORMITORIO.

Ubicación: Av. Perú 2425 ciudad de Mendoza

COCHERA 1

BAULERA 1

DESCRIPCIÓN

| Living comedor amplio y muy luminoso con orientación Este
| Cocina + muebles bajo y alto mesada con un importante ventanal y orientación Norte
| Cochera subterránea con Portón automático
| Baulera
| 2 Dormitorios + Placard
| 2 Baños completos
| Sum.
| Pileta
| Parrillas
| Toilette en sum
| Vigilancia las 24 hs.
| Jardin con juegos para niños.

Hermoso departamento de dos dormitorio con un baño, cocina y living comedor muy luminoso, con una orientación perfecta. El edificio se encuentra sobre calle Perú al 2400. La ubicación es es de fácil y rápido acceso. el departamento se encuentra en el piso 12 con orientación noreste.
El edificio cuenta no solo con sum, pileta y gimnasio sino que también posee un hermoso parque de recreación con juegos para niños.

En sus inmediaciones se encuentra todo lo necesario para cubrir las necesidades cotidianas: Club, hipermercados, parque de recreación, colegios, a 10 cuadras del centro de la ciudad de Mendoza.

Corredor interviniente:
DAVID DANIEL TARQUINI
CCPIM 1021
La tasación, intermediación y la conclusión de las operaciones sobre esta propiedad son actividades exclusivas de este corredor matriculado, conforme las previsiones de la ley 20.266, la ley provincial 7.372 y sus modif. y las normas reglamentarias dictadas por el Colegio de Corredores Públicos Inmobiliarios de la Provincia de Mendoza. Las oficinas asociadas a la red Keller Williams actúan en forma independiente, brindando servicios a corredores, agentes y al público en general, y su intervención se limita a la prestación de servicios inmobiliarios que no incluyen actos de corretaje ni intermediación inmobiliaria.

M.C.B.",279041-501
inmoclick:279041-555,inmoclick,279041,555,https://inmoclick.com/279041-kw-mendoza/inmuebles/555/ficha/departamento-en-alquiler-en-san-lorenzo-al-600,2026-09-09,,1000.0,USD,10.20408163265306,98.0,98.0,4.0,2.0,2.0,Departamento,Alquiler,Excelente,17.0,Capital,Mendoza,SAN LORENZO  al 600,-32.8925655,-68.8483184,,,,,,420000.0,,,kw mendoza,Inmobiliaria,False,False,,"DEPARTAMENTO AMOBLADO | EDIFICIO DA VINCI | 2 DORMITORIOS | 

Ubicación: NORESTE

Superficie cubierta: 98M2

| Living comedor 
| Cocina + muebles bajo y alto mesada, lavandería integrada
| 1 Dormitorios + Placard
| Baño completo
| 1 Dormitorio en suite con placard
| Calefacción central 
| Aires Acondicionados
| Cochera

Es un departamento con gran ingreso de luz, todos sus ambientes dan al balcón. Su mantenimiento es excelente.

AMENITIES

| SUM
| 2 Piscinas, una en PB y otra en la terraza
| Laundry
| Gimnasio
| Microcine

NO Apto mascotas

Corredor interviniente:DAVID DANIEL TARQUINI
CCPIM 1021
La tasación, intermediación y la conclusión de las operaciones sobre esta propiedad son actividades exclusivas de este corredor matriculado, conforme las previsiones de la ley 20.266, la ley provincial 7.372 y sus modif. y las normas reglamentarias dictadas por el Colegio de Corredores Públicos Inmobiliarios de la Provincia de Mendoza. Las oficinas asociadas a la red Keller Williams actúan en forma independiente, brindando servicios a corredores, agentes y al público en general, y su intervención se limita a la prestación de servicios inmobiliarios que no incluyen actos de corretaje ni intermediación inmobiliaria.
|OP|",279041-555
inmoclick:279041-556,inmoclick,279041,556,https://inmoclick.com/279041-kw-mendoza/inmuebles/556/ficha/departamento-en-alquiler-en-huarpes-al-1800,2026-09-09,,450000.0,ARS,15000.0,30.0,30.0,,1.0,1.0,Departamento,Alquiler,---,,Capital,Mendoza,Huarpes al 1800,-32.8784211,-68.8581492,,,,,,30000.0,,,kw mendoza,Inmobiliaria,False,False,,"|  DEPARTAMENTO| SEXTA SECCION | 1 DORMITORIOS | PB

Ubicación:  norte

DESCRIPCIÓN
 
UBICADO EN PLANTA BAJA

| Cocina comedor + muebles bajo y alto mesada
| Lavandería
| 1 Dormitorios + Placard
| Baño completo
| Patio común del complejo

NO apto mascotas

Corredor interviniente:DAVID DANIEL TARQUINI
CCPIM 1021
La tasación, intermediación y la conclusión de las operaciones sobre esta propiedad son actividades exclusivas de este corredor matriculado, conforme las previsiones de la ley 20.266, la ley provincial 7.372 y sus modif. y las normas reglamentarias dictadas por el Colegio de Corredores Públicos Inmobiliarios de la Provincia de Mendoza. Las oficinas asociadas a la red Keller Williams actúan en forma independiente, brindando servicios a corredores, agentes y al público en general, y su intervención se limita a la prestación de servicios inmobiliarios que no incluyen actos de corretaje ni intermediación inmobiliaria.
|OP|",279041-556
inmoclick:279041-573,inmoclick,279041,573,https://inmoclick.com/279041-kw-mendoza/inmuebles/573/ficha/departamento-en-alquiler-en-9-de-julio,2026-09-09,,450000.0,ARS,10000.0,45.0,45.0,2.0,1.0,1.0,Departamento,Alquiler,Excelente,,Guaymallen,Mendoza,9 de julio,-32.9176092202,-68.7750241604,,,,,,,,,kw mendoza,Inmobiliaria,False,False,,"ALQUILER departamento a estrenar en guaymallen.

| Living-comedor-cocina
| Dormitorio
| Cochera
| Patio

Es un departamento dentro de un complejo cerrado que se esta terminando su construcción y en septiembre se va a poder habitar. Todo electrico. Se entrega con termotanque y cocina

Comunicate con nosotros por whatsapp para coordinar una visita a la unidad :)

Corredor interviniente:
FELIPE LERENA MUÑOZ
CCPIM 2189
La tasación, intermediación y la conclusión de las operaciones sobre esta propiedad son actividades exclusivas de este corredor matriculado, conforme las previsiones de la ley 20.266, la ley provincial 7.372 y sus modif. y las normas reglamentarias dictadas por el Colegio de Corredores Públicos Inmobiliarios de la Provincia de Mendoza. Las oficinas asociadas a la red Keller Williams actúan en forma independiente, brindando servicios a corredores, agentes y al público en general, y su intervención se limita a la prestación de servicios inmobiliarios que no incluyen actos de corretaje ni intermediación inmobiliaria.

| F.L.|",279041-573
inmoclick:279041-618,inmoclick,279041,618,https://inmoclick.com/279041-kw-mendoza/inmuebles/618/ficha/departamento-en-alquiler-en-ituzaingo-al-2200,2026-09-09,,600000.0,ARS,8955.223880597016,67.0,67.0,4.0,2.0,1.0,Departamento,Alquiler,Excelente,14.0,Capital,Mendoza,ITUZAINGO  al 2200,-32.8775048057,-68.829069289,,1.0,,,,64000.0,,,kw mendoza,Inmobiliaria,False,False,,"DEPARTAMENTO EN ALQUILER , interno ,ubicado en la Cuarta Sección de la ciudad Capital de Mendoza. Situado en la calle Ituzaingó al 2200, este departamento se encuentra a solo una cuadra del Área Fundacional y la Plaza Pedro del Castillo, en una zona tranquila con fácil acceso a transporte público, comercios y gimnasios.

El complejo cuenta con 20 departamentos, diez (10) en PB y diez (10) en Primer Piso. El departamento se encuentra en primer piso , lo que facilita el acceso, aunque el edificio no cuenta con ascensor. Este encantador departamento consta de 66.96 m², identificado como departamento 14 bajo el Régimen de Propiedad Horizontal.
La propiedad tiene una antiguedad de 14 años, encontrándose en excelente estado de conservación, al igual que todo el complejo .

El mismo cuenta con las siguientes comodidades:
-2 habitaciones con placares
- antebaño
- 1 baño completo
- cocina independiente.
- living-comedor amplio
-estufa
-2 aires acondicionados
-portero eléctrico
- lámparas

Si bien la propiedad no posee cochera propia, hay opciones de alquiler de cocheras en las cercanías. La propiedad posee cámaras de seguridad.
Los espacios comunes son mantenidos por empresa privada, cuyo pago se incluye en el valor de las expensas.
Los servicios disponibles incluyen agua corriente, cloaca, gas natural, electricidad .

La Municipalidad de Capital Mendoza, proyecta realizar mejoras que revaloricen la zona llamada Distrito Fundacional, encontrándose la propiedad a solo una cuadra de la zona, esto fortalecería  el valor de la propiedad.

Comunicate con nosotros por whatsapp para coordinar una visita.

Corredor interviniente:
DAVID DANIEL TARQUINI
CCPIM 1021
La tasación, intermediación y la conclusión de las operaciones sobre esta propiedad son
actividades exclusivas de este corredor matriculado, conforme las previsiones de la ley
20.266, la ley provincial 7.372 y sus modif. y las normas reglamentarias dictadas por el Colegio
de Corredores Públicos Inmobiliarios de la Provincia de Mendoza. Las oficinas asociadas a la
red Keller Williams actúan en forma independiente, brindando servicios a corredores, agentes
y al público en general, y su intervención se limita a la prestación de servicios inmobiliarios que
no incluyen actos de corretaje ni intermediación inmobiliaria.

RAE",279041-618
inmoclick:279041-643,inmoclick,279041,643,https://inmoclick.com/279041-kw-mendoza/inmuebles/643/ficha/departamento-en-alquiler-en-las-heras-al-100-planta-baja-godoy-cruz,2026-09-09,,600000.0,ARS,13333.333333333334,45.0,62.0,2.0,1.0,1.0,Departamento,Alquiler,Excelente,20.0,Godoy Cruz,Mendoza,Las Heras  al 100 Planta Baja. Godoy Cruz,-32.9259651,-68.8470736,,1.0,,,,,,,kw mendoza,Inmobiliaria,False,False,,"ALQUILER – DEPARTAMENTO EN PLANTA BAJA

1 dormitorio
Cocina comedor
Patio
Cochera
Ambientes luminosos
Grandes espacios comunes
Cómodo y funcional
Ubicado en planta baja

Excelente ubicación, a una cuadra de la Plaza de Godoy Cruz
Gran conectividad y fácil acceso
Cercano a supermercados, escuelas, plazas y comercios

Valor de las expensas a septiembre de 2026: $70000

Corredor interviniente:ANA PIMENIDES
CCPIM 2132
La tasación, intermediación y la conclusión de las operaciones sobre esta
propiedad son actividades exclusivas de este corredor matriculado, conforme las
previsiones de la ley 20.266, la ley provincial 7.372 y sus modif. y las normas
reglamentarias dictadas por el Colegio de Corredores Públicos Inmobiliarios de la
Provincia de Mendoza. Las oficinas asociadas a la red Keller Williams actúan en forma
independiente, brindando servicios a corredores, agentes y al público en general, y su
intervención se limita a la prestación de servicios inmobiliarios que no incluyen actos
de corretaje ni intermediación inmobiliaria.

ACP",279041-643
inmoclick:279839-5,inmoclick,279839,5,https://inmoclick.com/279839-jesica-vazquez/inmuebles/5/ficha/departamento-en-alquiler-en-vicente-lopez,2026-09-09,,400.0,USD,5.0,80.0,85.0,2.0,1.0,1.0,Departamento,Alquiler,Bueno,20.0,Capital,Mendoza,Vicente lopez,-32.89414,-68.8329934,Sin Cochera,1.0,False,,False,,False,,jesica vazquez,Dueno Directo,True,False,,"Monoambiente amoblado en pleno centro de Ciudad de Mendoza: cómodo, seguro y listo para entrar a vivir. Ideal para una persona sola o pareja (máx. 2), especialmente indicado para estudiantes o profesionales que buscan tranquilidad sin alejarse de todo lo esencial: a cuadras de comercios, transporte y servicios.

Características principales:
- 🛏️ 1 ambiente / dormitorio (monoambiente) 
- 🍽️ Cocina comedor integrado 
- 🚿 1 baño completo 
- 🪑 Amoblado completo: somier, mesa y sillas, cocina, heladera, TV 
- ☀️ Planta baja con pasillo al aire libre, muy luminoso y ventilado 
- 🔒 Seguridad: ingreso por puerta principal con clave digital + cámaras 
- 💸 Sin expensas (todos los servicios se abonan aparte) 
- 📄 Contrato de alquiler con aumento cuatrimestral 
- 💰 Alquiler: $550.000 / mes — Depósito: $550.000 
- 🐾 No se aceptan mascotas 
- 👥 Requisitos: recibo de sueldo y 2 garantes, o a convenir (efectivo en dos veces) 
- 📅 Disponible: inmediato

Beneficios: vivir en un espacio funcional y cuidado que ofrece seguridad y bajo mantenimiento (sin expensas), con el plus de estar en una zona céntrica y tranquila. Perfecto para quienes valoran la comodidad, la luz natural y la practicidad de un departamento amoblado.

Escribime y te envío más fotos o coordinamos una visita.",279839-5
inmoclick:280057-1903,inmoclick,280057,1903,https://inmoclick.com/280057-openhouse-inmobiliaria/inmuebles/1903/ficha/departamento-en-alquiler-en-av-emilio-civit,2026-09-09,,1200.0,USD,13.333333333333334,90.0,90.0,,2.0,3.0,Departamento,Alquiler,---,25.0,Capital,Mendoza,AV. EMILIO CIVIT,-32.8876946,-68.8554945,,,,,,330000.0,,,openhouse inmobiliaria,Inmobiliaria,False,False,,"OPENHOUSE alquila departamento de categoría AMOBLADO en Av. Emilio Civit. 

Se trata de un maravilloso departamento amoblado con excelentes vistas e inmejorable ubicación, sobre Avenida Emilio Civit, en plena 5ta Sección. Se encuentra en el edificio ""Jardín Presidente"" de máxima categoría con inmejorable ubicación, lindantes al museo Carlos Alonso Mansión Stoppel. 

El inmueble consta de:
-2 dormitorios con placares
-3 baños (uno de ellos en suite)
-Living comedor
-Cocina comedor
-Piso entablonado
-Calefacción por radiadores
-Orientación este
-Cochera para dos vehículos 

El edificio ofrece:
-Piscina amplia
-Gimnasio con sauna
-Quincho 20 personas
-Seguridad 24hs 

Se encuentra totalmente AMOBLADO y EQUIPADO

Para mayor información no dudes en contactarnos! 

OPENHOUSE EL HOGAR DE TUS SUEÑOS

J.K",280057-1903
inmoclick:280057-2117,inmoclick,280057,2117,https://inmoclick.com/280057-openhouse-inmobiliaria/inmuebles/2117/ficha/departamento-en-alquiler-en-guido-spano-las-heras,2026-09-09,,390000.0,ARS,8666.666666666666,45.0,45.0,2.0,1.0,1.0,Departamento,Alquiler,Excelente,,Las Heras,Mendoza,"GUIDO SPANO, LAS HERAS",-32.8665424,-68.8213225,,,,,,,,,openhouse inmobiliaria,Inmobiliaria,False,False,,"OPNEHOUSE INMOBILIARIA ALQUILA hermoso departamento a estrenar en calle Guido Spano y Pescadores de Las Heras. Se trata de una propiedad en primer piso por escalera con una excelente ubicación, cercanía a capital, calle Lisandro Moyano, negocios, para de colectivos.

Consta de:
- Un dormitorio.
- Baño.
- Estar comedor.
- Cocina amoblada integrada al estar comedor.

Todo eléctrico, no posee gas natural.

Para mayor información y coordinar una visita, comunicarse al número aquí publicado.

OPENHOUSE EL HOGAR DE TUS SUEÑOS

AR",280057-2117
inmoclick:280057-2214,inmoclick,280057,2214,https://inmoclick.com/280057-openhouse-inmobiliaria/inmuebles/2214/ficha/departamento-en-alquiler-en-tripepi-y-san-luis-de-las-heras,2026-09-09,,230000.0,ARS,4600.0,50.0,,2.0,1.0,1.0,Departamento,Alquiler,---,15.0,Las Heras,Mendoza,Tripepi y San Luis de Las Heras,-32.8543701,-68.8255125,,,,,,,,,openhouse inmobiliaria,Inmobiliaria,False,False,,"OPENHOUSE INMOBILIARIA ALQUILA departamento en Las Heras. La propiedad se encuentra en planta baja sobre calle Tripepi casi San Luis a metros de calle Olascoaga, cercanía a Av. San Martín, Lisandro Moyano, Manuel A Sáenz, negocios, parada de colectivos. Rápido acceso a minutos de la ciudad.

Consta de:

- Un dormitorio.
- Estar comedor.
- Cocina integrada al estar comedor.
- Alacenas.
- Baño con ducha.
- Todo eléctrico, no posee gas natural.

Para mayor información y coordinar una visita, comunicarse al número aquí publicado.

OPENHOUSE EL HOGAR DE TUS SUEÑOS

AR",280057-2214
inmoclick:280057-2295,inmoclick,280057,2295,https://inmoclick.com/280057-openhouse-inmobiliaria/inmuebles/2295/ficha/departamento-en-alquiler-en-rufino-ortega-5ta-seccion,2026-09-09,,1200000.0,ARS,16000.0,75.0,,,2.0,2.0,Departamento,Alquiler,Excelente,3.0,Capital,Mendoza,"RUFINO ORTEGA, 5TA SECCIÓN",-32.889869,-68.860792,,,,,,156000.0,,,openhouse inmobiliaria,Inmobiliaria,False,False,,"OPENHOUSE inmobiliaria alquila fantástico departamento en Quinta Sección, Mendoza.

Ubicado en la 5ta sección de la Ciudad de Mendoza, a una cuadra del parque Gral. San Martín y de la calle Arístides Villanueva, se rodea de un entorno único y natural.

Es un departamento frontal y cuenta con:

-Amplio living comedor, espacioso y muy luminoso
-Cocina completa integrada con anafe, horno empotrado y extractor. Amoblamiento de primera calidad
-2 habitaciones
-2 baños
-1 amplio balcón

Se encuentra en excelente estado de conservación, tiene placares empotrados y la habitación principal tiene vestidor y baño en suite.

El edificio cuenta con seguridad las 24hs, portón eléctrico, cochera propia para cada vehículo.

En el último piso se ubica una terraza con hermosas vistas, un SUM completamente equipado con mobiliario, vajilla, heladeras, horno microondas y dos parrillas.

En el subsuelo se encuentra la lavandería con lavarropas y secarropas industriales.

Para más información y coordinar una visita no dudes en contactar a la asesora de esta propiedad.

A.R

OPENHOUSE EL HOGAR DE TUS SUEÑOS",280057-2295
inmoclick:280057-2333,inmoclick,280057,2333,https://inmoclick.com/280057-openhouse-inmobiliaria/inmuebles/2333/ficha/departamento-en-alquiler-en-rodriguez-y-av-emilio-civit,2026-09-09,,1000.0,USD,6.802721088435374,147.0,147.0,,3.0,2.0,Departamento,Alquiler,Recicled,50.0,Capital,Mendoza,RODRIGUEZ Y AV. EMILIO CIVIT,-32.8877969,-68.852175,,1.0,,,,90000.0,,,openhouse inmobiliaria,Inmobiliaria,False,True,,"OPENHOUSE inmobiliaria alquila amplio departamento en Pleno corazón de Quinta Seccion Mendoza a metros de Emilio civit.

Ubicado en primer piso con un entorno residencial de gran categoría, con excelente conectividad y cercanía a los principales puntos de interés de la ciudad, este departamento combina comodidad, funcionalidad y una ubicación estratégica. A pocos minutos del Parque General San Martín y a cuadras del Centro, rodeado de cafés, restaurantes, supermercados y comercios.
Una excelente oportunidad para quienes buscan vivir en una de las mejores zonas de Mendoza, con todo al alcance y en un entorno privilegiado.

-Cuenta con 3 habitaciones 2 baños cocina living y cuarto de dependencia. Primer piso por escalera

-Se alquila mínimo dos años .

G.V
OPENHOUSE EL HOGAR DE TUS SUEÑOS.",280057-2333
inmoclick:280057-2337,inmoclick,280057,2337,https://inmoclick.com/280057-openhouse-inmobiliaria/inmuebles/2337/ficha/departamento-en-alquiler-en-frente-al-dalvian,2026-09-09,,750000.0,ARS,10714.285714285714,70.0,,,2.0,1.0,Departamento,Alquiler,Muy Bueno,5.0,Capital,Mendoza,FRENTE AL DALVIAN,-32.8729444472,-68.8791936981,,2.0,,,,,,,openhouse inmobiliaria,Inmobiliaria,False,False,,"OPENHOUSE alquila hermoso duplex amoblado frente al prestigioso Barrio Dalvian.

Se trata de un moderno y luminoso dúplex, con muy pocos años de antigüedad. Se encuentra frente al barrio Dalvian, esquina de Dr. Carrillo y Dr. Milstein, con cercanía a comercios como Centro Comercial Lomas, Átomo, carnicerías, verdulerías, a 5 minutos del parque San Martín, y a 10 minutos del centro de Mendoza.

El inmueble se distribuye de la siguiente manera:

Planta Baja:

-Amplio living comedor muy luminoso
-Cocina integrada con desayunador
-Cochera

Planta Alta:

-2 dormitorios con amplios placares
-1 baño completo
-Balcón con lavandería

NO PAGA EXPENSAS

Cuenta con todos los servicios, amoblamiento completos en cocina, amplios placares en dormitorios, rejas en sus aberturas, cocina con horno de 4 hornallas, luminarias, equipos de aires y cortinas.

Para mayor información no dude en contactarnos!

AN.R

 OPENHOUSE EL HOGAR DE TUS SUEÑOS",280057-2337
inmoclick:280057-2338,inmoclick,280057,2338,https://inmoclick.com/280057-openhouse-inmobiliaria/inmuebles/2338/ficha/departamento-en-alquiler-en-dr-leloir-91-esquina-dr-milstein,2026-09-09,,550000.0,ARS,11000.0,50.0,,,1.0,1.0,Departamento,Alquiler,Muy Bueno,8.0,Capital,Mendoza,Dr. Leloir 91 esquina Dr.Milstein,-32.8712337,-68.8814527,,1.0,,,,,,,openhouse inmobiliaria,Inmobiliaria,False,False,,"OPENHOUSE alquila departamento frente Barrio Dalvian.

Departamento amplio, cómodo y muy luminoso, en una excelente ubicación.

-Características: 

.1 dormitorio con placard
.Cocina-comedor
.Baño completo
.Balcón
.Cochera
.Ambientes luminosos y cómodos

Ubicación privilegiada: frente al Barrio Dalvian, rodeado de locales comerciales y servicios, con fácil acceso.

- Consultanos para más información y coordinar una visita.

Si te interesa, no dudes en contactarnos!

V.G

OPENHOUSE EL HOGAR DE TUS SUEÑOS",280057-2338
inmoclick:280057-2404,inmoclick,280057,2404,https://inmoclick.com/280057-openhouse-inmobiliaria/inmuebles/2404/ficha/departamento-en-alquiler-en-rufino-ortega-5ta-seccion,2026-09-09,,900.0,USD,12.0,75.0,,,2.0,2.0,Departamento,Alquiler,Excelente,3.0,Capital,Mendoza,"RUFINO ORTEGA, 5TA SECCIÓN",-32.8898708,-68.8608013,,,,,,156000.0,,,openhouse inmobiliaria,Inmobiliaria,False,False,,"OPENHOUSE inmobiliaria alquila fantástico departamento AMOBLADO en 5ta Sección, Mendoza.

Ubicado en la 5ta sección de la Ciudad de Mendoza, a una cuadra del parque Gral. San Martín y de la calle Arístides Villanueva, se rodea de un entorno único y natural.
Características:

-Amplio living comedor, espacioso y muy luminoso
-Cocina completa integrada con anafe, horno empotrado, extractor, heladera y equipamiento
-2 habitaciones con camas matrimoniales
-2 baños
-1 amplio balcón
Se encuentra en excelente estado de conservación, totalmente AMOBLADO Y EQUIPADO.

El edificio cuenta con seguridad las 24hs, portón eléctrico, cochera propia para cada vehículo.

En el último piso se ubica una terraza con hermosas vistas, un SUM completamente equipado con mobiliario, vajilla, heladeras, horno microondas y dos parrillas.
En el subsuelo se encuentra la lavandería con lavarropas y secarropas industriales.
Para más información y coordinar una visita no dudes en contactar a la asesora de esta propiedad.

M.S

OPENHOUSE EL HOGAR DE TUS SUEÑOS",280057-2404
inmoclick:280057-2405,inmoclick,280057,2405,https://inmoclick.com/280057-openhouse-inmobiliaria/inmuebles/2405/ficha/departamento-en-alquiler-en-rufino-ortega-5ta-seccion,2026-09-09,,1200000.0,ARS,16000.0,75.0,,,2.0,2.0,Departamento,Alquiler,Excelente,3.0,Capital,Mendoza,"RUFINO ORTEGA, 5TA SECCIÓN",-32.8898708,-68.8608013,,,,,,156000.0,,,openhouse inmobiliaria,Inmobiliaria,False,False,,"OPENHOUSE inmobiliaria alquila fantástico departamento en Quinta Sección, Mendoza.

Ubicado en la 5ta sección de la Ciudad de Mendoza, a una cuadra del parque Gral. San Martín y de la calle Arístides Villanueva, se rodea de un entorno único y natural.
Es un departamento frontal y cuenta con:

-Amplio living comedor, espacioso y muy luminoso
-Cocina completa integrada con anafe, horno empotrado y extractor. Amoblamiento de primera calidad
-2 habitaciones
-2 baños
-1 amplio balcón
Se encuentra en excelente estado de conservación, tiene placares empotrados y la habitación principal tiene vestidor y baño en suite.

El edificio cuenta con seguridad las 24hs, portón eléctrico, cochera propia para cada vehículo.

En el último piso se ubica una terraza con hermosas vistas, un SUM completamente equipado con mobiliario, vajilla, heladeras, horno microondas y dos parrillas.
En el subsuelo se encuentra la lavandería con lavarropas y secarropas industriales.
Para más información y coordinar una visita no dudes en contactar a la asesora de esta propiedad.

M.S

OPENHOUSE EL HOGAR DE TUS SUEÑOS",280057-2405
inmoclick:280057-2411,inmoclick,280057,2411,https://inmoclick.com/280057-openhouse-inmobiliaria/inmuebles/2411/ficha/departamento-en-alquiler-en-frente-al-dalvian,2026-09-09,,500000.0,ARS,11111.111111111111,45.0,,,1.0,1.0,Departamento,Alquiler,---,,Capital,Mendoza,FRENTE AL DALVIAN,-32.8714705796,-68.881352726,,,,,,28000.0,,,openhouse inmobiliaria,Inmobiliaria,False,False,,"OPENHOUSE ALQUILA departamento de 1 dormitorio

Cómodo departamento ubicado sobre calle Dr. Miyara, detrás del Centro Comercial Lomas y frente al Barrio Dalvian. Se encuentra dentro de un complejo cerrado, en una zona tranquila, segura y con excelente conectividad.

La propiedad está ubicada en un primer piso por escalera y resulta ideal para una persona o pareja que busque comodidad y cercanía a comercios, servicios y principales accesos.

Características:

-Living comedor
-Cocina
-1 dormitorio con balcón frontal
-Baño completo

Otras características:

-Primer piso por escalera
-Ubicado en complejo cerrado
-Excelente ubicación
-Detrás del Centro Comercial Lomas
-Frente al Barrio Dalvian
-Cercanía a comercios y servicios
-Rápido acceso a la Ciudad de Mendoza

Una excelente opción para quienes buscan vivir en un entorno tranquilo, con buena ubicación y todo lo necesario a pocos minutos.
COCHERA OPCIONAL por $50.000 extra

Consultanos para más información o coordinar una visita.

OPENHOUSE GROUP

MT",280057-2411
inmoclick:280057-2427,inmoclick,280057,2427,https://inmoclick.com/280057-openhouse-inmobiliaria/inmuebles/2427/ficha/departamento-en-alquiler-en-9-de-julio-ciudad,2026-09-09,,490000.0,ARS,8166.666666666667,60.0,60.0,,1.0,1.0,Departamento,Alquiler,---,30.0,Capital,Mendoza,"9 DE JULIO, CIUDAD",-32.8918490801,-68.8411636028,,1.0,,,,60000.0,,,openhouse inmobiliaria,Inmobiliaria,False,False,,"OPENHOUSE ALQUILA Departamento en Ciudad de Mendoza

Excelente departamento frontal ubicado sobre calle 9 de Julio, a tan solo una cuadra de Plaza España, en pleno centro de la Ciudad de Mendoza. Su ubicación privilegiada brinda rápido acceso a comercios, bancos, restaurantes, transporte público y los principales puntos de interés de la ciudad.

Distribución:

-Cocina independiente
-Living comedor
-1 dormitorio con amplio placard
-Baño completo

Características:

-Departamento frontal
-Segundo piso
-Pisos de parquet plastificado
-Todos los servicios
-Edificio con seguridad presencial monitoreada 24 hs y entrada independiente con rampa para personas con movilidad reducida
-Bajas expensas ($60.000)
-Excelente estado de conservación
-Excelente ubicación, a una cuadra de Plaza España

Una excelente opción para quienes buscan vivir en el centro de Mendoza, con la comodidad de tener todos los servicios y una ubicación estratégica.

OPENHOUSE GROUP

M.T",280057-2427
inmoclick:280057-2436,inmoclick,280057,2436,https://inmoclick.com/280057-openhouse-inmobiliaria/inmuebles/2436/ficha/departamento-en-alquiler-en-frente-al-dalvian,2026-09-09,,750.0,USD,7.5,100.0,,,2.0,2.0,Departamento,Alquiler,---,,Capital,Mendoza,FRENTE AL DALVIAN,-32.8738759012,-68.8795047044,,,,,,,,,openhouse inmobiliaria,Inmobiliaria,False,False,,"OPENHOUSE alquila impecable dúplex ubicado en Complejo La Lola, frente a Barrio Dalvian, en una zona residencial con excelente acceso y cercanía a comercios y servicios.

La propiedad cuenta con aproximadamente 100 m² y se desarrolla en dos plantas, con ambientes amplios, funcionales y muy bien mantenidos.

Características:

-Living comedor con chimenea a leña
-Cocina amplia con gran espacio de guardado
-2 dormitorios
-Lavandería
-2 baños: toilette en planta baja y baño completo con antebaño en planta alta
-Escritorio
-Patio con jardín
-Churrasquera
-Cochera techada

Otras características:

-100 m² aproximadamente
-Pisos de madera de eucalipto en casi toda la propiedad
-Cocina a gas con extractor
-Espacio para heladera
-Espacio para lavarropas con pileta de lavar
-Termotanque a gas ubicado en el patio
-Mueble de guardado para ropa
-Aire acondicionado en planta alta
-Portón manual en cochera
-Excelente estado de conservación
-Ubicación privilegiada frente a Barrio Dalvian

Una excelente opción para quienes buscan comodidad, buena distribución y un entorno tranquilo, con rápidos accesos a la Ciudad de Mendoza.

Consultanos para más información o coordinar una visita.

J.K",280057-2436
inmoclick:280057-2438,inmoclick,280057,2438,https://inmoclick.com/280057-openhouse-inmobiliaria/inmuebles/2438/ficha/departamento-en-alquiler-en-barrio-champagnatm5500-capital-mendoza,2026-09-09,,580000.0,ARS,,,,,3.0,1.0,Departamento,Alquiler,Muy Bueno,30.0,Capital,Mendoza,"Barrio ChampagnatM5500 Capital, Mendoza",-32.873058,-68.8811564,,2.0,,,,,,,openhouse inmobiliaria,Inmobiliaria,False,False,,"OPENHOUSE alquila departamento en ciudad.

Te presentamos un dúplex en primer piso, con todas las comodidades de una casa, en cercanías a UNC, centro comercial Lomas, parque Gral. San Martín, a pocos minutos de la ciudad.

Primer piso: 

•	Doble ingreso
•	Cocina y lavandería independiente
•	Espacio para despensa
•	Living comedor
•	Balcón frontal hacia el oeste

Planta alta:

•	3 dormitorios
•	Baño amplio y completo
•	Balcón

Importante: NO PAGA EXPENSAS

NO DEJES PASAR ESTA OPORTUNIDAD!!!
LLAMAME AL 261 2628757

OPENHOUSE EL HOGAR DE TUS SUEÑOS",280057-2438
inmoclick:280057-2455,inmoclick,280057,2455,https://inmoclick.com/280057-openhouse-inmobiliaria/inmuebles/2455/ficha/departamento-en-alquiler-en-rufino-ortega-5ta-seccion,2026-09-09,,1100000.0,ARS,14666.666666666666,75.0,,,2.0,2.0,Departamento,Alquiler,Excelente,3.0,Capital,Mendoza,"RUFINO ORTEGA, 5TA SECCIÓN",-32.889869,-68.860792,,,,,,156000.0,,,openhouse inmobiliaria,Inmobiliaria,False,False,,"OPENHOUSE inmobiliaria alquila fantástico departamento en Quinta Sección, Mendoza.

Ubicado en la 5ta sección de la Ciudad de Mendoza, a una cuadra del parque Gral. San Martín y de la calle Arístides Villanueva, se rodea de un entorno único y natural.

Es un departamento frontal y cuenta con:

-Amplio living comedor, espacioso y muy luminoso
-Cocina completa integrada con anafe, horno empotrado y extractor. Amoblamiento de primera calidad
-2 habitaciones
-2 baños
-1 amplio balcón

Se encuentra en excelente estado de conservación, tiene placares empotrados y la habitación principal tiene vestidor y baño en suite.

El edificio cuenta con seguridad las 24hs, portón eléctrico, cochera propia para cada vehículo.

En el último piso se ubica una terraza con hermosas vistas, un SUM completamente equipado con mobiliario, vajilla, heladeras, horno microondas y dos parrillas.

En el subsuelo se encuentra la lavandería con lavarropas y secarropas industriales.

Para más información y coordinar una visita no dudes en contactar a la asesora de esta propiedad.

A.R

OPENHOUSE EL HOGAR DE TUS SUEÑOS",280057-2455
inmoclick:280057-2477,inmoclick,280057,2477,https://inmoclick.com/280057-openhouse-inmobiliaria/inmuebles/2477/ficha/departamento-en-alquiler-en-lisandro-de-la-torre-y-zarate,2026-09-09,,600000.0,ARS,,,,,1.0,1.0,Departamento,Alquiler,---,,Capital,Mendoza,LISANDRO DE LA TORRE Y ZÁRATE,-32.9006329,-68.8390519,,,,,,77000.0,,,openhouse inmobiliaria,Inmobiliaria,False,False,,"OPENHOUSE alquila departamento en Ciudad, en calles Lisandro de la Torre y Zárate. Excelente ubicación.

Se trata de un departamento ubicado en un 1er piso. El edificio además cuenta con un espacio increíble en último piso para reuniones con familiares o amigos, con cocina y churrasquera.

CARACTERÍSTICAS:

-1 dormitorios con pisos parquet y placard de madera amplio.

-Baño completo

-Cocina con alacenas y bajo mesada

-Termotanque

-Living comedor

-Espacio techado de gym al aire libre y espacios verdes

-Todos los servicios

(No se permiten mascotas)

Es super luminoso y cuenta con persianas americanas de madera

Expensas: $ 77.000

Depósito: 600 USD

V.G

OPENHOUSE EL HOGAR DE TUS SUEÑOS.",280057-2477
inmoclick:280524-15,inmoclick,280524,15,https://inmoclick.com/280524-placeres-inmobiliaria/inmuebles/15/ficha/departamento-en-alquiler-en-complejo-villa-mediterranea,2026-09-09,,600000.0,ARS,13333.333333333334,45.0,45.0,,,1.0,Departamento,Alquiler,Excelente,,Godoy Cruz,Mendoza,Complejo Villa Mediterranea,-32.902493246813584,-68.85713766106932,Garage/Cochera,,,,,250000.0,False,,placeres inmobiliaria,Inmobiliaria,False,False,,"ALQUILA – Monoambiente con amenities ✨

📍 Godoy Cruz, Mendoza

Monoambiente moderno de 43 m², muy luminoso, con amplio ambiente integrado, baño completo y cochera.

Edificio con amenities tipo resort: piscina, piscina climatizada, gimnasio, sauna, SUM y espacios de relax.

💎 Ideal para quienes buscan confort, seguridad y ubicación privilegiada.

📩 Consultanos para visitarlo",280524-15
inmoclick:280524-34,inmoclick,280524,34,https://inmoclick.com/280524-placeres-inmobiliaria/inmuebles/34/ficha/departamento-en-alquiler-en-calle-san-martin-1077,2026-09-09,,1200000.0,ARS,6000.0,200.0,300.0,,3.0,3.0,Departamento,Alquiler,Excelente,,Lujan de Cuyo,Mendoza,Calle San Martin 1077,-33.030762041465735,-68.87638846931152,Garage Doble,,,,False,,False,,placeres inmobiliaria,Inmobiliaria,False,False,,"Placeres Inmobiliaria Alquila

Departamento ubicado en calle San Martín 1077, Luján de Cuyo, Mendoza. 

Tres habitaciones (piso de parquet)
Baño 
Cocina comedor muy amplios los espacios.
Dos baños
Cochera para 3 vehículos cubiertos 
Terraza con lavandería 
Churrasquera 
Primer piso
No se reciben mascotas.
200 mts2 cubiertos 

Alquiler $ 1.200.000

Requisitos: Mes de alquiler mes de depósito (2 cuotas) y mes de Honorarios (somos una inmobiliaria). 

Se pide bono de sueldo inquilino o certificación de ingresos y dos garantes con bono de sueldo.

Contrato de dos años con actualizaciones cuatrimestrales con índice del ipc",280524-34
inmoclick:281037-7,inmoclick,281037,7,https://inmoclick.com/281037-inmobiliaria-santos-angeles/inmuebles/7/ficha/departamento-en-alquiler-en-moyano-1551-quinta-seccion-capital-mendoza,2026-09-09,,595000.0,ARS,9916.666666666666,60.0,60.0,,1.0,1.0,Departamento,Alquiler,Muy Bueno,,Capital,Mendoza,"MOYANO 1551, QUINTA SECCIÓN, CAPITAL, MENDOZA",-32.8837370765059,-68.85001639206543,Garage/Cochera,,,,,200000.0,False,,inmobiliaria santos angeles,Inmobiliaria,False,False,,"🏡 EXCLUSIVO DEPARTAMENTO DÚPLEX ESTILO LOFT EN QUINTA SECCIÓN
✨ Si buscás diseño moderno, excelente ubicación y vistas únicas, este departamento es una oportunidad imperdible.
Ubicado sobre Moyano 1.551, a metros de Juan B. Justo, dentro de una de las zonas residenciales más valoradas de Ciudad de Mendoza, este loft dúplex ofrece comodidad, funcionalidad y una estética contemporánea que enamora desde el primer momento.
📍 Ubicación
✔️ Moyano 1.551
✔️ Quinta Sección - Ciudad de Mendoza
✔️ A pocas cuadras del Parque General San Martín
✔️ Cercano a supermercados, colegios, farmacias y servicios
✔️ Excelente conectividad
✨ Características
✅ Departamento dúplex estilo loft
✅ Sexto piso por ascensor o escalera
✅ Vista panorámica abierta hacia el Norte
✅ Amplios ventanales con gran luminosidad natural
✅ Superficie distribuida en dos plantas
Planta Baja
✅ Cocina con impecables amoblamientos
✅ Comedor integrado
✅ Toilette de visitas
✅ Balcón privado
Planta Alta
✅ Dormitorio amplio
✅ Placard de gran capacidad
✅ Baño privado completo
⭐ Beneficios destacados
✅ Diseño moderno y minimalista
✅ Pisos de porcelanato
✅ Aire acondicionado frío/calor
✅ Cortinas roller blackout
✅ Cochera amplia apta camioneta doble cabina
✅ Vistas panorámicas a la ciudad y la montaña
✅ Espacios integrados y funcionales
🏢 Comodidades del edificio
✅ Seguridad 24 horas
✅ Ingresos automatizados
✅ Salón de eventos con parrillas
✅ Ascensor
💰 Condiciones
💰 Alquiler mensual: $595.000
✅ Depósito de garantía financiado 
✅ Honorarios inmobiliarios
✅ Certificación de firmas
✅ Posibilidad de evaluar Seguro de Caución
✅ Opción amueblado
📌 Servicios a cargo del locatario
✔️ Luz
✔️ Aguas Mendocinas
✔️ Municipalidad
✔️ Expensas
✔️ Seguro contra incendio
📌 Requisitos
✔️ Inquilino con DNI y último recibo de sueldo o ingresos comprobables
✔️ Dos garantes con: recibo de sueldo
📞 Coordiná tu visita y conocé este exclusivo loft con una de las mejores ubicaciones y vistas de la Ciudad de Mendoza.
SANTOS ÁNGELES INMOBILIARIA® – Matr. 1400 🏡✨",281037-7
inmoclick:281037-9,inmoclick,281037,9,https://inmoclick.com/281037-inmobiliaria-santos-angeles/inmuebles/9/ficha/departamento-en-alquiler-en-pellegrini-y-paso-los-andes,2026-09-09,,600000.0,ARS,13333.333333333334,45.0,45.0,,1.0,1.0,Departamento,Alquiler,Muy Bueno,,Godoy Cruz,Mendoza,Pellegrini y Paso los Andes,-32.90822742489678,-68.860879,Garage/Cochera,,,,,,,,inmobiliaria santos angeles,Inmobiliaria,False,False,,"🏢 DEPARTAMENTO EN ALQUILER – GODOY CRUZ
✨ Viví con más comodidad, estilo y todo al alcance de tu mano.
Ideal para quienes buscan un departamento moderno, luminoso y listo para mudarse, en una de las zonas más buscadas de Godoy Cruz.
✔️ A metros de Paso de los Andes
✔️ Cerca de supermercados, colegios y farmacias
✔️ Excelente entorno residencial
✔️ Muy luminoso y moderno
✔️Bajas Expensas
✨ Características:
✅ 2° piso con ascensor o escalera
✅ Living comedor con cocina integrada
✅ Cocina totalmente equipada con artefactos a estrenar
✅ 1 dormitorio amplio con placard
✅ Baño completo con artefactos de calidad
✅ Pisos de porcelanato
✅ Ventanas con roller black out
⭐ Extras que marcan la diferencia
✅ 2 aires acondicionados frío/calor
✅ Cochera en el complejo (apta para camioneta doble cabina)
✅ Bajas expensas
✅ Se acepta mascota pequeña 🐾
💰 Alquiler: $600.000 mensuales
📈 Ajuste cuatrimestral según ICL
✅ Depósito de garantía financiado
✅ Honorarios inmobiliarios + certificación de firmas
📌 Requisitos y gastos:
✔️ Empleo en planta permanente y antigüedad laboral
✔️ 2 o 3 garantes con bono de sueldo
✔️ Mes de alquiler vigente
✔️ Servicios y expensas correspondientes
📞 Tu próxima propiedad podría estar a un mensaje de distancia. ¡Escribinos ahora!
SANTOS ÁNGELES INMOBILIARIA® – Matr. 1400 🏡✨",281037-9
inmoclick:284131-29,inmoclick,284131,29,https://inmoclick.com/284131-redi-propiedades-diseno/inmuebles/29/ficha/departamento-en-alquiler-en-tartagal,2026-09-09,,350000.0,ARS,7000.0,50.0,50.0,,1.0,1.0,Departamento,Alquiler,Bueno,5.0,Guaymallen,Mendoza,TARTAGAL,-32.898678300000014,-68.81429082698362,Sin Cochera,,,,False,,False,,redi propiedades diseno,Inmobiliaria,False,False,,"SE ALQUILA DEPARTAMENTO UBICADO EN CALLE TARAGAL DE GUALMALLEN.

EL INMUEBLE SE ENCUENTRA EN PLANTA ALTA Y ES INTERNO. 
POSEE UNA COCINA COMEDOR CON AMOBLAMIENTOS, UN DORMITORIO SIN PLACAR Y UN BAÑO.
SIN COCHERA

- SE ALQUILA PARA UNA DOS PERSONAS COMO MAXIMO- 

VALOR DEL ALQUILER $350.000
AJUSTE CUATRIMESTRAL",284131-29
inmoclick:284716-3,inmoclick,284716,3,https://inmoclick.com/284716-rodrigo-aparicio/inmuebles/3/ficha/departamento-en-alquiler-en-av-espana-1057,2026-09-09,,550000.0,ARS,9166.666666666666,60.0,60.0,4.0,2.0,1.0,Departamento,Alquiler,Muy Bueno,40.0,Capital,Mendoza,Av. España 1057,-32.8905225693004,-68.84179528950017,Sin Cochera,1.0,False,False,,,False,,rodrigo aparicio,Dueno Directo,True,False,,"Alquilo departamento en Av. España 1057, casi peatonal Sarmiento. Edificio con seguridad las 24 hs. con ascensor. El departamento cuenta con dos dormitorios, baño completo, cocina con lavadero y comedor independiente. El comedor y la cocina cuentan con dos entradas independientes. El departamento se encuentra disponible a partir del 1 de octubre. Se pide un mes de depósito en garantía, mes vivido y dos garantes con bono de sueldo o propietarios.",284716-3
inmoclick:284930-7,inmoclick,284930,7,https://inmoclick.com/284930-maria-dolores-velasco/inmuebles/7/ficha/departamento-en-alquiler-en-salta-y-alberdi,2026-09-09,,750000.0,ARS,9375.0,80.0,80.0,5.0,3.0,2.0,Departamento,Alquiler,Excelente,25.0,Capital,Mendoza,Salta y Alberdi,-32.88028760666554,-68.8338645460327,Sin Cochera,1.0,,,,40000.0,False,,maria dolores velasco,Dueno Directo,True,False,,"Departamento en alquiler.

.Cocina
.Comedor amplio.
.3 habitaciones.
.Baño y toilette.
.Con patio interno.
.1er piso.

Departamento muy amplio y en excelentes condiciones.

Requisitos:

* Alquiler mensual: $750.000.
* Ajuste por ICL cada 4 meses.
* Se solicita recibo de sueldo del inquilino.
* 2 garantes con recibo de sueldo y antigüedad laboral.
* Contrato por 2 años.
* Como garantía, se solicita documento por un monto equivalente a 3 meses de alquiler.
* Al finalizar el contrato, el inquilino deberá abonar el costo de pintura y mano de obra para dejar la propiedad en las condiciones correspondientes.
* Comisión inmobiliaria: equivalente a 1 mes de alquiler.
* El inquilino abona la certificación de firmas ante escribanía.",284930-7
inmoclick:284935-14,inmoclick,284935,14,https://inmoclick.com/284935-agueero-propiedades-bienes-raices/inmuebles/14/ficha/departamento-en-alquiler-en-25-de-mayo-750-ciudad,2026-09-09,,900000.0,ARS,11688.311688311687,77.0,108.0,,2.0,2.0,Departamento,Alquiler,Excelente,34.0,Capital,Mendoza,25 de mayo 750 ciudad,,,Sin Cochera,,,False,,125000.0,False,,agueero propiedades bienes raices,Inmobiliaria,False,False,,"AGÚERO PROPIEDADES ALQUILA DEPARTAMENTO, ubicado en calle 25 de Mayo 750, Ciudad Mendoza. Luminoso y bien distribuido, este departamento en el 7° piso del Edificio Santo de la Espada ofrece un ambiente cálido y funcional para quienes buscan confort y estilo en Ciudad Mendoza. Los ambientes amplios y proporcionados permiten crear un hogar acogedor y versátil: desde un living comedor cómodo para el día a día hasta un rincón de trabajo o lectura. El balcón aporta un espacio exterior propio para disfrutar del aire y los primeros rayos del sol.

Características principales:
- 🛏️ 2 dormitorios
- 🛋️ Amplio estar-comedor (living-comedor)
- 🍽️ Cocina independiente
- 🌅 Balcón
- 🚿 2 Baños
- 🚽 Toilette
- 📦 Baulera en subsuelo
- 🏢 Edificio: Santo de la Espada — 7° piso
- 📍 Dirección: 25 de Mayo 750, Ciudad Mendoza

La cocina independiente facilita la organización y mantiene la privacidad en las actividades culinarias. Contar con baño completo y toilette mejora la circulación del hogar y la comodidad de las visitas. La baulera en subsuelo aporta un valioso espacio de guardado que ayuda a mantener los ambientes despejados y funcionales.

Su distribución práctica y la luminosidad de los ambientes crean una sensación de amplitud y bienestar. Coordina una visita para sentir en persona la atmósfera y visualizar las posibilidades que ofrece este departamento.",284935-14
inmoclick:284993-14,inmoclick,284993,14,https://inmoclick.com/284993-lp-servicios-inmobiliarios/inmuebles/14/ficha/departamento-en-alquiler-en-federico-moreno-n0-n02447,2026-09-09,,600000.0,ARS,7594.93670886076,79.0,80.0,4.0,2.0,1.0,Departamento,Alquiler,Excelente,10.0,Capital,Mendoza,FEDERICO MORENO N° N°2447,-32.8746129,-68.8320301,Sin Cochera,1.0,,False,,45000.0,False,,lp servicios inmobiliarios,Inmobiliaria,False,False,,"**LP SERVICIOS INMOBILIARIOS ALQUILA**
*DEPARTAMENTO EXCELENTE UBICACION**
**IMPORTANTE REQUISITO : SOLO SE ACPTAN HASTA DOS PERSONAS ADULTAS ***

En una ubicación privilegiada de Mendoza Capital, en la 4.ª Sección Área Fundacional, se encuentra este hermoso departamento casi a estrenar en planta baja. Con una superficie total de 80m2, este acogedor espacio cuenta con una cocina comedor amplia y luminosa, 2 dormitorios con placares, un baño completo y un patio en común. 
La propiedad se encuentra en excelente estado de conservación, con una antigüedad de 10 años, equipada con aire acondicionado para mayor confort. Las expensas, cuyo valor es de $45000, aseguran el mantenimiento de las áreas comunes.

Ideal para máximo 1 o 2 personas adultas, este departamento no acepta mascotas y es perfecto para estudiantes o para aquellos que deseen alquilarlo para turismo o subalquiler. Se requiere presentar garantías de solicitante y garantes con bonos de sueldo que dupliquen o tripliquen el valor del canon . En caso de presentar garantía de garante propietario, la propiedad debe tener características y valor similares al inmueble locado.

Además, la zona escolar cercana brinda la oportunidad de acceder a instituciones educativas de calidad. No dudes en contactarnos a través de WhatsApp para obtener más información sobre este increíble departamento en alquiler en Mendoza.

**Características adicionales:**
- Dormitorios: 2
- Baños: 1
- Superficie Cubierta: 79m2
- Cantidad de Ambientes: 5
***Importante :
por favor en la consulta agregar : cuantas personas habitarían en el inmueble ? donde trabaja , o especialidad, ? gracias .

¡No pierdas la oportunidad de vivir en este acogedor y bien ubicado departamento en Mendoza Capital!

***Podes consultarnos por whatsapp y a la brevedad nos comunicamos",284993-14
inmoclick:284993-18,inmoclick,284993,18,https://inmoclick.com/284993-lp-servicios-inmobiliarios/inmuebles/18/ficha/departamento-en-alquiler-en-calle-bahia-blanca-y-bolivia-b0-plan-20-21,2026-09-09,,700000.0,ARS,11666.666666666666,60.0,65.0,2.0,2.0,1.0,Departamento,Alquiler,Excelente,6.0,Lujan de Cuyo,Mendoza,CALLE BAHIA BLANCA Y BOLIVIA B° PLAN 20 21,-32.96348801240555,-68.84588383263306,Cochera Pasante,,,,,35000.0,,,lp servicios inmobiliarios,Inmobiliaria,False,False,,"LP SERVICIOS INMOBILIARIOS ALQUILA

En una ubicación privilegiada en Carrodilla, Luján de Cuyo, se encuentra este hermoso departamento en alquiler. Con una antigüedad de tan solo 6 meses, esta propiedad se destaca por su excelente estado de conservación y sus 60m2 de superficie cubierta.

Al ingresar, nos encontramos con un amplio living que brinda un ambiente acogedor y luminoso. La cocina, integrada al living, cuenta con muebles bajo mesada y alacena, ofreciendo un espacio funcional y moderno para disfrutar de momentos en familia.

El departamento dispone de 2 dormitorios con placares empotrados, ideales para mantener el orden y la organización. El baño completo se encuentra en óptimas condiciones, listo para ser utilizado. Además, la propiedad cuenta con un patio, perfecto para disfrutar del aire libre y relajarse al aire libre.

Una de las ventajas de esta propiedad es su cochera techada pasante, que brinda comodidad y seguridad para resguardar tu vehículo. Además, tiene expensas de $35000 y se encuentra en una zona escolar, ideal para familias con niños. 

Por si fuera poco, se aceptan mascotas, lo que te brinda la posibilidad de vivir con tus compañeros peludos sin preocupaciones.

No dejes pasar esta oportunidad de alquilar un departamento en una de las zonas más buscadas de Luján de Cuyo. ¡Contáctanos para más información y agendar una visita!",284993-18
inmoclick:284993-20,inmoclick,284993,20,https://inmoclick.com/284993-lp-servicios-inmobiliarios/inmuebles/20/ficha/departamento-en-alquiler-en-b0-privado-perinetti-norte-calle-dr-perinetti,2026-09-09,,700000.0,ARS,10769.23076923077,65.0,65.0,4.0,2.0,2.0,Departamento,Alquiler,Excelente,,Las Heras,Mendoza,"B° PRIVADO PERINETTI NORTE CALLE DR PERINETTI,",-32.8618481,-68.8799653,Cochera Pasante,2.0,,,,65000.0,,,lp servicios inmobiliarios,Inmobiliaria,False,False,,"LP SERVICIOS INMOBILIARIOS ALQUILA **

En una de las zonas más atractivas y tranquilas de El Challao se encuentra este cómodo y luminoso departamento tipo duplex de dos plantas , ubicado en Calle Dr Perinetti Norte privado, cerrado y con acceso rápido a supermercados, centros comerciales y escuelas, es una opción ideal para quienes buscan calidad de vida sin alejarse de la ciudad.

El departamento ofrece una distribución muy práctica y confortable. Cuenta en :
Planta alta : con dos dormitorios: cada uno de ellos con placard . Posee 1 baño completo con bañera, con excelentes terminaciones.
Planta baja: El living comedor es amplio y luminoso, con puerta ventana con salida al patio con churrasquera y muy buena ventilación natural. La cocina se presenta totalmente equipada, con mesada de granito, doble bacha, mueble bajo mesada, alacena, y cajones, en planta baja posee 1 baño mas de servicio.

cochera cubierta para un vehículo

Un departamento moderno, bien distribuido y en una ubicación privilegiada, ideal para quienes buscan comodidad, seguridad y un entorno agradable.",284993-20
inmoclick:285088-2,inmoclick,285088,2,https://inmoclick.com/285088-carlos-juarez/inmuebles/2/ficha/loft-en-alquiler-en-espana-1340,2026-09-09,,350000.0,ARS,5833.333333333333,60.0,65.0,,,1.0,Loft,Alquiler,Excelente,9.0,Las Heras,Mendoza,España 1340,-32.85203469799237,-68.83625934609739,Garage/Cochera,,False,False,False,,False,,carlos juarez,Dueno Directo,True,False,,"$. 
Dueño alquila Monoambiente en calle España, entre Espejo y Roca de Las Heras.

En Complejo cerrado. Planta Alta. $

2 cuadras de calle San Martín, cercano a la Clínica Las Heras. Excelente comunicación, a 4 cuadras del Metrotranvía.

El departamento consta de:

Monoambiente de aproximadamente 60 m2

Piso de madera

1 baño amplio y completo con todos sus accesorios.

Cocina-comedor con bajo mesada.

Patiecito-lavandería.

Muy luminoso.

Leonera.

Cochera opcional. $50000

Es para persona sola o pareja, SIN niños.

NO se aceptan mascotas de ningún tipo y tamaño.

Expensas incluidas en el valor del alquiler.

Para información y visitas, comunicarse de 8:30 a 13:30 y de 16:30 a 20:30.",285088-2
inmoclick:286471-4,inmoclick,286471,4,https://inmoclick.com/286471-villa-servicios-inmobiliarios/inmuebles/4/ficha/departamento-en-alquiler-en-civit-1340,2026-09-09,,530000.0,ARS,12619.047619047618,42.0,42.0,2.0,1.0,1.0,Departamento,Alquiler,Muy Bueno,10.0,Guaymallen,Mendoza,Civit 1340,-32.8866442,-68.81391909999999,Garage/Cochera,1.0,,,,50000.0,,,villa servicios inmobiliarios,Inmobiliaria,False,False,,"Villa Servicios Inmobiliarios presenta en alquiler un cómodo departamento en el Complejo Lancatay de San José, Guaymallén, ubicado frente al Centro Cultural Julio Le Parc. El inmueble ofrece una distribución práctica y cálida, perfecta para una persona o pareja: ambientes integrados que facilitan el día a día, un balcón que suma luminosidad y aire, y cochera para un vehículo.

Características principales:
- 🛏️ 1 dormitorio
- 🚿 1 baño
- 🍽️ Cocina funcional
- 🛋️ Estar comedor
- 🌅 Balcón
- 🚗 Cochera para un vehículo
- 📍 Frente al Centro Cultural Julio Le Parc
- Apto mascota (gato)
- Paga expensas

Beneficios destacados:
Disfrutarás de un espacio cómodo y fácil de mantener, con buena entrada de luz natural desde el balcón y una distribución que permite aprovechar cada ambiente. La ubicación frente al centro cultural aporta un atractivo extra: opciones de actividades, espectáculos y un entorno con identidad. La cochera incluida suma comodidad y seguridad para el día a día.

Condiciones de alquiler:
- Contrato por 2 años
- Canon: $530.000
- Depósito: $530.000
- Garantes (2) con bono.
- Firma del contrato ante escribana
- Honorarios profesionales

Si buscas un hogar práctico y bien ubicado en Guaymallén, este departamento es una excelente opción. Consultá por visitas.",286471-4
inmoclick:28649-7,inmoclick,28649,7,https://inmoclick.com/28649-urbanismo/inmuebles/7/ficha/departamento-en-alquiler-en-almirante-brown-n01767,2026-09-09,,550000.0,ARS,9166.666666666666,60.0,60.0,,2.0,1.0,Departamento,Alquiler,Muy Bueno,,Las Heras,Mendoza,Almirante Brown N°1767,-32.8461648,-68.8554139,Sin Cochera,,False,False,False,,False,,urbanismo,Inmobiliaria,False,False,,"Inmobiliaria Urbanismo alquila departamento en Barrio Solares de Brown, calle Almirante Brown N°1767, Las Heras, entre calles Perú y Boulogne Sur Mer.
El departamento se encuentra en planta alta, acceso por escaleras, y consta de:
° Cocina completa (con amoblamiento superior e inferior, artefacto de cocina, termotanque), integrada al comedor (con calefactor)
° Dos dormitorios con placares
° Baño completo con sus artefactos y griferías
° Cochera techada para un vehículo

No se pagan expensas, sólo gastos comunes
El mes de depósito NO se paga en efectivo
Contrato por 2 años
Aumento cuatrimestral
Índice ICL",28649-7
inmoclick:28649-8,inmoclick,28649,8,https://inmoclick.com/28649-urbanismo/inmuebles/8/ficha/departamento-en-alquiler-en-almirante-brown-n01767,2026-09-09,,450000.0,ARS,10000.0,45.0,45.0,,1.0,1.0,Departamento,Alquiler,Excelente,5.0,Las Heras,Mendoza,Almirante Brown N°1767,-32.8461648,-68.8554139,Sin Cochera,,False,False,False,,False,,urbanismo,Inmobiliaria,False,False,,"Inmobiliaria Urbanismo alquila departamento en Barrio Solares de Brown, calle Almirante Brown N°1767, Las Heras, entre calles Perú y Boulogne Sur Mer.
El departamento se encuentra en planta alta, acceso por escaleras, y consta de:
° Cocina completa (con amoblamiento superior e inferior, artefacto de cocina, termotanque), integrada al comedor (con calefactor)
° Un dormitorio con placard
° Baño completo con sus artefactos y griferías

No se pagan expensas, sólo gastos comunes
El mes de depósito NO se paga en efectivo
Contrato por 2 años
Aumento cuatrimestral
Índice ICL",28649-8
inmoclick:287601-40,inmoclick,287601,40,https://inmoclick.com/287601-garach-gestiones-inmobiliarias/inmuebles/40/ficha/departamento-en-alquiler-en-san-juan-1179,2026-09-09,,750000.0,ARS,10714.285714285714,70.0,90.0,4.0,2.0,1.0,Departamento,Alquiler,Excelente,,Capital,Mendoza,San Juan 1179,-32.8901026,-68.8368547,Sin Cochera,,,,,80000.0,False,,garach gestiones inmobiliarias,Inmobiliaria,False,False,,"EN ALQUILER departamento ubicado sobre calle San Juan 1179, entre Garibaldi y Catamarca, en pleno centro de la Ciudad de Mendoza.

Si buscás una propiedad con excelente ubicación, funcionalidad y la posibilidad de adaptarla tanto a vivienda como a actividad profesional, esta puede ser una gran oportunidad.

Ubicado en una zona estratégica de la ciudad, con rápido acceso a organismos públicos, bancos, comercios, servicios y transporte, ofrece la comodidad de tener todo al alcance de la mano.

Características de la propiedad:

•Departamento en segundo piso al frente
•Acceso por ascensor o escalera
•2 dormitorios con placares
•1 baño completo
•Living comedor
•Cocina separada
•Totalmente amoblado
•2 equipos de aire acondicionado incluidos
•Expensas aproximadas: $80.000
•No posee cochera

Apto comercial

Por su ubicación y distribución, resulta ideal para diversos usos profesionales, tales como:

•Escribanía
•Estudio jurídico o contable
•Consultorios profesionales
•Centro de estética
•Oficinas administrativas
•Espacios de coworking
•Otros rubros compatibles con el reglamento del edificio

Una excelente alternativa para quienes buscan instalar su vivienda o desarrollar su actividad profesional en una de las zonas más prácticas y consolidadas de la Ciudad de Mendoza.

Consúltanos para más información o coordinar una visita.",287601-40
inmoclick:287778-43,inmoclick,287778,43,https://inmoclick.com/287778-mix-inmo/inmuebles/43/ficha/departamento-en-alquiler-en-lencinas-63-godoy-cruz,2026-09-09,,,,,60.0,74.0,2.0,1.0,2.0,Departamento,Alquiler,Excelente,20.0,Godoy Cruz,Mendoza,"Lencinas 63, Godoy Cruz",-32.9202513,-68.8464914,Garage,,False,False,,50000.0,False,No,mix inmo,Inmobiliaria,False,False,,"Loft de categoría en calle Lencinas, Godoy Cruz

Mix Inmo ofrece este destacado loft sobre calle Lencinas, emplazado en una zona residencial consolidada de Godoy Cruz, con conectividad inmediata y adyacente a la Quinta Sección. La propiedad destaca por su funcionalidad superior, ofreciendo áreas sociales y privadas claramente diferenciadas gracias a su excelente distribución con doble sanitario.

Distribución y detalles del espacio:

Área social: living-comedor integrado de excelente espacialidad y luminosidad, con acceso directo a balcón privado y un toilette de recepción ideal para visitas.

Área privada: un dormitorio principal muy luminoso con baño completo en suite.

Confort e infraestructura: cocina equipada con amoblamiento de alacena y bajo mesada, equipo de aire acondicionado instalado y sistema de alarma activo.

Cochera: unidad de estacionamiento techada con acceso cómodo, de 4 metros de largo, diseñada para el resguardo de vehículos medianos o compactos (ideal SUVs compactas, sedanes medianos o similares).

Servicios: gas natural activo.

Una propuesta cómoda y bien resuelta, ideal para matrimonios jóvenes que recién comienzan o profesionales independientes que buscan privacidad, confort y una ubicación estratégica a minutos del Parque General San Martín y del centro de Mendoza.

Valor: Consultar precio | Expensas: $50.000

31 

Expensas : $70.000",287778-43
inmoclick:288316-266,inmoclick,288316,266,https://inmoclick.com/288316-coldwell-banker-impacto-pro/inmuebles/266/ficha/departamento-en-alquiler-en-tita-merello-1,2026-09-09,,570000.0,ARS,,,,3.0,2.0,2.0,Departamento,Alquiler,---,,Guaymallen,Mendoza,TITA MERELLO 1,-32.9090727,-68.7539523,,,,,,40000.0,,,coldwell banker impacto pro,Inmobiliaria,False,False,,"Bienvenido a este atractivo departamento ubicado en el corazón de Villa Nueva de Guaymallén, Mendoza, en la dirección Tita Merello 1, Piso 4, Departamento 2. Este inmueble presenta una oportunidad única para quienes buscan un espacio moderno y funcional en una de las áreas más solicitadas de la región.

Con una orientación oeste, el departamento se beneficia de abundante luz natural, creando un ambiente cálido y acogedor. El diseño inteligente del espacio interior incluye dos habitaciones con placares bien distribuidas, proporcionando comodidad y privacidad.

El departamento cuenta con un baño completo y un toilette adicional, ideal para visitas. La cocina, equipada y práctica, se conecta con un amplio living comedor, perfecto para el entretenimiento y la convivencia familiar. Entre los espacios adicionales, se incluyen un balcón y una terraza que ofrecen vistas panorámicas a la montaña, ideales para disfrutar de momentos al aire libre.

La seguridad no es un problema aquí, con video cámaras instaladas en el edificio y la disponibilidad de ascensor que aseguran fácil acceso a todas las plantas. El estacionamiento cubierto es otro beneficio importante, con un espacio asignado para su vehículo.

Los servicios básicos están completamente cubiertos, incluyendo cloacas, gas natural, electricidad, pavimento, teléfono, agua potable y alumbrado público. Con una cuota de expensas de $40.000, este departamento ofrece una excelente relación calidad-precio en una localización que ofrece conectividad a vías de acceso rápido, todo tipo de comercios y líneas de transporte público.

Descubra el equilibrio perfecto entre confort y funcionalidad en este departamento que no solo es una vivienda, sino un estilo de vida. No pierda la oportunidad de hacer de este lugar su nuevo hogar.",288316-266
inmoclick:288316-273,inmoclick,288316,273,https://inmoclick.com/288316-coldwell-banker-impacto-pro/inmuebles/273/ficha/departamento-en-alquiler-en-calle-san-juan-entre-alem-y-garibaldi,2026-09-09,,850000.0,ARS,85000.0,10.0,,5.0,2.0,3.0,Departamento,Alquiler,Muy Bueno,30.0,Capital,Mendoza,calle san juan entre alem y garibaldi,-32.8919055,-68.8373628,,,,,,,,,coldwell banker impacto pro,Inmobiliaria,False,False,,,288316-273
inmoclick:289335-4,inmoclick,289335,4,https://inmoclick.com/289335-fantasia-desarrollos-inmobiliarios/inmuebles/4/ficha/departamento-en-alquiler-en-lateral-del-acceso,2026-09-09,,500000.0,ARS,9090.90909090909,55.0,90.0,6.0,2.0,1.0,Departamento,Alquiler,Muy Bueno,25.0,Guaymallen,Mendoza,Lateral del acceso,,,Garage/Cochera,1.0,False,False,,,False,,fantasia desarrollos inmobiliarios,Inmobiliaria,False,False,,"Se alquila propiedad ubicada en una zona privilegiada de Guaymallen, a metros de Mendoza Plaza Shopping, dentro de complejo cerrado con ingreso mediante portón automatizado. Con muy bajas expensas.

La propiedad cuenta con:

* 2 habitaciones
* Living-comedor
* Cocina
* 1 baño completo
* Balcón
* Cochera techada para un vehículo

Requisitos:

* Mes de alquiler adelantado
* Depósito de garantía
* Honorarios inmobiliarios
* Gastos de certificación de firmas

Condiciones:

* Contrato de locación por 2 años
* Actualización del canon locativo cada 3 meses según Índice de contrato de locación (ICL)",289335-4
inmoclick:289335-8,inmoclick,289335,8,https://inmoclick.com/289335-fantasia-desarrollos-inmobiliarios/inmuebles/8/ficha/departamento-en-alquiler-en-calle-mitre-2482,2026-09-09,,650000.0,ARS,7222.222222222223,90.0,100.0,6.0,2.0,1.0,Departamento,Alquiler,Muy Bueno,30.0,Capital,Mendoza,Calle Mitre 2482,,,Sin Cochera,1.0,False,,,70000.0,False,,fantasia desarrollos inmobiliarios,Inmobiliaria,False,False,,"Se alquila departamento totalmente amueblado, listo para habitar, a metros del Parque Central.
Ubicado en un edificio con ascensor, esta propiedad se destaca por su excelente ubicación, conectividad y comodidad, ofreciendo acceso rápido a los principales puntos de la ciudad, medios de transporte, comercios y espacios verdes.
La propiedad dispone de: • 2 habitaciones. • Cocina. • Living-comedor. • 1 baño. • Balcón. • Lavandería. • Acceso por ascensor. • Expensas aproximadas: $65.000.
Requisitos de ingreso: • Mes de alquiler vigente. • Depósito de garantía (con posibilidad de abonarlo en dos cuotas). • Honorarios inmobiliarios (con posibilidad de abonarlos en dos cuotas). • Gastos de certificación de firmas.
Condiciones de contratación: • Contrato por 2 años. • Actualización del canon locativo cada 4 meses, conforme al Índice de Precios al Consumidor (IPC).
Una excelente oportunidad para vivir en una ubicación estratégica, disfrutando de un departamento completamente equipado, con todas las comodidades necesarias para ingresar de manera inmediata.",289335-8
inmoclick:2904-15913,inmoclick,2904,15913,https://inmoclick.com/2904-imperio-inmobiliaria/inmuebles/15913/ficha/departamento-en-alquiler-en-el-parral-2280-capital-mendoza,2026-09-09,,570000.0,ARS,8142.857142857143,70.0,70.0,6.0,3.0,1.0,Departamento,Alquiler,Muy Bueno,15.0,Capital,Mendoza,EL PARRAL 2280 CAPITAL MENDOZA,-32.8764013,-68.8433557,Sin Cochera,1.0,,,,50000.0,,,imperio inmobiliaria,Inmobiliaria,False,False,,"Luminoso departamento frente al lago del Parque Central, ideal para quienes buscan tranquilidad y confort en un entorno natural. Espacios amplios y bien distribuidos que permiten disfrutar de la vista y la luz natural durante todo el día. Tres dormitorios con placares ofrecen comodidad y guardado práctico; el living comedor es el corazón del hogar, perfecto para reuniones y momentos cotidianos. Cocina con alacenas funcionales y espacio exclusivo de lavandería que aporta orden y comodidad al día a día. Equipado con aire acondicionado para su confort y con estacionamiento abierto justo frente al complejo para mayor comodidad.

Características principales:
- 🌅 Frente al lago Parque Central
- ☀️ Luminoso
- 🛏️ 3 dormitorios con placares
- 🛋️ Living comedor
- 🍽️ Cocina con alacenas
- 🧺 Espacio exclusivo de lavandería
- ❄️ Aire acondicionado
- 🚗 Estacionamiento abierto frente al complejo
- 💰 Alquiler: $570.000
- 🧾 Expensas: $50.000
- 📄 Contrato: 2 años (actualización cuatrimestral por IPC)
- 🐶 Se aceptan perritos chicos
- 👥 Máximo 3 personas

Una propuesta ideal para quienes valoran la vida junto al lago, la comodidad de ambientes bien equipados y condiciones contractuales claras. Imperio Inmobiliaria Mza — CCPIM MAT.PROF.518.",2904-15913
inmoclick:290695-3,inmoclick,290695,3,https://inmoclick.com/290695-camenforte-ariel/inmuebles/3/ficha/departamento-en-alquiler-en-av-jose-vicente-zapata-439,2026-09-09,,420000.0,ARS,11351.351351351352,37.0,40.0,,1.0,1.0,Departamento,Alquiler,Excelente,1.0,Capital,Mendoza,Av.Jose Vicente Zapata 439,-32.895845408948645,-68.83415844913468,Garage/Cochera,,,,,50000.0,False,,camenforte ariel,Dueno Directo,True,False,,"- 🛋️ Monoambiente (planta abierta, espacio único versátil) 
- 🚿 1 baño completo 
- 🚗 1 cochera incluida 
- 🌿 Patio pequeño privado 
- ☀️ Excelente iluminación natural 
- 🧱 Pisos de porcelanato (fácil mantenimiento) 
- 🔒 Seguridad perimetral 
- 🛣️ Fácil acceso

Este monoambiente pensado para funcionalidad y confort aprovecha cada metro con una planta abierta que permite diseñar zonas a medida: descanso, home office y living comedor se integran con fluidez, creando un ambiente cálido y práctico. La abundante luz natural potencia la sensación de amplitud y realza los pisos de porcelanato, fáciles de limpiar y con un aspecto moderno que requiere poco mantenimiento.

El baño completo está preparado para el uso diario con comodidad, mientras que la cochera incluida agrega un plus de seguridad y comodidad al estacionar. El pequeño patio privado suma aire y verde al espacio: es el rincón ideal para una lectura matutina, unas plantas o una parrilla compacta, y aporta una conexión directa con el exterior que no es común en unidades monoambiente.

La seguridad perimetral brinda tranquilidad y control de acceso, y la ubicación con fácil acceso facilita los traslados y la conexión con servicios y transporte. Es una propuesta atractiva tanto para quien busca su primera vivienda como para inversores que valoran bajo mantenimiento y buena habitabilidad. Agenda una visita y comprueba en persona la luminosidad y el potencial de este espacio adaptable a tu estilo de vida.

No se aceptan mascotas.",290695-3
inmoclick:292067-1,inmoclick,292067,1,https://inmoclick.com/292067-clara/inmuebles/1/ficha/departamento-en-alquiler-en-confraternidad-ferroviaria-entre-cheneaut-y-cdad-del-rosario,2026-09-09,,550000.0,ARS,5500.0,100.0,100.0,5.0,2.0,1.0,Departamento,Alquiler,Excelente,,Capital,Mendoza,"Confraternidad ferroviaria, entre Cheneaut y Cdad del Rosario",,,Sin Cochera,,,,False,,False,,clara,Dueno Directo,True,False,,"Departamento de categoría, nuevo, ideal para vivienda de una o dos personas. Espacios bien distribuidos y pensados para ofrecer confort, privacidad y funcionalidad: ambiente luminoso en planta alta que brinda tranquilidad y excelente ventilación natural durante todo el día. Ideal para quien busca un hogar moderno y seguro.

Características principales:
- 🛏️ 1 habitación
- 🖥️ 1 sala de estudio
- 🍽️ Cocina/Comedor
- 🧺 Lavandería
- 🚿 1 baño
- 👤 Dueño directo
- ☀️ Muy luminoso (planta alta)
- 🛡️ Sistema de alarma y cámaras
- 🌬️ Excelente ventilación

Descripción: Al entrar encontrarás un ambiente cálido y bien iluminado que facilita tanto el descanso como la concentración en la sala de estudio. La cocina integrada al comedor crea un espacio social práctico y acogedor para comidas y reuniones íntimas. La habitación ofrece privacidad y confort, mientras que la lavandería independiente aporta comodidad y orden en la rutina diaria. El sistema de alarma y cámaras brinda mayor seguridad y tranquilidad, y el hecho de estar en planta alta maximiza la luminosidad y reduce ruidos de la calle. Perfecto para profesionales o parejas que buscan un hogar moderno, seguro y funcional, con trato directo con el propietario.",292067-1
inmoclick:29220-4,inmoclick,29220,4,https://inmoclick.com/29220-mauricio-pablo-gustavo-butterfield-soloa/inmuebles/4/ficha/departamento-en-alquiler-en-san-luis-355,2026-09-09,,750000.0,ARS,10714.285714285714,70.0,70.0,,3.0,1.0,Departamento,Alquiler,Excelente,,Las Heras,Mendoza,San Luis 355,,,Garage,,,,False,,,,mauricio pablo gustavo butterfield soloa,Dueno Directo,True,False,,"Superficie aproximada: 70 m² 
- 🛏️ Habitaciones: 3 
- 🚿 Baño: 1 (con antebaño) 
- 🍽️ Cocina comedor (con espacio para lavandería) 
- 🌤️ Terraza privada 
- 🏠 Planta alta 
- 🚗 Cochera 
- ❄️🔥 Equipamiento: aire acondicionado y estufa

Departamento en planta alta de aproximadamente 70 m² pensado para quienes buscan confort y funcionalidad. Sus tres dormitorios ofrecen versatilidad: pueden actuar como habitaciones, escritorio o sala de estar adicional, adaptándose a las necesidades de una familia o de quienes trabajan desde casa. El baño con antebaño suma comodidad y privacidad en el uso diario.

La cocina comedor, con zona para lavandería, permite organizar las tareas del hogar de forma práctica y centralizada. La terraza privada se presenta como un valioso espacio exterior para tomar aire, crear un rincón de relax o sumar una pequeña huerta urbana.

Al ser en planta alta, aporta mayor privacidad y una sensación de tranquilidad. La cochera brinda la comodidad de estacionamiento propio, y el equipamiento con aire acondicionado y estufa asegura confort durante todo el año.

Una propuesta equilibrada entre funcionalidad y confort, ideal para quienes buscan un hogar versátil en un espacio bien distribuido. Solicita más información y descubre todas las posibilidades que ofrece este inmueble.",29220-4
inmoclick:292878-1,inmoclick,292878,1,https://inmoclick.com/292878-laura-sosa/inmuebles/1/ficha/departamento-en-alquiler-en-lafinur-445,2026-09-09,,530000.0,ARS,10600.0,50.0,50.0,3.0,2.0,1.0,Departamento,Alquiler,Muy Bueno,,Guaymallen,Mendoza,Lafinur 445,,,Sin Cochera,1.0,False,False,False,,False,,laura sosa,Dueno Directo,True,False,,"DUEÑA ALQUILA

INMOBILIARIAS ABSTENERSE DE CONTACTAR.

Departamento en excelente ubicación en Dorrego, Guaymallén. El departamento se encuentra dentro de un complejo de 4 departamentos en total, en un primer piso.

El departamento tiene 2 habitaciones con placards (cada placard con llave), 1 baño completo, una cocina con lavandería y living de entrada. Además cuenta con una churrasquera compartida ubicada en la terraza antes de entrar al departamento. No tiene cochera.

La superficie cubierta es de 50 m2. 

El departamento no paga expensas, aunque si se pide mantener la limpieza comunal. Además se entrega una copia del reglamento interno del complejo que se debe firmar al momento de alquilar. 

Al momento de alquilar se solicita un mes de depósito y dos garantes. 

No se alquila a pensionados ni jubilados. 
No se permiten mascotas. 

Para verlo se debe acordar día y horario previamente.",292878-1
inmoclick:293975-1,inmoclick,293975,1,https://inmoclick.com/293975-virginia/inmuebles/1/ficha/departamento-en-alquiler-en-mariano-moreno-555,2026-09-09,,850000.0,ARS,12142.857142857143,70.0,70.0,2.0,1.0,1.0,Departamento,Alquiler,Excelente,,Capital,Mendoza,MARIANO MORENO 555,-32.9021829,-68.8584402,Garage/Cochera,10.0,,False,,250000.0,,,virginia,Inmobiliaria,False,False,,"Torre Leloir 17J (departamento 1 dormitorio) - SIN AMOBLAR

El mismo equivale a un 20 Piso por la altura del Lobby.

El departamento cuenta con un dormitorio, un baño completo. Estar comedor con cocina integrada con desayunador y 1 cochera.

Mes de alquiler $850.000,00
Depósito $850.000,00 (Puede hacerse en 2 cuotas)
Comisión $850.000,00
Expensas alrededor de $200.000,00

Los departamentos se entregan con Equipo de aire acondicionado frio/calor, Horno eléctrico empotrado, Anafe vitrocerámico, Campana extractora y Termotanque.

No incluye artefactos eléctricos, cortinas ni mamparas. Están prohibidas las mascotas y la sublocación.

El contrato es anual con actualización semestral según el coeficiente conformado por el índice ICL, publicado por el Banco Central de la República Argentina. Se solicitan dos garantes, una persona con Bono de sueldo y otra propietaria.
Para la seña se abona la primer cuota de depósito y la comisión. Cuando se ingresa se abona del 1 al 10 la 2da cuota y el mes de alquiler, o en caso de no ingresar a principio de mes, se cobra un proporcional.",293975-1
inmoclick:294387-1,inmoclick,294387,1,https://inmoclick.com/294387-alejandro/inmuebles/1/ficha/departamento-en-alquiler-en-don-bosco-73,2026-09-09,,430.0,USD,5.375,80.0,80.0,4.0,2.0,2.0,Departamento,Alquiler,Excelente,35.0,Capital,Mendoza,Don Bosco 73,-32.8943636170084,-68.83928524184152,Garage/Cochera,1.0,,,,100000.0,,,alejandro,Dueno Directo,True,False,,"Hermoso departamento amoblado, listo para mudarse y disfrutar desde el primer día. Distribución práctica con dos dormitorios y dos baños que ofrecen comodidad y privacidad; el living comedor es un espacio integrador ideal para recibir visitas o crear un rincón de descanso. La cocina, equipada a full, facilita la vida diaria. Además, dispone de cochera y baulera, soluciones que suman confort y orden.

Características principales:
- 🪑 Amoblado: listo para habitar
- 🛏️ 2 dormitorios
- 🛁 2 baños
- 🍽️ Cocina equipada full
- 🛋️ Living comedor
- 📦 Baulera

COCHERA DISPONIBLE DENTRO DEL EDIFICIO
El valor es sin cochera
Costo adicional cochera: $ 50.000

Consultar por MASCOTAS",294387-1
inmoclick:297148-3,inmoclick,297148,3,https://inmoclick.com/297148-jorge-moretti/inmuebles/3/ficha/departamento-en-alquiler-en-avenida-colon-352,2026-09-09,,780000.0,ARS,12000.0,65.0,65.0,4.0,2.0,2.0,Departamento,Alquiler,Muy Bueno,50.0,Capital,Mendoza,Avenida Colón 352,-32.894272304064934,-68.84512997116397,Sin Cochera,7.0,False,,,150000.0,False,,jorge moretti,Dueno Directo,True,False,,"- 🏢 Ubicación: 6to piso contrafrente, muy buena ubicación (cercanía Aristides y Metrotranvía)
- ☀️ Iluminación: amplio y LUMINOSO
- 🔇 Silencio: ventanas con doble vidrio, ambiente silencioso
- 🛏️ Habitaciones: 2 dormitorios
- 🚿 Baños: baños remodelados
- 🍽️ Cocina: cocina remodelada, cañerías nuevas
- 📐 Superficie: 65 m²
- ❄️ Climatización: aire acondicionado
- 🎓 Cercanía a universidades: Congreso, UTN, UMendoza, Maza
- 🛒 Servicios: supermercado 24 hs (Carref.) a 10 m

Departamento ideal para profesionales, estudiantes o familia que busquen comodidad, luz natural y tranquilidad en una zona con excelente conectividad. El estado es muy bueno: la cocina y los baños fueron remodelados y las cañerías son nuevas, lo que aporta funcionalidad inmediata y menos preocupaciones de mantenimiento. Las ventanas con doble vidrio garantizan un ambiente silencioso y mayor eficiencia térmica; el aire acondicionado completa el confort en cualquier estación.

Opción amoblado (+$100.000): heladera, microondas, aire acondicionado, pava eléctrica, smart TV; 1 cama matrimonial, 2 camas individuales, living con sillón cama; colchones en excelente estado — listo para mudarse y empezar a vivir o trabajar desde casa sin demoras.

Condiciones: ingreso = mes de alquiler + depósito. Alquiler con contrato $780.000 renovación IPC cuatrimestral (amoblado $880.000). Espacio práctico, luminoso y silencioso en una ubicación estratégica: ideal para quienes valoran confort, cercanía a instituciones y servicios 24 hs.",297148-3
inmoclick:298285-7,inmoclick,298285,7,https://inmoclick.com/298285-pablo-catalano/inmuebles/7/ficha/departamento-en-alquiler-en-echeverria-1446,2026-09-09,,800000.0,ARS,16000.0,50.0,69.0,3.0,1.0,1.0,Departamento,Alquiler,Excelente,,Godoy Cruz,Mendoza,Echeverría 1446,-32.908999510683714,-68.84814614218902,Garage/Cochera,1.0,False,,,80000.0,False,,pablo catalano,Inmobiliaria,False,False,,"PABLO CATALANO MAT 2143 ALQUILA

Departamento moderno a estrenar, completamente amoblado y equipado en el corazón de Bombal Sur, a minutos del centro de Mendoza. Espacios pensados para brindar confort, tranquilidad y una estadía responsable gracias a soluciones sustentables.

Características principales:
- 🛏️ 🛏️ 1 dormitorio
- 🚿 1 baño
- 🏠 3 ambientes en una planta
- 📐 50 m² cubiertos
- 📏 69 m² totales
- ☀️ Energía solar en el edificio
- ❄️♨️ Aire acondicionado y calefacción
- 📶 WiFi y 📺 TV y Alarma
- 🧊 Heladera y 🍽️ Microondas
- 🔥 Terraza con parrilla + SUM para reuniones
- 🌳 Jardín
- 🚗 Cochera privada con portón automatizado
- 🎥 Cámaras internas y externas de seguridad
- 🚫 No se aceptan mascotas

Ambiente luminoso, lavandería independiente, cochera privada con portón automatizado y el sistema de cámaras brindan tranquilidad y seguridad. 
**Agua e Internet incluido en expensas **
* Wi-Fi , agua y municipalidad incluidos en expensas *
**No se aceptan mascotas en esta propiedad**
**Contrato x 2 años, actualización cuatrimestral IPC **
Una oportunidad para vivir en uno de los barrios más buscados de Mendoza —comodidad, seguridad y estilo en un mismo lugar.",298285-7
inmoclick:299080-308,inmoclick,299080,308,https://inmoclick.com/299080-re-max-metropolitano/inmuebles/308/ficha/departamento-en-alquiler-en-huarpes-100,2026-09-09,,500000.0,ARS,13513.513513513511,37.0,56.0,,1.0,1.0,Departamento,Alquiler,,,Capital,Mendoza,Huarpes 100,-32.8987718,-68.861229,,,,,,,,,re max metropolitano,Inmobiliaria,False,False,,"Corredor Responsable Hebe Nogara Maturano CCPIM 1137 - 
Contacto Roxana Elizabeth Moyano - MLS ID 422231013-19

DEPARTAMENTO DE 2 AMBIENTES EN ALQUILER - QUINTA SECCIÓN - MENDOZA CAPITAL

Departamento de 2 ambientes ubicado estratégicamente en la Quinta Sección de Mendoza sobre calle Huarpes 148 a pasos del emblemático Parque General San Martín. Propiedad en estado general muy bueno diseñada para brindar confort y funcionalidad.

Distribución interior optimizada con 1 habitación amplia vestidor incorporado cocina comedor con barra desayunador y excelente distribución . Cuenta con baño completo con bañera y antebaño permitiendo máxima privacidad y comodidad.

Equipamiento térmico de primer nivel aire acondicionado en dormitorio y estufa de gran potencia en sector social. Ubicación en planta baja con cochera techada agregando valor y seguridad a la propiedad.

Zona residencial tranquila con excelente conectividad y proximidad a espacios verdes. Ideal para profesionales o personas que valoran ubicación y funcionalidad.

Valor de expensas aproximado 50.000 mensuales.
NO se aceptan mascotas.
se pagan impuestos por el dpto y cochera mínimos 

Requisitos de alquiler
-Locatario
Ingresos demostrables bono de sueldo o monotributo foto DNI foto de impuesto que llegue al domicilio donde reside.
- Garantías 
- Garante con bono de sueldo últimos 3 bonos foto DNI foto de impuesto q llegue al domicilio de residencia.
-Garantía propietaria foto de la escritura foto DNI foto de impuesto 

Gastos de locación
- mes de alquiler 
- mes de depósito 
- honorarios inmobiliarios 
- certificación de firmas

Contacte a nuestro equipo de Remax Metropolitano para coordinar visita y conocer todos los detalles de esta propiedad.
RAU S.R.L. no ejerce el corretaje inmobiliario. El presente sitio web es una plataforma en donde cada oficina inmobiliaria independiente que contrata los servicios RE/MAX puede publicar las propiedades a su cargo. Cada oficina es de propiedad y gestión independiente, por lo que RAU S.R.L. no interviene en los datos de la publicación, en la operación inmobiliaria, ni en la confección y/o firma del boleto de compraventa y/o escritura y/o contrato de alquiler. En cumplimiento de las leyes vigentes que regulan el corretaje inmobiliario, Ley Nacional 25.028, Ley 22.802 de Lealtad Comercial, Ley 24.240 de Defensa al Consumidor, las normas del Código Civil y Comercial de la Nación y Constitucionales, los agentes/gestores NO ejercen el corretaje inmobiliario. Todas las operaciones inmobiliarias son objeto de intermediación y conclusión por parte del corredor público inmobiliario colegiado a cargo de la publicación, cuyos datos se exhiben en la presente. La presente publicación describe las características esenciales del inmueble, debiéndose consultar al corredor público inmobiliario responsable de la operación por la eventual actualización de las medidas, descripciones arquitectónicas y funcionales, valores de expensas, servicios, impuestos, precios y demás información, cuyos valores son aproximados.",299080-308
inmoclick:299692-3,inmoclick,299692,3,https://inmoclick.com/299692-maria-eugenia-leytes/inmuebles/3/ficha/departamento-en-alquiler-en-berutti-920,2026-09-09,,400000.0,ARS,400000.0,1.0,1.0,,1.0,1.0,Departamento,Alquiler,Excelente,,Las Heras,Mendoza,BERUTTI 920,-32.84570263249739,-68.84558301618526,Garage/Cochera,,,,False,,False,,maria eugenia leytes,Dueno Directo,True,False,superficie fuera de rango,"🏡 DEPARTAMENTO EN ALQUILER – LAS HERAS

📍 Excelente ubicación: calle Berutti, entre Perú y Cacique Guaymallén, Las Heras.
Primer piso por escalera, en una zona tranquila, de fácil acceso y con líneas de colectivo cercanas.

✨ La propiedad cuenta con:
• Cocina-comedor cómoda y funcional
• Alacenas nuevas
• Termotanque
• Espacio para lavarropas
• 1 dormitorio amplio con placard
• Baño completo
• Ventanas en comedor y dormitorio, con muy buena ventilación y luminosidad
• Patio
• Cochera

💡 Amplio, luminoso y bien ventilado, ideal para quienes buscan comodidad, tranquilidad y practicidad para el día a día.

✔️ Ideal para persona sola o pareja
✔️ Sin expensas

🚫 No se aceptan mascotas
🚫 No se aceptan niños, debido a que se trata de un primer piso por escalera.

💰 ALQUILER: $400.000 mensuales

📋 REQUISITOS
• Inquilino + 2 garantes con bono de sueldo
• Se aceptan monotributistas
• Se acepta seguro de caución

🔑 PARA INGRESAR:
• Mes de alquiler: $400.000
• Depósito de garantía: $400.000 (puede abonarse en 2 veces)
• Redacción de contrato, averiguación de antecedentes, perfil e informes crediticios: $400.000 (puede abonarse en 2 veces)
• Certificación de firmas en escribanía: $45.000 por firma",299692-3
inmoclick:299915-25,inmoclick,299915,25,https://inmoclick.com/299915-nexa-servicios/inmuebles/25/ficha/departamento-en-alquiler-en-lateral-sur-del-acceso-este-1655,2026-09-09,,1800000.0,ARS,7826.086956521739,230.0,230.0,6.0,4.0,5.0,Departamento,Alquiler,Excelente,25.0,Guaymallen,Mendoza,Lateral sur del acceso  este 1655,,,Garage/Cochera,,,,,630000.0,False,,nexa servicios,Inmobiliaria,False,False,,"NEXA SERVICIOS INMOBILIARIOS OFRECE | DEPARTAMENTO DE CATEGORÍA EN ALQUILER

📍 Guaymallén Norte – Lateral Sur del Acceso Este 1655, 3° Piso

Exclusivo departamento de amplias dimensiones, ideal para quienes buscan confort, privacidad y excelentes amenities.

✨ Características principales:
• 4 habitaciones
• 4 baños completos + 1 toilette
• Dependencia de servicio
• Amplia cocina comedor
• Living comedor de gran tamaño
• Balcones en los ambientes principales
• Calefacción central por radiadores

🏢 Amenities del complejo:
• Quincho totalmente equipado
• Piscina
• Gimnasio

Ubicado en una zona estratégica de Guaymallén, con rápidos accesos y cercanía a los principales puntos de la ciudad.

📞 Consultanos para coordinar una visita y conocer esta excelente oportunidad.

NEXA Servicios Inmobiliarios
Tu próximo hogar te está esperando. 🔑✨",299915-25
inmoclick:300644-1,inmoclick,300644,1,https://inmoclick.com/300644-inmobiliaria-galigniana/inmuebles/1/ficha/departamento-en-alquiler-en-salta-2529,2026-09-09,,750000.0,ARS,12500.0,60.0,70.0,,2.0,1.0,Departamento,Alquiler,Excelente,,Capital,Mendoza,salta 2529,-32.87334342259971,-68.83334022258936,Sin Cochera,1.0,False,,False,,False,,inmobiliaria galigniana,Inmobiliaria,False,False,,"- 📍 Ubicación: Calle Salta, planta alta (Ciudad)
- 🛏️ 2 habitaciones
- 🪟 2 balcones (uno en cada habitación)
- 🍽️ Amplia cocina
- 🛋️ Espacioso living
- 🪑 Departamento amoblado
- 🏢 Alquilado por Inmobiliaria Galigniana

Departamento en planta alta sobre Calle Salta, listo para habitar. La distribución privilegia la tranquilidad y el confort: dos habitaciones independientes, cada una con su propio balcón, que ofrecen un espacio privado al aire libre ideal para disfrutar el café de la mañana o crear un rincón de lectura. La cocina, amplia y funcional, permite comodidad para cocinar y almacenar; perfecta tanto para comidas cotidianas como para preparar reuniones íntimas. El living es generoso y versátil, apto para recibir visitas, armar un espacio de trabajo o crear un área de esparcimiento familiar.

Al estar amoblado, el departamento se entrega listo para mudarse sin demoras, facilitando la instalación inmediata. La ubicación en planta alta aporta mayor privacidad y menor tránsito directo desde la calle. Es una opción indicada para quienes buscan comodidad y practicidad en un ambiente cálido y bien distribuido. Consultá con Inmobiliaria Galigniana para coordinar visita y conocer más detalles.",300644-1
inmoclick:301046-13,inmoclick,301046,13,https://inmoclick.com/301046-anida-estudio/inmuebles/13/ficha/departamento-en-alquiler-en-espana-a-mtrs-de-la-peatonal,2026-09-09,,1100000.0,ARS,8461.538461538461,130.0,140.0,,3.0,2.0,Departamento,Alquiler,Muy Bueno,,Capital,Mendoza,España a mtrs de la Peatonal,-32.88944905332768,-68.84167407720942,Sin Cochera,1.0,,False,,170000.0,,,anida estudio,Inmobiliaria,False,True,,"SE ALQUILA departamento en 2do Piso de 3 dormitorios (principal en suite), 2 baños, estar comedor muy amplio, cocina remodelada con comedor de diario, despensa aparte, lavandería independiente, balcón. Ubicado en edificio de pocos departamentos a metros de la Peatonal Sarmiento. Carpintería DVH (doble vidrio); SIN COCHERA
Micros en la puerta.
INGRESO OPCIONAL MEDIADOS DE SEPTIEMBRE

NO AMOBLADO

REQUISITOS

📌 Valor del alquiler: $1.100.000

📌 Duración del contrato: 24 meses (2 años)

📌 Ajustes CUATRImestrales: Según índice IPC

Gastos para ingresar:
💰 Primer mes de alquiler OCTUBRE: $1.100.000

💰 Depósito en garantía: $1.100.000

💰 Honorarios inmobiliarios (2,5% del monto total del contrato 2 años): $660.000

💰 Certificación de firmas ante notario: $40.000 por firma (aprox)

Consulta sin compromiso, disponible para visitas. CPIM Mat. 2142",301046-13
inmoclick:301884-1,inmoclick,301884,1,https://inmoclick.com/301884-lucris/inmuebles/1/ficha/duplex-en-alquiler-en-castro-a-150m-de-urquiza,2026-09-09,,1190000.0,ARS,9916.666666666666,120.0,240.0,5.0,3.0,2.0,Duplex,Alquiler,Excelente,6.0,Guaymallen,Mendoza,Castro a 150m de Urquiza,-32.91396429615552,-68.78442255479573,Garage/Cochera,2.0,False,False,False,,False,,lucris,Dueno Directo,True,False,,"IMPECABLE! A ESTRENAR
FACIL ACCESIBILIDAD
EXCELENTE UBICACIÓN.
Diseño Funcional: Confort, Privacidad y Versatilidad

Presentamos este exclusivo DUPLEX, 120m2 cubiertos, ha sido proyectado para equilibrar la vida social con el descanso privado. 
Planta Alta: Zona íntima con 3 habitaciones amplias y luminosas con antebaño y baño completo, garantizando tranquilidad absoluta.

Planta Baja: Área social integrada con toilette de recepción, optimizando la comodidad para el uso familiar y las visitas.

CARACTERÍSTICAS : 
-Aprox. 120m2 cubiertos
-Cocina, Comedor y Living
-3 dormitorios
-2 baños (Baño con antebaño en P.A)
-Patio amplio, con churrasquera
-Cochera techada amplia 
-2 calefactores
-3 equipos de aire acondicionado 
-Carpintería premium aluminio 
-Celosías de aluminio marca Windows
-Termotanque alto rendimiento

El exterior destaca por su cochera techada privada y una churrasquera propia, el espacio ideal para encuentros informales al aire libre. Su ubicación estratégica lo sitúa cerca de centros comerciales y principales vías de transporte, combinando la calma residencial con la practicidad urbana. Una propiedad lista para adaptarse a su estilo de vida.",301884-1
inmoclick:302127-130,inmoclick,302127,130,https://inmoclick.com/302127-zelta-inmobiliaria/inmuebles/130/ficha/departamento-en-alquiler-en-beltran-1812,2026-09-09,,750000.0,ARS,9375.0,80.0,80.0,,2.0,2.0,Departamento,Alquiler,Excelente,,Godoy Cruz,Mendoza,Beltran 1812,-32.9051475,-68.8519287,Garage/Cochera,,,,,235000.0,False,,zelta inmobiliaria,Inmobiliaria,False,False,,"Alquilo Departamento Amoblado en Barrio Bombal, complejo Terrazas de Bombal, Godoy Cruz, 9no piso.
80 mtrs total.
La propiedad cuenta con 2 habitaciones, 2 baños, cocina, living, balcón y cochera.
Amoblado.
El complejo cuenta con piscina y terraza.
ZELTA Inmobiliaria",302127-130
inmoclick:302127-149,inmoclick,302127,149,https://inmoclick.com/302127-zelta-inmobiliaria/inmuebles/149/ficha/departamento-en-alquiler-en-beltran-1812,2026-09-09,,750000.0,ARS,8720.93023255814,86.0,86.0,,3.0,2.0,Departamento,Alquiler,Excelente,,Godoy Cruz,Mendoza,Beltran 1812,-32.9051475,-68.8519287,Sin Cochera,,,,,200000.0,False,,zelta inmobiliaria,Inmobiliaria,False,False,,"Alquilo/Vendo departamento en Barrio Bombal, complejo Terrazas de Bombal, Godoy Cruz, 3er piso. 

Precio Venta: usd 139.000. 
APTA CREDITO HIPOTECARIO. 

86 mtrs total. 
La propiedad cuenta con 3 habitaciones, 2 baños, cocina, living, balcón. 
El complejo cuenta con piscina y terraza. 
ZELTA Inmobiliaria",302127-149
inmoclick:302127-154,inmoclick,302127,154,https://inmoclick.com/302127-zelta-inmobiliaria/inmuebles/154/ficha/departamento-en-alquiler-en-francisco-de-miranda-4583,2026-09-09,,650000.0,ARS,10833.333333333334,60.0,60.0,,2.0,1.0,Departamento,Alquiler,Excelente,5.0,Guaymallen,Mendoza,Francisco de Miranda 4583,-32.9174698,-68.7907232,Garage/Cochera,,,,False,,False,,zelta inmobiliaria,Inmobiliaria,False,False,,"Alquilo Departamento en el Barrio Parque Urquiza, Guaymallén.
60 mtrs total.
La propiedad cuenta con cocina comedor, 2 habitaciones con placard, 1 baño, lavadero, cochera.
NO se aceptan mascotas.
Barrio semi privado.
ZELTA Inmobiliaria",302127-154
inmoclick:302763-174,inmoclick,302763,174,https://inmoclick.com/302763-inmobiliaria-schweizer/inmuebles/174/ficha/departamento-en-alquiler-en-quinta-seccion-mendoza-argentina,2026-09-09,,825000.0,ARS,13750.0,60.0,,,1.0,2.0,Departamento,Alquiler,---,,Capital,Mendoza,"Quinta Sección, Mendoza, Argentina",-32.8854083,-68.8575859,,,,,,,,,inmobiliaria schweizer,Inmobiliaria,False,False,,"Espectacular y amplio departamento, ícono de Mendoza, situado junto al Parque General San Martín y cerca de la Avenida Aristides Villanueva, conocida por sus restaurantes y bares. La cocina está totalmente equipada, incluyendo microondas, y hay un baño completo. El dormitorio cuenta con una cómoda tv digital , cama tipo sommier king size (2x2)y un balcón ideal para disfrutar del desayuno. Living amplio con Tv digital sofá niño Se proporciona ropa blanca y también hay una cochera disponible

El alojamiento
Cuenta con un amplio dormitorio con cama KING , tv digital y balcón , cocina independiente , baño en suite y living comedor con tv digital
Muy amplio y luminoso , la mejor ubicación con check ing automático cochera propia

Acceso de los huéspedes
Posee Estacionamiento con portón automático. Ubicado en primer piso frontal con acceso por ascensor y escaleras.

Otros aspectos para tener en cuenta
En el living tiene rack y tv digital

Corredor interviniente

Agustin Schweizer
Matricula Nª1924
La tasación, intermediación y la conclusión de las operaciones sobre esta propiedad son actividades exclusivas de este corredor matriculado, conforme las previsiones de la ley Nª29.266, la ley provincial Nª3.043 y sus modificaciones y las normas reglamentarias dictadas, por el Colegio de Corredores Públicos Inmobiliarios de Mendoza. Las oficinas de asociadas a SCHWEIZER INMOBILIARIA actúan de forma independiente, brindando servicios a corredores, agentes y al público en general, y su intervención se limita a la prestación de servicios inmobiliarios que no incluyen actos de corretaje ni intervención inmobiliaria.

V.L.",302763-174
inmoclick:302763-185,inmoclick,302763,185,https://inmoclick.com/302763-inmobiliaria-schweizer/inmuebles/185/ficha/departamento-en-alquiler-en-orcadas-al-2000,2026-09-09,,590000.0,ARS,8428.57142857143,70.0,,3.0,2.0,1.0,Departamento,Alquiler,Muy Bueno,15.0,Maipu,Mendoza,Orcadas  al 2000,-32.9584934,-68.7895478,,1.0,,,,,,,inmobiliaria schweizer,Inmobiliaria,False,False,,"INMOBILIARIA SCHWEIZER ALQUILA DEPARTAMENTO 2 DORMITORIOS EN LUZURIAGA, MAIPÚUbicado en Barrio Antártida Argentina, Luzuriaga, se encuentra este hermoso departamento que se destaca por su comodidad, funcionalidad y agradable entorno.

La propiedad cuenta con:
• 2 dormitorios
• Baño completo
• Cocina y espacios de estar cómodos y funcionales
• Patio privado
• Cochera descubierta

Una propiedad muy linda y práctica, ideal para quienes buscan comodidad, tranquilidad y una excelente ubicación dentro de Luzuriaga.
Consultanos para más información y para coordinar una visita.

Corredor intervinienteAgustin Schweizer
Matricula Nª1924
La tasación, intermediación y la conclusión de las operaciones sobre esta propiedad son actividades exclusivas de este corredor matriculado, conforme las previsiones de la ley Nª29.266, la ley provincial Nª3.043 y sus modificaciones y las normas reglamentarias dictadas, por el Colegio de Corredores Públicos Inmobiliarios de Mendoza. Las oficinas de asociadas a SCHWEIZER DESARROLLOS INMOBILIARIOS actúan de forma independiente, brindando servicios a corredores, agentes y al público en general, y su intervención se limita a la prestación de servicios inmobiliarios que no incluyen actos de corretaje ni intervención inmobiliaria.",302763-185
inmoclick:303378-3,inmoclick,303378,3,https://inmoclick.com/303378-carla-sinigalia/inmuebles/3/ficha/departamento-en-alquiler-en-paul-harris,2026-09-09,,1300000.0,ARS,18571.42857142857,70.0,110.0,2.0,1.0,1.0,Departamento,Alquiler,Excelente,,Godoy Cruz,Mendoza,Paul harris,-32.953757208319175,-68.85952548962919,Garage/Cochera,,,,,269000.0,False,,carla sinigalia,Dueno Directo,True,False,,"Alquiler de departamento en planta baja con jardín privado, ubicado en Villa Palmares. Este acogedor unidad de 1 dormitorio ofrece la comodidad de vivir en contacto con el exterior: un amplio jardín propio que amplía tus espacios y permite disfrutar del aire libre con privacidad y tranquilidad. El living recibe buena luz natural y se integra fácilmente con el área exterior, generando un ambiente cálido y funcional.

El complejo brinda amenities de alto nivel que elevan la experiencia diaria: SUM para reuniones y eventos, piscina climatizada cubierta y una piscina al aire libre en la terraza para los días de verano. Además, contarás con la comodidad de tener el centro comercial justo al lado, facilitando compras, servicios y actividades sin desplazamientos largos.

Características principales:
- 🛏️ 1 dormitorio
- 🌿 Amplio jardín privado (planta baja)
- 🅿️ Estacionamiento privado
- 📦 Baulera
- 🏊‍♂️ Piscina climatizada (en el complejo)
- 🌞 Piscina al aire libre en terraza
- 🏢 SUM (salón de usos múltiples)
- 🔒 Seguridad 24 horas
- 🛍️ Ubicación junto al centro comercial

Esta opción combina la tranquilidad de una planta baja con jardín y la seguridad y servicios de un complejo completo. Perfecto para quienes buscan comodidad, acceso rápido a servicios y espacios para recibir y disfrutar al aire libre. Disponibilidad y condiciones: consultar.",303378-3
inmoclick:303761-5,inmoclick,303761,5,https://inmoclick.com/303761-casanova-negocios-inmobiliarios/inmuebles/5/ficha/departamento-en-alquiler-en-tucuman-480,2026-09-09,,650000.0,ARS,10833.333333333334,60.0,60.0,,2.0,1.0,Departamento,Alquiler,Muy Bueno,,Capital,Mendoza,Tucuman 480,-32.8740373,-68.8280815,Garage/Cochera,,,False,,25000.0,False,,casanova negocios inmobiliarios,Inmobiliaria,False,False,,"Departamento en alquiler – Excelente ubicación en Ciudad de Mendoza

Departamento de 2 habitaciones con cochera cubierta, ubicado en pleno centro de la Ciudad de Mendoza.

La propiedad cuenta con una distribución cómoda y funcional, con fácil acceso a comercios, servicios, transporte público y los principales puntos de la ciudad.

Características:
2 habitaciones
Cocina-comedor
1 baño
Balcón
Cochera cubierta
Aire acondicionado
Estufa
Excelente ubicación: Tucumán 480, Ciudad de Mendoza

Contactanos para coordinar una visita",303761-5
inmoclick:304111-3,inmoclick,304111,3,https://inmoclick.com/304111-paola-lorena-delmonte/inmuebles/3/ficha/duplex-en-alquiler-en-tropero-sosa-1881,2026-09-09,,1000000.0,ARS,6896.551724137931,145.0,300.0,5.0,3.0,3.0,Duplex,Alquiler,Excelente,10.0,Maipu,Mendoza,Tropero Sosa 1881,-32.99012921230622,-68.76843410469118,Cochera Pasante,2.0,False,False,,105000.0,False,,paola lorena delmonte,Dueno Directo,True,False,,"🛏️ 3 dormitorios 1 en suite
 🚽 1 toilette (planta baja) 
🛁 1 baño completo (planta alta) 
🍽️ Cocina independiente 
🛋️ Living comedor amplio 
☀️ Excelente luminosidad natural en todos los ambientes 
♨️ Calefacción central en todos los ambientes 
🌿 Patio pequeño 
🔥 Churrasquera 
🚗 Cochera semicubierta 
🌳 Espacio parquizado 
↕️ Distribución en dos niveles

Amplio y cuidadoso departamento en muy buen estado, pensado para quienes valoran la funcionalidad y el confort. La distribución en planta baja y alta genera zonas bien definidas: en el primer nivel se disfruta de una cocina independiente y un living comedor amplio, ideal para recibir visitas o compartir las comidas diarias; además cuenta con un toilette para mayor comodidad. En la planta alta se ubican tres dormitorios, el principal en suite, y un baño completo, ofreciendo privacidad y tranquilidad para la familia.

La propiedad destaca por su excelente luz natural en todos los ambientes y por la calefacción central que garantiza calidez homogénea durante el invierno. En el exterior, el pequeño patio y el espacio parquizado suman un pulmón verde privado, mientras que la churrasquera invita a reuniones al aire libre; la cochera semicubierta aporta practicidad en el día a día.

Una opción sólida para quienes buscan un hogar confortable, con distribución eficiente y espacios pensados para el bienestar familiar.",304111-3
inmoclick:30453-1121,inmoclick,30453,1121,https://inmoclick.com/30453-zenoff-negocios-inmobiliarios/inmuebles/1121/ficha/departamento-en-alquiler-en-palmares-torres-godoy-cruz-provincia-de-mendoza,2026-09-09,,1300000.0,ARS,28888.88888888889,45.0,60.0,4.0,1.0,1.0,Departamento,Alquiler,Excelente,15.0,Godoy Cruz,Mendoza,PALMARES TORRES - GODOY CRUZ - PROVINCIA DE MENDOZA,-32.955373,-68.8594646,Garage,1.0,,False,,190000.0,False,,zenoff negocios inmobiliarios,Inmobiliaria,False,False,,"ZENOFF NEGOCIOS INMOBILIARIOS MAT. 1535 ALQUILA:

DEPARTAMENTO EN TORRE DE PALMARES, EL CUAL CONSTA DE:

LIVING COMEDOR.
COCINA INTEGRADA.
DORMITORIO CON PLACARD.
BAÑO COMPLETO.
COCHERA TECHADA.
PATIO INTERNO.

VALOR: $ 1.300.000

EXPENSAS: $ 270.000

TODOS LOS SERVICIOS.

EL EDIFICIO CUENTA CON SUM (3 piletas).

EXCELENTE CALIDAD.",30453-1121
inmoclick:30453-1345,inmoclick,30453,1345,https://inmoclick.com/30453-zenoff-negocios-inmobiliarios/inmuebles/1345/ficha/departamento-en-alquiler-en-el-parral-n0-2370-capital-provincia-de-mendoza,2026-09-09,,600.0,USD,8.0,75.0,85.0,5.0,2.0,1.0,Departamento,Alquiler,Excelente,21.0,Capital,Mendoza,EL PARRAL N° 2370 - CAPITAL - PROVINCIA DE MENDOZA,-32.8752324,-68.8433824,Garage,1.0,,,,60000.0,False,,zenoff negocios inmobiliarios,Inmobiliaria,False,False,,"ZENOFF NEGOCIOS INMOBILIARIOS MAT. 1535 ALQUILA:

DEPARTAMENTO AMOBLADO, EL CUAL CONSTA DE:

Departamento amoblado de 75m² con 2 dormitorios y cochera, frente al Parque Central, en Ciudad de Mendoza. Totalmente equipado, listo para entrar a vivir. Disponibilidad inmediata. Ideal para familia, profesionales o estadías prolongadas.

CARACTERÍSTICAS
- Superficie: 75 m²
- Dormitorios: 2 (1 cama doble + 3 camas individuales, capacidad 5 personas)
- Living-comedor amplio
- Cocina equipada con electrodomésticos y vajilla
- 1 baño completo
- Balcón con vista al jardín interno del edificio
- Cochera cubierta en el edificio (incluida en expensas)
- Totalmente amoblado: ropa de cama, amenities y utensilios
- Conexión de internet instalada (servicio a cargo del inquilino)
- Se aceptan mascotas

UBICACIÓN
Frente al Parque Central, uno de los pulmones verdes de la ciudad. A pasos del Paseo Alameda, supermercados, restaurantes y transporte público. A 10 minutos del centro financiero.

CONDICIONES
- Valor sin muebles: U$D 600 + expesas + Servicios
- Valor con muebles: USD 650 + expensas + servicios
- Expensas: ARS 60.000/mes (incluyen cochera cubierta)
- Servicios a cargo del inquilino: luz, gas, agua, internet",30453-1345
inmoclick:30453-1364,inmoclick,30453,1364,https://inmoclick.com/30453-zenoff-negocios-inmobiliarios/inmuebles/1364/ficha/departamento-en-alquiler-en-b0-villa-catalina-privado-las-heras-provincia-de-mendoza,2026-09-09,,850000.0,ARS,7727.272727272727,110.0,120.0,6.0,3.0,2.0,Departamento,Alquiler,Excelente,17.0,Las Heras,Mendoza,B° VILLA CATALINA (Privado) - LAS HERAS - PROVINCIA DE MENDOZA,-32.8524263,-68.8615583,Garage Doble,1.0,False,False,,85000.0,False,,zenoff negocios inmobiliarios,Inmobiliaria,False,False,,"ZENOFF NEGOCIOS INMOBILIARIOS MAT. 1535 ALQUILA:

DEPARTAMENTO EN PLANTA ALTA (Escalera), EL CUAL CONSTA DE:

LIVING COMEDOR.
COCINA INTEGRADA.
DORMITORIO CON VESTIDOR.
DOS DORMITORIOS CON PLACARES.
BAÑO COMPLETO.
BAÑO EN SUITE.
COCHERA 2 AUTOS.

VALOR: $ 850.000

EXPENSAS: $ 85.000

TODOS LOS SERVICIOS.

EL BARRIO POSEE SEGURIDAD 24HS - SUM.

MUY TRANQUILO.",30453-1364
inmoclick:30453-1389,inmoclick,30453,1389,https://inmoclick.com/30453-zenoff-negocios-inmobiliarios/inmuebles/1389/ficha/departamento-en-alquiler-en-federico-moreno-n0-832-ciudad-provincia-de-mendoza,2026-09-09,,440000.0,ARS,9777.777777777776,45.0,45.0,5.0,1.0,1.0,Departamento,Alquiler,Excelente,25.0,Capital,Mendoza,FEDERICO MORENO N° 832 - CIUDAD - PROVINCIA DE MENDOZA,-32.8894587,-68.8458386,Sin Cochera,1.0,False,False,,75000.0,False,,zenoff negocios inmobiliarios,Inmobiliaria,False,False,,"ZENOFF NEGOCIOS INMOBILIARIOS MAT. 1535 ALQUILA:

DEPARTAMENTO EN PRIMER PISO (Escalera), EL CUAL CONSTA DE:

LIVING COMEDOR.
COCINA INTEGRADA.
DORMITORIO CON PLACARD.
BAÑO COMPLETO.

VALOR: $ 440.000

EXPENSAS: $ 75.000

TODOS LOS SERVICIOS.

EXCELENTE UBICACION - ENTORNO.

NO SE ACEPTAN ANIMALES.",30453-1389
inmoclick:30453-1413,inmoclick,30453,1413,https://inmoclick.com/30453-zenoff-negocios-inmobiliarios/inmuebles/1413/ficha/departamento-en-alquiler-en-espana-n0-172-lujan-de-cuyo-provincia-de-mendoza,2026-09-09,,600000.0,ARS,13333.333333333334,45.0,50.0,4.0,1.0,1.0,Departamento,Alquiler,Excelente,19.0,Lujan de Cuyo,Mendoza,ESPAÑA N° 172 - LUJAN DE CUYO - PROVINCIA DE MENDOZA,-33.0371112,-68.8819153,Sin Cochera,1.0,False,False,,50000.0,False,,zenoff negocios inmobiliarios,Inmobiliaria,False,False,,"ZENOFF NEGOCIOS INMOBILIARIOS MAT. 1535 ALQUILA:

DEPARTAMENTO EN PRIMER PISO (Escalera), EL CUAL CONSTA DE:

LIVING COMEDOR.
COCINA INTEGRADA.
DORMITORIO CON PLACARD.
BAÑO COMPLETO.

VALOR: $ 600.000

EXPENSAS: $ 50.000

TODOS LOS SERVICIOS.

EXCELENTE UBICACION - ENTORNO.

COMPLEJO MUY LINDO Y SEGURO.

NO SE PERMITEN ANIMALES.",30453-1413
inmoclick:30453-1419,inmoclick,30453,1419,https://inmoclick.com/30453-zenoff-negocios-inmobiliarios/inmuebles/1419/ficha/departamento-en-alquiler-en-huarpes-n0-450-ciudad-provincia-de-mendoza,2026-09-09,,870000.0,ARS,9666.666666666666,90.0,100.0,6.0,2.0,2.0,Departamento,Alquiler,Excelente,18.0,Capital,Mendoza,HUARPES N° 450 - CIUDAD - PROVINCIA DE MENDOZA,-32.89533251404391,-68.86067121585235,Sin Cochera,2.0,False,False,,45000.0,,,zenoff negocios inmobiliarios,Inmobiliaria,False,False,,"ZENOFF NEGOCIOS INMOBILIARIOS MAT. 1535 ALQUILA:

DEPARTAMENTO TIPO DUPLEX, EL CUAL CONSTA DE:

PLANTA BAJA:
LIVING COMEDOR.
COCINA.
PEQUEÑO PATIO.
BAÑO TOULETTE.

PLANTA ALTA:
DOS DORMITORIOS CON PLACARES.
BAÑO COMPLETO.

VALOR: $ 870.000

EXPENSAS: $ 45.000

TODOS LOS SERVICIOS.

NO POSEE COCHERA.",30453-1419
inmoclick:30453-1420,inmoclick,30453,1420,https://inmoclick.com/30453-zenoff-negocios-inmobiliarios/inmuebles/1420/ficha/departamento-en-alquiler-en-perito-moreno-n0-74-godoy-cruz-provincia-de-mendoza,2026-09-09,,890000.0,ARS,11125.0,80.0,100.0,6.0,3.0,2.0,Departamento,Alquiler,Excelente,17.0,Godoy Cruz,Mendoza,PERITO MORENO N° 74 - GODOY CRUZ - PROVINCIA DE MENDOZA,-32.9256469,-68.8433562,Sin Cochera,1.0,False,,,150000.0,False,,zenoff negocios inmobiliarios,Inmobiliaria,False,False,,"ZENOFF NEGOCIOS INMOBILIARIOS MAT. 1535 ALQUILA:

DEPARTAMENTO EN EDIFICIO BUCI, EL CUAL CONSTA DE:

LIVING COMEDOR.
COCINA.
TRES DORMITORIOS CON PLACARES.
BAÑO COMPLETO.
BAÑO TOULETTE.
AIRE ACONDICIONADO.
CALEFACCION CENTRAL.

VALOR: $ 890.00

EXPENSAS: $ 150.000

EL EDIFICIO POSEE SEGURIDAD 24HS.

SE ALQUILA AMOBLADO.",30453-1420
inmoclick:30453-1425,inmoclick,30453,1425,https://inmoclick.com/30453-zenoff-negocios-inmobiliarios/inmuebles/1425/ficha/departamento-en-alquiler-en-9-de-julio-n0-951-ciudad-provincia-de-mendoza,2026-09-09,,600000.0,ARS,10000.0,60.0,60.0,5.0,2.0,1.0,Departamento,Alquiler,Excelente,44.0,Capital,Mendoza,9 DE JULIO N° 951 - CIUDAD - PROVINCIA DE MENDOZA,-32.8894587,-68.8458386,Sin Cochera,1.0,False,False,,78000.0,False,,zenoff negocios inmobiliarios,Inmobiliaria,False,False,,"ZENOFF NEGOCIOS INMOBILIARIOS MAT. 1535 ALQUILA:

DEPARTAMENTO EN EL CORAZON DEL CENTRO, EL CUAL CONSTA DE:

Totalmente Renovado: Disfrutá de la sensación de estrenar un espacio moderno, impecable y listo para habitar.

2 Dormitorios: Espaciosos y cómodos, ideales para garantizar tu descanso.

Amplio Living-Comedor: Un ambiente cálido y versátil, el lugar perfecto para relajarte al llegar del trabajo o para recibir a tus amigos y familiares.

Cocina Equipada: Práctica, funcional y con todo lo necesario para inspirar tus mejores comidas.

1 Baño Completo: Moderno y con excelentes terminaciones.

Lavandería en ultimo piso: Un espacio pensado para facilitarte las tareas diarias con total comodidad.

Primer Piso Interno:

PRECIO: $ 600.000

EXPENSAS: $ 78.000

TODOS LOS SERVICIOS.",30453-1425
inmoclick:30453-1426,inmoclick,30453,1426,https://inmoclick.com/30453-zenoff-negocios-inmobiliarios/inmuebles/1426/ficha/departamento-en-alquiler-en-los-alamos-n0-1763-godoy-cruz-provincia-de-mendoza,2026-09-09,,550000.0,ARS,10000.0,55.0,55.0,4.0,1.0,1.0,Departamento,Alquiler,Excelente,18.0,Godoy Cruz,Mendoza,LOS ALAMOS N° 1763 - GODOY CRUZ - PROVINCIA DE MENDOZA,-32.9060466,-68.83918659999999,Sin Cochera,1.0,False,False,,30000.0,False,No,zenoff negocios inmobiliarios,Inmobiliaria,False,False,,"ZENOFF NEGOCIOS INMOBILIARIOS MAT. 1535 ALQUILA:

DEPARTAMENTO EN EXCELENTE ZONA DE GODOY CRUZ, EL CUAL CONSTA DE:

LIVING COMEDOR.
COCINA INTEGRADA.
DORMITORIO CON PLACARD.
BAÑO COMPLETO.

VALOR: $ 550.000

EXPENSAS: $ 30.000

TODOS LOS SERVICIOS.

EXCELENTE ZONA - ENTORNO.

NO SE PERMITEN ANIMALES.",30453-1426
inmoclick:30453-1428,inmoclick,30453,1428,https://inmoclick.com/30453-zenoff-negocios-inmobiliarios/inmuebles/1428/ficha/departamento-en-alquiler-en-rio-colorado-n0-3602-las-heras-provincia-de-mendoza,2026-09-09,,330000.0,ARS,13200.0,25.0,25.0,,,1.0,Departamento,Alquiler,Excelente,13.0,Las Heras,Mendoza,RIO COLORADO N° 3602 - LAS HERAS - PROVINCIA DE MENDOZA,-32.8466311,-68.8737708,Sin Cochera,1.0,False,False,False,,False,,zenoff negocios inmobiliarios,Inmobiliaria,False,False,,"ZENOFF NEGOCIOS INMOBILIARIOS MAT. 1535 ALQUILA:

DEPARTAMENTO TIPO MONOAMBIENTE, EL CUAL CONSTA DE:

ESPACIO LIBRE.
COCINA INTEGRADA.
BAÑO COMPLETO.

VALOR: $ 330.000

TODOS LOS SERVICIOS.

EXCELENTE ZONA - ENTORNO.

NO SE PERMITEN ANIMALES.",30453-1428
inmoclick:30453-1429,inmoclick,30453,1429,https://inmoclick.com/30453-zenoff-negocios-inmobiliarios/inmuebles/1429/ficha/departamento-en-alquiler-en-palmares-valley-las-lomas-lujan-de-cuyo-provincia-de-mendoza,2026-09-09,,1600.0,USD,8.88888888888889,180.0,200.0,5.0,2.0,2.0,Departamento,Alquiler,Excelente,4.0,Lujan de Cuyo,Mendoza,PALMARES VALLEY - LAS LOMAS - LUJAN DE CUYO - PROVINCIA DE MENDOZA,-32.9657395,-68.8851749,Garage,1.0,,,,350000.0,False,,zenoff negocios inmobiliarios,Inmobiliaria,False,False,,"ZENOFF NEGOCIOS INMOBILIARIOS MAT. 1535 ALQUILA:

¡Imperdible! Departamento de Categoría en Alquiler – Condominios Las Lomas
Ubicación Premium | Conectividad | Seguridad 24 hs

Excelente oportunidad de vivir en una de las zonas más exclusivas y demandadas, con el equilibrio perfecto entre la tranquilidad de las afueras y la cercanía urbana. Ubicado estratégicamente a minutos de Chacras de Coria, centros empresariales, malls, prestigiosos colegios y clubes.

Cuenta con una conectividad inmejorable y accesos rápidos a través del Corredor del Oeste y la nueva Panamericana.

DETALLES DE LA PROPIEDAD
El departamento se destaca por su disposición frontal, gran luminosidad, diseño moderno y terminaciones de primera calidad.

Recepción: Elegante hall de ingreso.

Área Social: Amplio y luminoso living-comedor con salida al balcón.

Cocina de Alta Gama: Equipada con anafe vitrocerámico, horno empotrado y modernas mesadas de Silestone.

Lavadero: Independiente y con amoblamiento completo de guardado.

Dormitorio Principal: Master Suite con vestidor a medida y baño completo.

Segundo Dormitorio: También en Suite, con su propio vestidor y baño completo.

Exteriores: Amplio balcón terraza ideal para relajarse.

Estacionamiento: Cochera cubierta de cómodo acceso.

TERMINACIONES Y CONFORT PREMIUM
La propiedad se entrega equipada con detalles de categoría listos para disfrutar:

Calefacción central por losa radiante.

Artefactos de iluminación LED colocados en todo el departamento.

AMENITIES DEL CONDOMINIO (Estilo Resort)
El complejo ofrece un estilo de vida único con servicios de primer nivel:

Piscina con deck solárium, vestuarios y sanitarios.

2 SUM (Salón de Usos Múltiples) totalmente equipados para eventos y reuniones sociales.

Sector de parrillas y cocina completa (anafe, microondas, heladera y vajilla).

Servicio exclusivo: Transfer directo a Palmares Open Mall.

Laundry de uso común.

SEGURIDAD Y CONDICIONES
Seguridad: Vigilancia privada y conserjería las 24 hs (control de acceso estricto).",30453-1429
inmoclick:30453-1431,inmoclick,30453,1431,https://inmoclick.com/30453-zenoff-negocios-inmobiliarios/inmuebles/1431/ficha/departamento-en-alquiler-en-francisco-alvarez-esquina-zeballos-dorrego-provincia-de-mendoza,2026-09-09,,400000.0,ARS,10000.0,40.0,45.0,4.0,1.0,1.0,Departamento,Alquiler,Regular,33.0,Guaymallen,Mendoza,FRANCISCO ALVAREZ ESQUINA ZEBALLOS - DORREGO - PROVINCIA DE MENDOZA,-32.9230233,-68.8341372,Sin Cochera,1.0,False,False,False,,False,,zenoff negocios inmobiliarios,Inmobiliaria,False,False,,"ZENOFF NEGOCIOS INMOBILIARIOS MAT. 1535 ALQUILA:

DEPARTAMENTO EN PLANTA BAJA, EL CUAL CONSTA DE:

LIVING COMEDOR.
COCINA INTEGRADA.
DORMITORIO.
BAÑO COMPLETO.
PEQUEÑO PATIO.

VALOR: $ 400.000

TODOS LOS SERVICIOS.

EXCELENTE ZONA - ENTORNO.

NO SE PERMITEN ANIMALEAS.",30453-1431
inmoclick:30453-1435,inmoclick,30453,1435,https://inmoclick.com/30453-zenoff-negocios-inmobiliarios/inmuebles/1435/ficha/departamento-en-alquiler-en-agustin-alvarez-n0-255-capital-provincia-de-mendoza,2026-09-09,,800000.0,ARS,16000.0,50.0,60.0,5.0,2.0,2.0,Departamento,Alquiler,Excelente,21.0,Capital,Mendoza,AGUSTIN ALVAREZ N° 255 - CAPITAL - PROVINCIA DE MENDOZA,-32.8867936,-68.8530684,Garage,1.0,,False,,400000.0,False,,zenoff negocios inmobiliarios,Inmobiliaria,False,False,,"ZENOFF NEGOCIOS INMOBILIARIOS MAT. 1535 ALQUILA:

DEPARTAMENTO EN VILLA CARRACA, EL CUAL CONSTA DE:

LIVING COMEDOR.
COCINA INTEGRADA.
DOS DORMITORIOS CON PLACARES.
BAÑO COMPLETO.
BAÑO TOULETTE.
COCHERA TECHADA.

VALOR: $ 800.000

EXPENSAS: $ 400.000

EL EDIFICIO POSEE SEGURIDAD 24HS, PILETA, GIMNASIO, SUM.

CATEGORIA.",30453-1435
inmoclick:30453-1441,inmoclick,30453,1441,https://inmoclick.com/30453-zenoff-negocios-inmobiliarios/inmuebles/1441/ficha/departamento-en-alquiler-en-santa-fe-n0-438-capital-provincia-de-mendoza,2026-09-09,,650000.0,ARS,10833.333333333334,60.0,75.0,5.0,2.0,1.0,Departamento,Alquiler,Excelente,12.0,Capital,Mendoza,SANTA FE N° 438 - CAPITAL - PROVINCIA DE MENDOZA,-32.87311447527111,-68.82888703902587,Garage,1.0,False,False,,35000.0,False,,zenoff negocios inmobiliarios,Inmobiliaria,False,False,,"ZENOFF NEGOCIOS INMOBILIARIOS MAT. 1535 ALQUILA:

DEPARTAMENTO EN SEGUNDO PISO (Escalera), EL CUAL CONSTA DE:

LIVING COMEDOR.
COCINA.
DOS DORMITORIOS CON PLACARES.
BAÑO COMPLETO.
ANTEBAÑO.
TERRAZA.
COCHERA TECHADA.

VALOR: $ 650.000

EXPENSAS: $ 35.000

TODOS LOS SERVICIOS.

EXCELENTE ZONA - ENTORNO.",30453-1441
inmoclick:30453-1443,inmoclick,30453,1443,https://inmoclick.com/30453-zenoff-negocios-inmobiliarios/inmuebles/1443/ficha/departamento-en-alquiler-en-espana-n0-1581-ciudad-provincia-de-mendoza,2026-09-09,,850000.0,ARS,11333.333333333334,75.0,86.0,6.0,2.0,2.0,Departamento,Alquiler,Excelente,27.0,Capital,Mendoza,ESPAÑA N° 1581 - CIUDAD - PROVINCIA DE MENDOZA,-32.88416112269315,-68.84019523223266,Garage,1.0,,False,,100000.0,False,,zenoff negocios inmobiliarios,Inmobiliaria,False,False,,"ZENOFF NEGOCIOS INMOBILIARIOS MAT. 1535 ALQUILA:

DEPARTAMENTO EN APART HOTEL, EL CUAL CONSTA DE:

LIVING COMEDOR.
COCINA CON DESAYUNADOR.
DORMITORIO PRINCIPAL CON BAÑO EN SUITE.
DORMITORIO CON PLACARD.
BAÑO COMPLETO.
COCHERA TECHADA.
BALCON.
AIRE ACONDICIONADO.

VALOR: $ 850.000

EXPENSAS: $ 100.000

EL EDIFICIO CUENTA CON SEGURIDAD Y CONSERJE 24HS - PILETA.

CATEGORIA.",30453-1443
inmoclick:30453-1448,inmoclick,30453,1448,https://inmoclick.com/30453-zenoff-negocios-inmobiliarios/inmuebles/1448/ficha/departamento-en-alquiler-en-litoral-lujan-de-cuyo-provincia-de-mendoza,2026-09-09,,800000.0,ARS,11111.111111111111,72.0,110.0,6.0,2.0,1.0,Departamento,Alquiler,Excelente,,Lujan de Cuyo,Mendoza,LITORAL - LUJAN DE CUYO - PROVINCIA DE MENDOZA,-32.96410250003077,-68.84175607135316,Garage,1.0,False,False,False,,False,,zenoff negocios inmobiliarios,Inmobiliaria,False,False,,"ZENOFF NEGOCIOS INMOBILIARIOS MAT. 1535 ALQUILA:

DEPARTAMENTO EN PLANTA BAJA, A ESTRENAR, EL CUAL CONSTA DE:

LIVING COMEDOR MUY AMPLIO.
COCINA INTEGRADA.
DOS DORMITORIOS CON PLACARES.
BAÑO COMPLETO.
ANTEBAÑO.
PATIO CON CHURRASQUERA.
PATIO TIPO TENDER.
COCHERA.

VALOR: $ 800.000

TODOS LOS SERVICIOS.

NO SE PERMITEN ANIMALES.",30453-1448
inmoclick:30453-1451,inmoclick,30453,1451,https://inmoclick.com/30453-zenoff-negocios-inmobiliarios/inmuebles/1451/ficha/departamento-en-alquiler-en-agustin-alvarez-n0-161-godoy-cruz-provincia-de-mendoza,2026-09-09,,780000.0,ARS,9176.470588235294,85.0,85.0,6.0,3.0,1.0,Departamento,Alquiler,Muy Bueno,30.0,Godoy Cruz,Mendoza,AGUSTIN ALVAREZ N° 161 - GODOY CRUZ - PROVINCIA DE MENDOZA,-32.9286268,-68.8583963,Sin Cochera,1.0,False,False,,13000.0,False,,zenoff negocios inmobiliarios,Inmobiliaria,False,False,,"ZENOFF NEGOCIOS INMOBILIARIOS MAT. 1535 ALQUILA:

DEPARTAMENTO EN PRIMER PISO (Escalera), EL CUAL CONSTA DE:

LIVING COMEDOR.
COCINA COMEDOR.
TRES DORMITORIOS CON PLACARES.
PISOS PARQUET.
LAVANDERIA,.
CHURRASQUERA.

VALOR: $ 780.000

EXPENSAS: $ 13.000

TODOS LOS SERVICIOS.

NO SE PERMITEN ANIMALES.",30453-1451
inmoclick:30453-1452,inmoclick,30453,1452,https://inmoclick.com/30453-zenoff-negocios-inmobiliarios/inmuebles/1452/ficha/departamento-en-alquiler-en-9-de-julio-esquina-peatonal-capital-provincia-de-mendoza,2026-09-09,,650.0,USD,8.125,80.0,80.0,,2.0,2.0,Departamento,Alquiler,Excelente,44.0,Capital,Mendoza,9 DE JULIO ESQUINA PEATONAL - CAPITAL - PROVINCIA DE MENDOZA,-32.8894587,-68.8458386,Sin Cochera,1.0,False,,,80000.0,,,zenoff negocios inmobiliarios,Inmobiliaria,False,False,,"ZENOFF NEGOCIOS INMOBILIARIOS MAT. 1535 ALQUILA:

Cuarto piso, muy confortable, con 2 dormitorios amplios con placares de piso a techo, piso de madera y equipados cada uno con aire acondicionado, un baño completo amplio con bañera y un segundo baño completo, nuevo, amplia cocina y luminoso living y comedor principal equipado con aire acondicionado y calefacción por tiro balanceado integral, se encuentra totalmente equipado y amoblado, listo para disfrutar.",30453-1452
inmoclick:30453-1453,inmoclick,30453,1453,https://inmoclick.com/30453-zenoff-negocios-inmobiliarios/inmuebles/1453/ficha/departamento-en-alquiler-en-torres-karakorum-capital-provincia-de-mendoza,2026-09-09,,730000.0,ARS,14600.0,50.0,60.0,5.0,1.0,1.0,Departamento,Alquiler,Muy Bueno,19.0,Capital,Mendoza,TORRES KARAKORUM - CAPITAL - PROVINCIA DE MENDOZA,-32.86832055886843,-68.85759740432128,Garage,1.0,,False,,130000.0,False,,zenoff negocios inmobiliarios,Inmobiliaria,False,False,,"ZENOFF NEGOCIOS INMOBILIARIOS MAT. 1535 ALQUILA:

DEPARTAMENTO DE CATEGORIA, EL CUAL CONSTA DE:

- 🛏️ 1 dormitorio
- 🛁 1 baño completo
- 🍳 Cocina integrada
- 🛋️ Estar-comedor
- 🌿 Balcón corrido
- 🚗 Cochera cubierta subterránea
- 🏢 Amenities de primer nivel
- 🔒 Seguridad 24 horas (monitoreo y vigilancia presencial)
- 🚫🐾 No se aceptan mascotas

VALOR: $ 730.000

EXPENSAS: $ 130.000

TODOS LOS SERVICIOS.

CATEGORIA.",30453-1453
inmoclick:30453-1465,inmoclick,30453,1465,https://inmoclick.com/30453-zenoff-negocios-inmobiliarios/inmuebles/1465/ficha/departamento-en-alquiler-en-san-martin-n0-1772-capital-provincia-de-mendoza,2026-09-09,,400000.0,ARS,10000.0,40.0,40.0,2.0,1.0,1.0,Departamento,Alquiler,Excelente,21.0,Capital,Mendoza,SAN MARTIN N° 1772 - CAPITAL - PROVINCIA DE MENDOZA,-32.8894587,-68.8458386,Sin Cochera,1.0,False,False,,60000.0,False,,zenoff negocios inmobiliarios,Inmobiliaria,False,False,,"ZENOFF NEGOCIOS INMOBILIARIOS MAT. 1535 ALQUILA:

DEPARTAMENTO NUEVO CENTRICO (SAN MARTIN Y CORDOBA)
1 DORMITORIO.
AIRE ACONDICIONADO.
 CALEFACCION , WIFI,
CENTRICO EXCELENTES CONDICIONES, 

VALOR: $ 400.000

EXPENSAS: $ 60.000

TODOS LOS SERVICIOS.

NO SE PERMITEN ANIMALES.",30453-1465
inmoclick:30453-1466,inmoclick,30453,1466,https://inmoclick.com/30453-zenoff-negocios-inmobiliarios/inmuebles/1466/ficha/departamento-en-alquiler-en-martin-zapata-n0-380-capital-provincia-de-mendoza,2026-09-09,,1600000.0,ARS,13333.333333333334,120.0,130.0,6.0,4.0,4.0,Departamento,Alquiler,Excelente,26.0,Capital,Mendoza,MARTIN ZAPATA N° 380 - CAPITAL - PROVINCIA DE MENDOZA,-32.8898042,-68.8561119,Garage,1.0,False,False,,220000.0,False,,zenoff negocios inmobiliarios,Inmobiliaria,False,False,,"ZENOFF NEGOCIOS INMOBILIARIOS MAT. 1535 ALQUILA:

Departamento en quinta sección, frontal sobre calle Martín Zapata casi Martínez de Rosas. Moderno, con la mejor orientación (norte), a dos cuadras de Arístides Villanueva, a pocas cuadras del Parque Gral. San Martín, y del centro de Mendoza. Luminoso, con dos patios internos, más balcón. Zona Escolar

Consta de amplio Living comedor, con vista al balcón que da sobre Martín Zapata, con ventanal sobre patio interno. Cocina completamente equipada, con lugar de guardado. 3 habitaciones (una de ellas con baño en suite, las otras dos comparten otro baño). Todas con amplios placares. Habitación de servicio independiente, con baño. (Total, 4 habitaciones, 4 baños). Calefacción central.
Cochera propia con portón automático.
Amenities: el edificio cuenta con piscina, y salón de usos múltiples con churrasquera en el último piso.",30453-1466
inmoclick:30453-1468,inmoclick,30453,1468,https://inmoclick.com/30453-zenoff-negocios-inmobiliarios/inmuebles/1468/ficha/departamento-en-alquiler-en-madrid-n0-2460-godoy-cruz-provincia-de-mendoza,2026-09-09,,510000.0,ARS,11333.333333333334,45.0,45.0,5.0,1.0,1.0,Departamento,Alquiler,Excelente,24.0,Godoy Cruz,Mendoza,MADRID N° 2460 - GODOY CRUZ - PROVINCIA DE MENDOZA,-32.9490652,-68.8642012,Garage,1.0,,False,False,,False,,zenoff negocios inmobiliarios,Inmobiliaria,False,False,,"ZENOFF NEGOCIOS INMOBILIARIOS MAT. 1535 ALQUILA:

Departamento en dos plantas, luminoso y funcional, ubicado en una zona tranquila y residencial. Perfecto para quienes buscan comodidad y buena conectividad sin renunciar a la tranquilidad del barrio.

Características principales:
- 🛏️ Dormitorio amplio en planta alta con placard
- 🍽️ Cocina comedor en planta baja
- 🚿 Baño en planta baja
- ☀️ Muy luminoso con buena ventilación
- 🚗 Espacio al aire libre para estacionar vehículo mediano (sin techo)
- 🛒 A 7 cuadras de Changomás
- 🌳 A 15 minutos caminando de Parque Benegas y Mall Palmares
- 🚌 A 2 cuadras de la parada de colectivos

VALOR: $ 510.000",30453-1468
inmoclick:30453-1476,inmoclick,30453,1476,https://inmoclick.com/30453-zenoff-negocios-inmobiliarios/inmuebles/1476/ficha/departamento-en-alquiler-en-dr-miyara-b-las-condes-capital-provincia-de-mendoza,2026-09-09,,530000.0,ARS,11777.777777777776,45.0,55.0,5.0,1.0,1.0,Departamento,Alquiler,Excelente,16.0,Capital,Mendoza,DR MIYARA. B LAS CONDES - CAPITAL - PROVINCIA DE MENDOZA,-32.86637408273886,-68.87891560157165,Garage,1.0,False,False,,20000.0,False,,zenoff negocios inmobiliarios,Inmobiliaria,False,False,,"ZENOFF NEGOCIOS INMOBILIARIOS MAT. 1535 ALQUILA:

DEPARTAMENTO EN PLANTA ALTA (Escalera), EL CUAL CONSTA DE:

LIVING COMEDOR.
COCINA INTEGRADA.
DORMITORIO CON PLACARD.
BAÑO COMPLETO.
COCHERA TECHADA.
BALCON.

VALOR: $ 530.000

EXPENSAS: $ 20.000

TODOS LOS SERVICIOS.

NO SE PERMITEN ANIMALES.

EXCELENTE UBICACION. - ENTORNO.",30453-1476
inmoclick:30453-1493,inmoclick,30453,1493,https://inmoclick.com/30453-zenoff-negocios-inmobiliarios/inmuebles/1493/ficha/departamento-en-alquiler-en-beltran-n0-1200-godoy-cruz-provincia-de-mendoza,2026-09-09,,500000.0,ARS,11111.111111111111,45.0,60.0,4.0,1.0,1.0,Departamento,Alquiler,Excelente,11.0,Godoy Cruz,Mendoza,BELTRAN N° 1200 - GODOY CRUZ - PROVINCIA DE MENDOZA,-32.9121925,-68.8507408,Garage,1.0,,False,False,,False,,zenoff negocios inmobiliarios,Inmobiliaria,False,False,,"ZENOFF NEGOCIOS INMOBILIARIOS MAT. 1535 ALQUILA:

DEPARTAMENTO EN PLANTA BAJA, EL CUAL CONSTA DE:

LIVING COMEDOR.
COCINA INTEGRADA.
DORMITORIO CON PLACARD.
BAÑO COMPLETO.
PATIO.
ESPACIO PARA ESTACIONAMIENTO.

VALOR: $ 500.000

NO PAGA EXPENSAS.

TODOS LOS SERVICIOS.

NO SE PERMITEN ANIMALES.",30453-1493
inmoclick:30453-1500,inmoclick,30453,1500,https://inmoclick.com/30453-zenoff-negocios-inmobiliarios/inmuebles/1500/ficha/departamento-en-alquiler-en-espejo-n0-1365-dorrego-guaymallen-provincia-de-mendoza,2026-09-09,,380000.0,ARS,15200.0,25.0,25.0,3.0,1.0,1.0,Departamento,Alquiler,Excelente,36.0,Guaymallen,Mendoza,ESPEJO N° 1365 - DORREGO - GUAYMALLEN - PROVINCIA DE MENDOZA,-32.9081086,-68.8273078,Sin Cochera,1.0,False,,False,,False,,zenoff negocios inmobiliarios,Inmobiliaria,False,False,,"ZENOFF NEGOCIOS INMOBILIARIOS MAT. 1535 ALQUILA:

DEPARTAMENTO EN PLANTA BAJA, EL CUAL CONSTA DE:

LIVING COMEDOR.
COCINA INTEGRADA.
DORMITORIO CON PLACARD.
BAÑO COMPLETO.
AIRE ACONDICIONADO.

VALOR: $ 380.000

TODOS LOS SERVICIOS.

NO SE PERMITEN ANIMALES.

EL DEPARTAMENTO SE ALQUILA TOTALMENTE AMOBLADO.",30453-1500
inmoclick:30453-1501,inmoclick,30453,1501,https://inmoclick.com/30453-zenoff-negocios-inmobiliarios/inmuebles/1501/ficha/departamento-en-alquiler-en-san-martin-n0-1363-las-heras-provincia-de-mendoza,2026-09-09,,350000.0,ARS,14000.0,25.0,25.0,,,1.0,Departamento,Alquiler,Regular,30.0,Las Heras,Mendoza,SAN MARTIN N° 1363 - LAS HERAS - PROVINCIA DE MENDOZA,-32.8518022,-68.84127629999999,Sin Cochera,,,False,False,,False,,zenoff negocios inmobiliarios,Inmobiliaria,False,False,,"ZENOFF NEGOCIOS INMOBILIARIOS MAT. 1535 ALQUILA:

DEPARTAMENTO EN PLANTA ALTA, POR ESCALERA, EL CUAL CONSTA DE:

LIVING COMEDOR.
COCINA INTEGRADA.
ESPACIO PARA HABITACION.
BAÑO COMPLETO.

VALOR: $ 350.000

NO PAGA EXPENSAS.

EL DEPARTAMENTO ES TIPO MONOAMBIENTE.

ENTRADA COMPARTIDA POR COCHERA.

EXCELENTE ZONA - ENTORNO.",30453-1501
inmoclick:30453-1505,inmoclick,30453,1505,https://inmoclick.com/30453-zenoff-negocios-inmobiliarios/inmuebles/1505/ficha/departamento-en-alquiler-en-las-heras-n0-147-godoy-cruz-provincia-de-mendoza,2026-09-09,,445000.0,ARS,11125.0,40.0,40.0,4.0,1.0,1.0,Departamento,Alquiler,Excelente,13.0,Godoy Cruz,Mendoza,LAS HERAS N° 147 - GODOY CRUZ - PROVINCIA DE MENDOZA,-32.9259651,-68.8470736,Sin Cochera,1.0,,False,,31000.0,False,,zenoff negocios inmobiliarios,Inmobiliaria,False,False,,"ZENOFF NEGOCIOS INMOBILIARIOS MAT. 1535 ALQUILA:

DEPARTAMENTO EN COMPLEJO MUY SEGURO, EL CUAL CONSTA DE:

LIVING COMEDOR.
COCINA INTEGRADA.
DORMITORIO CON PLACARD.
BAÑO COMPLETO.
ANTEBAÑO.

VALOR: $ 445.000

EXPENSAS: $ 31.000

EXCELENTE UBICACION - ENTORNO.

NO SE PERMITEN ANIMALES.",30453-1505
inmoclick:30453-1514,inmoclick,30453,1514,https://inmoclick.com/30453-zenoff-negocios-inmobiliarios/inmuebles/1514/ficha/departamento-en-alquiler-en-b0-senderos-de-cochabamba-guaymallen-provincia-de-mendoza,2026-09-09,,750000.0,ARS,11538.46153846154,65.0,75.0,5.0,2.0,1.0,Departamento,Alquiler,Excelente,10.0,Guaymallen,Mendoza,B° SENDEROS DE COCHABAMBA - GUAYMALLEN - PROVINCIA DE MENDOZA,-32.9148425,-68.790388,Garage,1.0,,,,30000.0,False,,zenoff negocios inmobiliarios,Inmobiliaria,False,False,,"ZENOFF NEGOCIOS INMOBILIARIOS MAT. 1535 ALQUILA:

ALQUILER DEPARTAMENTO EQUIPADO:

El mismo se encuentra en el B Senderos de Cochabamba a metros de Elpidio, Urquiza y Azcuenaga en Guaymallén.

Características:
PLANTA BAJA, LIVING COMEDOR, COCINA, BAÑO, 2 DORMITORIOS CON PLACAR. CALEFACCION, COCHERA CON PORTON.

Máximo 4 Personas
Sin Mascotas

VALOR: $ 750.000",30453-1514
inmoclick:30453-1515,inmoclick,30453,1515,https://inmoclick.com/30453-zenoff-negocios-inmobiliarios/inmuebles/1515/ficha/departamento-en-alquiler-en-pellegrini-n0-814-guaymallen-provincia-de-mendoza,2026-09-09,,800000.0,ARS,10000.0,80.0,90.0,4.0,2.0,2.0,Departamento,Alquiler,Excelente,20.0,Guaymallen,Mendoza,PELLEGRINI N° 814 - GUAYMALLEN - PROVINCIA DE MENDOZA,-32.9028208,-68.80470040000002,Garage,1.0,False,,,100000.0,False,,zenoff negocios inmobiliarios,Inmobiliaria,False,False,,"ZENOFF NEGOCIOS INMOBILIARIOS MAT. 1535 ALQUILA:

📍 Ubicación: San José Guaymallén, en inmediaciones de Carril Godoy Cruz y Costanera de MENDOZA

DISPONIBILIDAD INMEDIATA
Contrato Trimestral, semestral o anual

✨ Características:
Living comedor luminoso
Cocina separada
2 dormitorios
1 baño completo
1Toilette
Patio
Cochera para un auto

🛋️ Equipamiento:
-Totalmente amoblado
-Cocina equipada con Utensilios básicos
- Incluye frazadas y almohadas en caso de necesitar (no incluye sábanas y toallones)
-Aire acondicionado en todos los ambientes
- TV y Wi Fi Claro

💰 Precio mensual: $800.000
⚡ Expensas + Internet mensual + Agua + Municipalidad: $150.000

🐾 No se aceptan mascotas
🏠 Pago de impuestos de luz y gas según consumo de inquilino",30453-1515
inmoclick:30453-1523,inmoclick,30453,1523,https://inmoclick.com/30453-zenoff-negocios-inmobiliarios/inmuebles/1523/ficha/departamento-en-alquiler-en-boulogne-sur-mer-n0-55-ciudad-provincia-de-mendoza,2026-09-09,,600000.0,ARS,10000.0,60.0,70.0,5.0,2.0,1.0,Departamento,Alquiler,Excelente,20.0,Capital,Mendoza,BOULOGNE SUR MER N° 55 - CIUDAD - PROVINCIA DE MENDOZA,-32.90077355254913,-68.8641205366455,Sin Cochera,1.0,,False,,105000.0,False,,zenoff negocios inmobiliarios,Inmobiliaria,False,False,,"ZENOFF NEGOCIOS INMOBILIARIOS MAT. 1535 ALQUILA:

DEPARTAMENTO EN TORRES, EL CUAL CONSTA DE:

LIVING COMEDOR.
COCINA.
DOS DORMITORIOS CON PLACARES.
BAÑO COMPLETO.
BALCON.

VALOR: $ 600.000

EXPENSAS: $ 105.000

TODOS LOS SERVICIOS.

EXCELENTE UBICACION - ENTORNO.",30453-1523
inmoclick:30453-1525,inmoclick,30453,1525,https://inmoclick.com/30453-zenoff-negocios-inmobiliarios/inmuebles/1525/ficha/departamento-en-alquiler-en-infanta-n0-34-ciudad-provincia-de-mendoza,2026-09-09,,750000.0,ARS,9375.0,80.0,100.0,6.0,3.0,2.0,Departamento,Alquiler,Excelente,28.0,Capital,Mendoza,INFANTA N° 34 - CIUDAD - PROVINCIA DE MENDOZA,-32.8894587,-68.8458386,Sin Cochera,1.0,False,False,,160000.0,False,,zenoff negocios inmobiliarios,Inmobiliaria,False,False,,"ZENOFF NEGOCIOS INMOBILIARIOS MAT. 1535 ALQUILA:

🛏️ 3 dormitorios con amplios placares empotrados.
🚿 2 baños completos.
🛋️ Living-comedor de generosas dimensiones.
🍽️ Cocina comedor independiente.
🧺 Lavandería separada.
🚪 Habitación de servicio.
🌳 Amplio balcón con vista abierta y excelente iluminación natural, vista al oeste.
🪵 Pisos de parquet en impecable estado.
📦 Baulera propia.
📍Ubicado en una de las mejores zonas del centro de Mendoza, con acceso inmediato a comercios, bancos, colegios, restaurantes y transporte público.

🟢 Disponible de inmediato
💰 Alquiler: $750.000/mes – ajuste trimestral por IPC
📄 Contrato: 24 meses – Depósito: 2 meses",30453-1525
inmoclick:30453-1533,inmoclick,30453,1533,https://inmoclick.com/30453-zenoff-negocios-inmobiliarios/inmuebles/1533/ficha/departamento-en-alquiler-en-mendoza-norte-las-heras-provincia-de-mendoza,2026-09-09,,1200.0,USD,9.23076923076923,130.0,145.0,6.0,3.0,3.0,Departamento,Alquiler,Excelente,,Las Heras,Mendoza,MENDOZA NORTE - LAS HERAS - PROVINCIA DE MENDOZA,-32.8518022,-68.84127629999999,Garage,2.0,,False,,350000.0,,,zenoff negocios inmobiliarios,Inmobiliaria,False,False,,"ZENOFF NEGOCIOS INMOBILIARIOS MAT. 1535 ALQUILA:

DEPARTAMENTO TIPO DUPLEX, EL CUAL CONSTA DE:

PLANTA BAJA:
- ⁠Cocina integrada con barra
- Estar-comedor
- Toilette
- Lavanderia separada
- Patio de servicio
- Patio con churrasquera

PLANTA ALTA:
-3 dormitorios (dormitorio principal en suite con vestidor y balcon)
-2 baños completos

Cochera pergolada para 1 vehiculo
Se entregan parquizados

Cada duplex cuenta con calefacción por losa radiante, pisos y revestimientos de porcelanato, pre-instalaciones de aires acondicionados, carpinterías de aluminio de doble vidrio.

MASCOTAS: maximo dos mascotas por unidad, dependiendo sus tamaños",30453-1533
inmoclick:30453-1537,inmoclick,30453,1537,https://inmoclick.com/30453-zenoff-negocios-inmobiliarios/inmuebles/1537/ficha/departamento-en-alquiler-en-honorio-barraquero-n0-145-capital-provincia-de-mendoza,2026-09-09,,750000.0,ARS,18750.0,40.0,50.0,4.0,1.0,1.0,Departamento,Alquiler,Excelente,26.0,Capital,Mendoza,HONORIO BARRAQUERO N° 145 - CAPITAL - PROVINCIA DE MENDOZA,-32.9056313,-68.8417314,Garage,1.0,,,False,,False,,zenoff negocios inmobiliarios,Inmobiliaria,False,False,,"ZENOFF NEGOCIOS INMOBILIARIOS MAT. 1535 ALQUILA:

Departamento Amoblado
1 Dormitorio
Ante baño y baño con bañera
Living comedor
Cocina
Patio interno

VALOR: $ 750.000",30453-1537
inmoclick:30453-1538,inmoclick,30453,1538,https://inmoclick.com/30453-zenoff-negocios-inmobiliarios/inmuebles/1538/ficha/departamento-en-alquiler-en-francisco-de-miranda-guaymallen-provincia-de-mendoza,2026-09-09,,700000.0,ARS,12727.272727272728,55.0,65.0,5.0,2.0,1.0,Departamento,Alquiler,Excelente,6.0,Guaymallen,Mendoza,FRANCISCO DE MIRANDA - GUAYMALLEN - PROVINCIA DE MENDOZA,-32.87505096302248,-68.83456419,Garage,1.0,False,False,,50000.0,False,,zenoff negocios inmobiliarios,Inmobiliaria,False,False,,"ZENOFF NEGOCIOS INMOBILIARIOS MAT. 1535 ALQUILA:

¡Hermoso departamento en alquiler! Excelente estado y súper luminoso ☀️✨

Se alquila hermoso departamento, primer piso listo para mudarse, en un entorno muy tranquilo y seguro. Ubicado en una zona muy linda caracterizada por complejos bajos (solo un piso) y con garita de vigilancia a solo media cuadra. (en el caso de querer vigilancia al departamento se paga extra). Excelente conectividad con accesos y medios de transporte.

Características del departamento:

🍽️ Cocina separada cómoda y funcional.

🛋️ Living-comedor amplio e iluminado, equipado con aire acondicionado.

🛏️ 2 habitaciones luminosas, ambas con cómodos placares (la principal cuenta con su propio aire acondicionado).

🚿 1 baño completo y muy cómodo.

🪴 Mini balcón ideal para tomar aire fresco.

🚗 Cochera con rejas para mayor tranquilidad.

Seguridad y detalles adicionales:

Acceso por escalera (primer piso).

Doble ingreso de seguridad: puerta principal + reja de protección.

Propiedad en impecable estado de conservación.
Expensas aprox. $50.000 (es el agua y la luz compartida).",30453-1538
inmoclick:30453-1539,inmoclick,30453,1539,https://inmoclick.com/30453-zenoff-negocios-inmobiliarios/inmuebles/1539/ficha/departamento-en-alquiler-en-patricias-mendocinas-n0-559-godoy-cruz-provincia-de-mendoza,2026-09-09,,690000.0,ARS,10615.384615384615,65.0,80.0,5.0,2.0,1.0,Departamento,Alquiler,Excelente,36.0,Godoy Cruz,Mendoza,PATRICIAS MENDOCINAS N° 559 - GODOY CRUZ - PROVINCIA DE MENDOZA,-32.9052605,-68.8511973,Sin Cochera,1.0,,False,False,,False,,zenoff negocios inmobiliarios,Inmobiliaria,False,False,,"ZENOFF NEGOCIOS INMOBILIARIOS MAT. 1535 ALQUILA:

Departamento tipo casa en planta baja. Muy luminoso, dos dormitorios, living, cocina comedor, baño, dos patios internos de uso exclusivo, amplio placard, sin cochera. Amoblado y equipado con vajilla completa, y algunos enseres.

Ubicado en Barrio Bombal, sobre calle Patricias Mendocinas a media cuadra de Beltrán. Zona muy tranquila y segura de Godoy Cruz, cercana al Centro Cívico, y al Parque Gral. San Martín, la zona cuenta con servicios de colectivos, ciclovía y metrotranvía.
No paga expensas.
Superficie: 80 metros total/65 metros cubiertos",30453-1539
inmoclick:30453-1543,inmoclick,30453,1543,https://inmoclick.com/30453-zenoff-negocios-inmobiliarios/inmuebles/1543/ficha/departamento-en-alquiler-en-hernandez-y-ameghino-maipu-provincia-de-mendoza,2026-09-09,,580000.0,ARS,6444.444444444444,90.0,110.0,6.0,2.0,1.0,Departamento,Alquiler,Excelente,44.0,Maipu,Mendoza,HERNANDEZ Y AMEGHINO - MAIPU - PROVINCIA DE MENDOZA,-32.9531263,-68.7842112,Garage,1.0,,False,False,,,,zenoff negocios inmobiliarios,Inmobiliaria,False,False,,"ZENOFF NEGOCIOS INMOBILIARIOS MAT. 1535 ALQUILA:

Alquiler departamento de 2 dormitorios con cochera en General Gutiérrez.

La propiedad cuenta con cocina, baño completo, dos dormitorios luminosos, patio interno propio y cochera doble, total 95m². 

Dispone de gas natural y todos los servicios al día.

Ubicado en una zona estratégica de General Gutiérrez, Maipú. Emplazado a 3 cuadras de la concurrida calle Maza, ofreciendo la comodidad de tener comercios, supermercados y paradas de colectivos a pocos metros.",30453-1543
inmoclick:30453-1544,inmoclick,30453,1544,https://inmoclick.com/30453-zenoff-negocios-inmobiliarios/inmuebles/1544/ficha/departamento-en-alquiler-en-santa-fe-n0-119-capital-provincia-de-mendoza,2026-09-09,,550000.0,ARS,7857.142857142857,70.0,80.0,5.0,2.0,1.0,Departamento,Alquiler,Excelente,32.0,Capital,Mendoza,SANTA FE N° 119 - CAPITAL - PROVINCIA DE MENDOZA,-32.8894587,-68.8458386,Sin Cochera,1.0,False,False,False,,,,zenoff negocios inmobiliarios,Inmobiliaria,False,False,,"ZENOFF NEGOCIOS INMOBILIARIOS MAT. 1535 ALQUILA:

DEPARTAMENTO, EL CUAL CONSTA DE:

Propiedad de 2 dormitorios, un baño, cocina comedor, lavadero, patio pequeño con churrasquera. 

Son aproximadamente 80 metros cuadrados.

Se aceptan mascotas. 

El valor es de 550.000, no tiene expensas, se aceptan mascota.",30453-1544
inmoclick:30453-1549,inmoclick,30453,1549,https://inmoclick.com/30453-zenoff-negocios-inmobiliarios/inmuebles/1549/ficha/departamento-en-alquiler-en-paso-de-guana-n0-2659-maipu-provincia-de-mendoza,2026-09-09,,510000.0,ARS,10200.0,50.0,60.0,4.0,1.0,1.0,Departamento,Alquiler,Excelente,26.0,Maipu,Mendoza,PASO DE GUANA N° 2659 - MAIPU - PROVINCIA DE MENDOZA,-32.9409546,-68.8081723,Garage,1.0,False,False,False,,False,,zenoff negocios inmobiliarios,Inmobiliaria,False,False,,"ZENOFF NEGOCIOS INMOBILIARIOS MAT. 1535 ALQUILA:

DEPARTAMENTO EN ZONA MUY TRANQUILA, SIMILAR CASA, EL CUAL CONSTA DE:

LIVING COMEDOR.
COCINA INTEGRADA.
DORMITORIO CON PLACARD.
BAÑO COMPLETO.
LAVANDERIA.
PATIO.
COCHERA TECHADA.
ESPACIO DE GUARDADO.

VALOR: $ 510.000

TODOS LOS SERVICIOS.

EXCELENTE ZONA - ENTORNO.",30453-1549
inmoclick:30453-1550,inmoclick,30453,1550,https://inmoclick.com/30453-zenoff-negocios-inmobiliarios/inmuebles/1550/ficha/departamento-en-alquiler-en-cofraternidad-ferroviaria-ciudad-provincia-de-mendoza,2026-09-09,,550000.0,ARS,6875.0,80.0,80.0,5.0,2.0,1.0,Departamento,Alquiler,Excelente,13.0,Capital,Mendoza,COFRATERNIDAD FERROVIARIA - CIUDAD - PROVINCIA DE MENDOZA,-32.868023183336014,-68.81917744239196,Sin Cochera,1.0,,False,False,,False,,zenoff negocios inmobiliarios,Inmobiliaria,False,False,,"ZENOFF NEGOCIOS INMOBILIARIOS MAT. 1535 ALQUILA:

Departamento de categoría, nuevo, ideal para vivienda de una o dos personas. Espacios bien distribuidos y pensados para ofrecer confort, privacidad y funcionalidad: ambiente luminoso en planta alta que brinda tranquilidad y excelente ventilación natural durante todo el día. Ideal para quien busca un hogar moderno y seguro.

Características principales:
- 🛏️ 1 habitación
- 🖥️ 1 sala de estudio
- 🍽️ Cocina/Comedor
- 🧺 Lavandería
- 🚿 1 baño
- 👤 Dueño directo
- ☀️ Muy luminoso (planta alta)
- 🛡️ Sistema de alarma y cámaras
- 🌬️ Excelente ventilación",30453-1550
inmoclick:30453-1552,inmoclick,30453,1552,https://inmoclick.com/30453-zenoff-negocios-inmobiliarios/inmuebles/1552/ficha/departamento-en-alquiler-en-pueyrredon-n0-332-dorrego-guaymallen-provincia-de-mendoza,2026-09-09,,430000.0,ARS,14333.333333333334,30.0,40.0,3.0,1.0,1.0,Departamento,Alquiler,Excelente,29.0,Guaymallen,Mendoza,PUEYRREDON N° 332 - DORREGO - GUAYMALLEN - PROVINCIA DE MENDOZA,-32.9079902,-68.8343651,Garage,1.0,False,,False,,False,,zenoff negocios inmobiliarios,Inmobiliaria,False,False,,"ZENOFF NEGOCIOS INMOBILIARIOS MAT. 1535 ALQUILA:

DEPARTAMENTO AMOBLADO, EL CUAL CONSTA DE:

LIVING COMEDOR.
COCINA INTEGRADA.
DORMITORIO.
BAÑO COMPLETO.
PEQUEÑO PATIO.
COCHERA TECHADA COMPARTIDA.

VALOR: $ 430.000

NO PAGA EXPENSAS.

EL DEPARTAMENTO ES INTERNO.

SE COMPARTE COCHERA.

TODOS LOS SERVICIOS.",30453-1552
inmoclick:30453-1555,inmoclick,30453,1555,https://inmoclick.com/30453-zenoff-negocios-inmobiliarios/inmuebles/1555/ficha/departamento-en-alquiler-en-belgrano-n0-1132-ciudad-provincia-de-mendoza,2026-09-09,,950000.0,ARS,19000.0,50.0,60.0,5.0,1.0,1.0,Departamento,Alquiler,Excelente,35.0,Capital,Mendoza,BELGRANO N° 1132 - CIUDAD - PROVINCIA DE MENDOZA,-32.888611829658565,-68.8499638374649,Garage,1.0,False,,,105000.0,False,,zenoff negocios inmobiliarios,Inmobiliaria,False,False,,"ZENOFF NEGOCIOS INMOBILIARIOS MAT. 1535 ALQUILA:

DEPARTAMENTO EN EDIFICIO MUY SEGURO, EL CUAL CONSTA DE:

LIVING COMEDOR.
COCINA.
DORMITORIO CON PLACARD.
BAÑO COMPLETO.
BALCON.
COCHERA TECHADA.

VALOR: $ 950.000

EXPENSAS: $ 105.000

TODOS LOS SERVICIOS.

EL EDIFICIO CUENTA CON CHURRASQUERA.

POSIBILIDAD DE ALQUILAR AMOBLADO: $ 1.150.000

NO SE ACEPTAN ANIMALES.",30453-1555
inmoclick:30453-1556,inmoclick,30453,1556,https://inmoclick.com/30453-zenoff-negocios-inmobiliarios/inmuebles/1556/ficha/departamento-en-alquiler-en-adolfo-calle-n0-184-guaymallen-provincia-de-mendoza,2026-09-09,,300000.0,ARS,16666.666666666668,18.0,20.0,,,1.0,Departamento,Alquiler,Excelente,28.0,Guaymallen,Mendoza,ADOLFO CALLE N° 184 - GUAYMALLEN - PROVINCIA DE MENDOZA,-32.8995904,-68.83344579999999,Sin Cochera,1.0,,False,False,,False,,zenoff negocios inmobiliarios,Inmobiliaria,False,False,,"ZENOFF NEGOCIOS INMOBILIARIOS MAT. 1535 ALQUILA:

DEPARTAMENTO EN PLANTA ALTA, POR ESCALERA, EL CUALL CONSTA DE:

LIVING COMEDOR.
COCINA INTEGRADA.
DORMITORIO INTEGRADO.
BAÑO.
PEQUEÑO PATIO.

VALOR: $ 300.000

TODOS LOS SERVICIOS.

ES MONOAMBIENTE.

NO SE ACEPTAN ANIMALES.",30453-1556
inmoclick:30453-1559,inmoclick,30453,1559,https://inmoclick.com/30453-zenoff-negocios-inmobiliarios/inmuebles/1559/ficha/departamento-en-alquiler-en-rincones-de-boedo-lujan-de-cuyo-provincia-de-mendoza,2026-09-09,,990.0,USD,14.142857142857142,70.0,80.0,5.0,2.0,1.0,Departamento,Alquiler,Excelente,,Lujan de Cuyo,Mendoza,RINCONES DE BOEDO - LUJAN DE CUYO - PROVINCIA DE MENDOZA,-32.98897690996681,-68.82510913529053,Garage,1.0,,False,,180000.0,,,zenoff negocios inmobiliarios,Inmobiliaria,False,False,,"ZENOFF NEGOCIOS INMOBILIARIOS MAT. 1535 ALQUILA:

Un Barrio Privado, pero de 55 Departamentos Increíbles PREMIUM.

LA MEJOR UBICACIÓN. Con vista a todos los departamentos. ORIENTACIÓN NORTE

Sum. Cochera. Pet Friendly. Bike Parking. Espacios Verdes. Ascensor

2 Habitaciones
1 Baño. Incluye Cortinas, Espejo de baño con LED, 1 Aire Acondicionado Nuevo.

VALOR: U$D 990

EXPENSAS: $ 180.000

CATEGORIA.",30453-1559
inmoclick:30453-1560,inmoclick,30453,1560,https://inmoclick.com/30453-zenoff-negocios-inmobiliarios/inmuebles/1560/ficha/departamento-en-alquiler-en-marmol-y-velez-sarfield-dorrego-guaymallen-provincia-de-mendoza,2026-09-09,,1100000.0,ARS,12222.222222222224,90.0,100.0,6.0,2.0,2.0,Departamento,Alquiler,Excelente,,Guaymallen,Mendoza,MARMOL Y VELEZ SARFIELD - DORREGO - GUAYMALLEN - PROVINCIA DE MENDOZA,-32.9071473,-68.82185849999999,Garage,1.0,False,False,False,,False,,zenoff negocios inmobiliarios,Inmobiliaria,False,False,,"ZENOFF NEGOCIOS INMOBILIARIOS MAT. 1535 ALQUILA:

Dúplex a estrenar en exclusiva zona residencial de Dorrego, con excelente ubicación y rápido acceso.

✔ Todos los servicios.
✔ Cochera amplia y techada, apta para una pick-up mediana.
✔ Ingreso totalmente independiente.
✔ Terminaciones de categoría y excelentes detalles de calidad.

Ideal para quienes buscan confort, privacidad y una ubicación privilegiada.

DOS DORMITORIOS.
 
DOS BAÑOS.

CATEGORIA.

NO SE ACEPTAN ANIMALES.",30453-1560
inmoclick:30453-1563,inmoclick,30453,1563,https://inmoclick.com/30453-zenoff-negocios-inmobiliarios/inmuebles/1563/ficha/departamento-en-alquiler-en-renato-zanzin-n0-1872-godoy-cruz-provincia-de-mendoza,2026-09-09,,420000.0,ARS,12000.0,35.0,35.0,3.0,1.0,1.0,Departamento,Alquiler,Excelente,28.0,Godoy Cruz,Mendoza,RENATO ZANZIN N° 1872 - GODOY CRUZ - PROVINCIA DE MENDOZA,-32.9050374,-68.855259,Sin Cochera,1.0,False,False,,45000.0,False,,zenoff negocios inmobiliarios,Inmobiliaria,False,False,,"ZENOFF NEGOCIOS INMOBILIARIOS MAT. 1535 ALQUILA:

Hermoso departamento frontal, planta alta. ACCESO POR ESCALERA. En un complejo de 6 departamentos, con DECK con parrilla a compartir. Posibilidad de alquilar por un extra la cochera. Cuenta con un dormitorio, cocina comedor y baño completo. Se entrega con cocina, paneles eléctricos de calefacción y termotanque eléctrico. 

Excelente ubicación con micros en la esquina. Ideal para parejas o estudiantes, ya que se encuentra a 4 cuadras de la UTN y a 10 dela UNIVERSIDAD DE MENDOZA. 8 cuadras de calle ARÍSTIDES VILLANUEVA Y DEL PARQUE GENERAL SAN MARTÍN.

NO SE ACEPTAN MASCOTAS EN EL COMPLEJO.

El pago puede convenirse en pesos con actualización cuatrimestral con IPC

Otro en planta baja con patio propio $480.000 más $50000 aprox de expensas.

Otro planta alta con aire acondicionado. $500.000 más $45000 aprox de expensas.

OPCIONAL COCHERA POR $35000 SEGÚN DISPONIBILIDAD",30453-1563
inmoclick:30453-1570,inmoclick,30453,1570,https://inmoclick.com/30453-zenoff-negocios-inmobiliarios/inmuebles/1570/ficha/departamento-en-alquiler-en-san-luis-n0-1085-las-heras-provincia-de-mendoza,2026-09-09,,350000.0,ARS,8750.0,40.0,40.0,3.0,1.0,1.0,Departamento,Alquiler,Excelente,26.0,Las Heras,Mendoza,SAN LUIS N° 1085 - LAS HERAS - PROVINCIA DE MENDOZA,-32.8530834,-68.8224517,Sin Cochera,1.0,,False,False,,False,,zenoff negocios inmobiliarios,Inmobiliaria,False,False,,"ZENOFF NEGOCIOS INMOBILIARIOS MAT. 1535 ALQUILA:

DEPARTAMENTO EN PLANTA ALTA, POR ESCALERA, EL CUAL CONSTA DE:

LIVING COMEDOR.
COCINA INTEGRADA.
DORMITORIO CON PLACARD.
BAÑO COMPLETO.

COMPLEJO MUY SEGURO.

NO SE PERMITEN ANIMALES,

VALOR: $ 350.000",30453-1570
inmoclick:30453-1574,inmoclick,30453,1574,https://inmoclick.com/30453-zenoff-negocios-inmobiliarios/inmuebles/1574/ficha/departamento-en-alquiler-en-b0-rincon-veneto-guaymallen-provincia-de-mendoza,2026-09-09,,795000.0,ARS,9937.5,80.0,97.0,6.0,2.0,1.0,Departamento,Alquiler,Excelente,10.0,Guaymallen,Mendoza,B° RINCON VENETO - GUAYMALLEN - PROVINCIA DE MENDOZA,-32.9215445,-68.797382,Garage,1.0,False,False,,60000.0,False,,zenoff negocios inmobiliarios,Inmobiliaria,False,False,,"ZENOFF NEGOCIOS INMOBILIARIOS MAT. 1535 ALQUILA:

DEPARTAMENTO 2 DORMITORIOS PLANTA Alta.
Gran estar comedor muy luminoso, con 2 balcones.
Cocina amplia con detalles de diseño.
Cochera incluida CON PERGOLA CON MEDIA SOMBRA .
Baño principal con ducha y mampara.
La habitación principal tiene vestidor, la secundaria tiene placard.
Todas las luces embutidas ya colocadas.

Se entrega equipado con calefón, cocina, estufa y extractor. Tiene 2 equipos de Aire acondicionado instalados en perfecto estado. Son Frio Calor.

El dpto forma parte de un complejo de 3 unidades.

-NO se permiten mascotas.",30453-1574
inmoclick:30453-1575,inmoclick,30453,1575,https://inmoclick.com/30453-zenoff-negocios-inmobiliarios/inmuebles/1575/ficha/departamento-en-alquiler-en-doctor-lemos-n0-695-las-heras-provincia-de-mendoza,2026-09-09,,600000.0,ARS,13333.333333333334,45.0,55.0,4.0,1.0,1.0,Departamento,Alquiler,Excelente,16.0,Las Heras,Mendoza,DOCTOR LEMOS N° 695 - LAS HERAS - PROVINCIA DE MENDOZA,-32.8610709,-68.8761677,Garage,1.0,False,False,,50000.0,False,,zenoff negocios inmobiliarios,Inmobiliaria,False,False,,"ZENOFF NEGOCIOS INMOBILIARIOS MAT. 1535 ALQUILA:

Cómodo departamento de UN DORMITORIO CON AMPLIO BALCÓN CON VISTA A LA MONTAÑA. El inmueble se encuentra dentro de un complejo de diez departamentos. Es luminoso, con buena ventilación y moderno. Cuenta con cocina con amplio espacio de guardado; living comedor que conecta con un amplio balcón con hermosas vistas. Cuenta con una habitación, con placard empotrado. Cuenta con baño y antebaño. Se incluye cochera techada dentro del complejo de departamentos. La zona es muy tranquila y a una cuadra se ubica el sector comercial del barrio, con supermercado y comercios varios.",30453-1575
inmoclick:30453-1578,inmoclick,30453,1578,https://inmoclick.com/30453-zenoff-negocios-inmobiliarios/inmuebles/1578/ficha/departamento-en-alquiler-en-emilio-jofre-n0-81-capital-provincia-de-mendozq,2026-09-09,,550000.0,ARS,12222.222222222224,45.0,45.0,4.0,1.0,1.0,Departamento,Alquiler,Excelente,27.0,Capital,Mendoza,EMILIO JOFRE N° 81 - CAPITAL - PROVINCIA DE MENDOZQ,-32.8999764,-68.8621399,Sin Cochera,1.0,False,False,,45000.0,False,,zenoff negocios inmobiliarios,Inmobiliaria,False,False,,"ZENOFF NEGOCIOS INMOBILIARIOS MAT. 1535 ALQUILA:

Departamento de 1 dormitorio en el hermoso edificio Marlisa, ubicado a 1 cuadra del parque Gral. San Martín. El departamento se ubica en un primer piso y se desarrolla en 2 plantas. En la primer planta cuenta con la cocina, estar comedor y la escalera para subir al piso superior donde encontramos un baño completo y un dormitorio con pisos de parquet y placard. La unidad cuenta con aire acondicionado y calefacción por estufa a gas",30453-1578
inmoclick:30453-1581,inmoclick,30453,1581,https://inmoclick.com/30453-zenoff-negocios-inmobiliarios/inmuebles/1581/ficha/departamento-en-alquiler-en-cayetano-lombardo-n0-126-capital-provincia-de-mendoza,2026-09-09,,650000.0,ARS,16250.0,40.0,40.0,,1.0,1.0,Departamento,Alquiler,Excelente,25.0,Capital,Mendoza,CAYETANO LOMBARDO N° 126 - CAPITAL - PROVINCIA DE MENDOZA,-32.8894587,-68.8458386,Sin Cochera,1.0,False,,,65000.0,False,,zenoff negocios inmobiliarios,Inmobiliaria,False,False,,"ZENOFF NEGOCIOS INMOBILIARIOS MAT. 1535 ALQUILA:

ACOGEDOR DEPARTAMENTO para una persona, totalmente amoblado y equipado.-
1 dormitorio, muy iluminado, con vajilla básica, ubicado en el Centro de Mendoza, edificio con ascensor, 2do. piso, frontal.
Cercano a bares, restaurantes, pubs, supermercados, rotiserías, farmacias, casa de gobierno, municipalidad etc.-
Se ubica a . pocas cuadras de la Peatonal Sarmiento y de Plaza Independencia a media cuadra de las terminales de transporte.
Excelente ubicación para trasladarse caminando a diversos puntos de la ciudad.-
Con wifi
.No se aceptan mascotas, no apto fumadores
DEPOSITO Y GARANTES
FLEXIBILIDAD EN LA DURACION DEL CONTRATO
Servicios y expensas a cargo del inquilino",30453-1581
inmoclick:30453-1583,inmoclick,30453,1583,https://inmoclick.com/30453-zenoff-negocios-inmobiliarios/inmuebles/1583/ficha/departamento-en-alquiler-en-pueyrredon-n0-747-capital-provincia-de-mendoz,2026-09-09,,570.0,USD,11.875,48.0,50.0,4.0,1.0,1.0,Departamento,Alquiler,Excelente,17.0,Capital,Mendoza,PUEYRREDON N° 747 - CAPITAL - PROVINCIA DE MENDOZ,-32.8991277,-68.8617422,Sin Cochera,1.0,False,False,False,,False,,zenoff negocios inmobiliarios,Inmobiliaria,False,False,,"ZENOFF NEGOCIOS INMOBILIARIOS MAT. 1535 ALQUILA:

Encantador departamento ubicado en una de las mejores zonas de Mendoza Capital, en plena Quinta Sección y a solo 1 cuadra y media del Parque General San Martín.

Ubicado en primer piso por escalera, cuenta con 50 m² totales (48 m² cubiertos) y una distribución cómoda y luminosa:

* Living comedor amplio y luminoso.
* Escritorio independiente, ideal para trabajar o estudiar.
* Habitación con amplios placares.
* Baño completo con antebaño.
* Cocina separada y completamente equipada.
* Pequeño balcón.
* Aire acondicionado.

Se alquila amoblado y equipado, incluyendo lavarropas, juego de living comedor, sofá cama, escritorio con silla y sommier de 2½ plazas, entre otros. (Posibilidad de alquilarlo sin amueblar).

📍 Excelente ubicación, cerca del Parque General San Martín y con rápido acceso al centro, transporte público, comercios y servicios.

Sin cochera. Hay opciones de estacionamiento en la zona.

No se aceptan mascotas.",30453-1583
inmoclick:30453-1584,inmoclick,30453,1584,https://inmoclick.com/30453-zenoff-negocios-inmobiliarios/inmuebles/1584/ficha/departamento-en-alquiler-en-francisco-alvarez-n0-1172-dorrego-guaymallen-provincia-de-mendoza,2026-09-09,,500000.0,ARS,14285.714285714286,35.0,40.0,3.0,1.0,1.0,Departamento,Alquiler,Excelente,31.0,Guaymallen,Mendoza,FRANCISCO ALVAREZ N° 1172 - DORREGO - GUAYMALLEN -  PROVINCIA DE MENDOZA,-32.9075949,-68.82986559999999,Sin Cochera,1.0,False,False,False,,False,,zenoff negocios inmobiliarios,Inmobiliaria,False,False,,"ZENOFF NEGOCIOS INMOBILIARIOS MAT. 1535 ALQUILA:

DEPARTAMENTO EN PLANTA BAJA, EL CUAL CONSTA DE:

LIVING COMEDOR.
COCINA INTEGRADA.
DORMITORIO CON PLACARD.
BAÑO EN SUITE.
PATIO PEQUEÑO.
AIRE ACONDICIONADO.

VALOR: $ 500.000

TODOS LOS SERVICIOS.

EXCELENTE ZONA - ENTORNO.

NO SE PERMITEN ANIMALES.

SE ENTREGA SIN COCINA.",30453-1584
inmoclick:30453-1585,inmoclick,30453,1585,https://inmoclick.com/30453-zenoff-negocios-inmobiliarios/inmuebles/1585/ficha/departamento-en-alquiler-en-sarmiento-n0-1713-las-heras-provincia-de-mendoza,2026-09-09,,680000.0,ARS,10461.53846153846,65.0,75.0,5.0,2.0,1.0,Departamento,Alquiler,Excelente,14.0,Las Heras,Mendoza,SARMIENTO N° 1713 - LAS HERAS - PROVINCIA DE MENDOZA,-32.87505096302248,-68.83456419,Garage,1.0,False,False,,50000.0,False,,zenoff negocios inmobiliarios,Inmobiliaria,False,False,,"ZENOFF NEGOCIOS INMOBILIARIOS MAT. 1535 ALQUILA:

✨ Departamento a estrenar en complejo privado – Las Heras ✨

Te presentamos este hermoso departamento a estrenar ubicado en el Complejo Privado Mercedes X, a metros de la Plaza de Las Heras, en una de las zonas más buscadas del departamento.

La propiedad cuenta con 70 m² muy bien distribuidos, ofreciendo comodidad, privacidad y excelente luminosidad. Dispone de dos amplias habitaciones, ambas con placares de piso a techo, iluminación interior y ventanas a la calle con rejas.

El baño es moderno y funcional, con excelente iluminación natural y ventilación. El living comedor es amplio y confortable, integrado a una cocina moderna, desde la cual se accede mediante puerta ventana a un patio privado, ideal para disfrutar al aire libre.

Ubicado en primer piso por escalera, con una característica diferencial: no tiene departamentos ni arriba ni abajo, lo que garantiza mayor tranquilidad y privacidad. Además, cuenta con cochera dentro del complejo.

Su ubicación es inmejorable: a pasos de supermercados, farmacias, bancos, metrotranvía, todas las líneas de colectivo y una variada oferta gastronómica y comercial, con restaurantes, bares y locales alrededor de la plaza departamental.",30453-1585
inmoclick:30453-1586,inmoclick,30453,1586,https://inmoclick.com/30453-zenoff-negocios-inmobiliarios/inmuebles/1586/ficha/departamento-en-alquiler-en-infanta-merced-de-san-martin-n0-34-ciudad-provincia-de-mendoza,2026-09-09,,650000.0,ARS,10317.460317460318,63.0,69.0,5.0,2.0,2.0,Departamento,Alquiler,Excelente,19.0,Capital,Mendoza,INFANTA MERCED DE SAN MARTIN N° 34 - CIUDAD - PROVINCIA DE MENDOZA,-32.8894587,-68.8458386,Sin Cochera,1.0,False,False,,115000.0,False,,zenoff negocios inmobiliarios,Inmobiliaria,False,False,,"ZENOFF NEGOCIOS INMOBILIARIOS MAT. 1535 ALQUILA:

Departamento 2 Dormitorios. En una de las mejores ubicaciones de Ciudad.

Características Principales:
Superficie: 63 m² totales de pura funcionalidad.

☀️ Excelente luminosidad.
🛏️ 2 dormitorios con amplios placares empotrados.
🚿 2 baños.
🛋️ Living-comedor de generosas dimensiones.
🍽️ Cocina comedor independiente.
🪵 Pisos de parquet en impecable estado.
📦 Baulera propia. (6.80 m²)

La propiedad ha sido íntegramente renovada, contando con mobiliario de cocina y placares en dormitorios a estrenar. El departamento destaca por sus dimensiones generosas y su excelente distribución.",30453-1586
inmoclick:30453-1589,inmoclick,30453,1589,https://inmoclick.com/30453-zenoff-negocios-inmobiliarios/inmuebles/1589/ficha/departamento-en-alquiler-en-cacheuta-y-fangio-godoy-cruz-provincia-de-mendoza,2026-09-09,,530000.0,ARS,11777.777777777776,45.0,45.0,4.0,1.0,1.0,Departamento,Alquiler,Muy Bueno,11.0,Godoy Cruz,Mendoza,CACHEUTA Y FANGIO - GODOY CRUZ - PROVINCIA DE MENDOZA,-32.9344515,-68.829075,Garage,1.0,,False,,25000.0,False,,zenoff negocios inmobiliarios,Inmobiliaria,False,False,,"ZENOFF NEGOCIOS INMOBILIARIOS MAT. 1535 ALQUILA:

DEPARTAMENTO EN PLANTA ALTA, POR ESCALERA, EL CUAL CONSTA DE:

LIVING COMEDOR.
COCINA INTEGRADA.
DORMITORIO CON PLACARD.
BAÑO COMPLETO.
COCHERA TECHADA.

VALOR: $ 530.000

NO PAGA EXPENSAS.

EXCELENTE UBICACIÓN - ENTORNO.

NO SE PERMITEN ANIMALES.",30453-1589
inmoclick:30453-1590,inmoclick,30453,1590,https://inmoclick.com/30453-zenoff-negocios-inmobiliarios/inmuebles/1590/ficha/departamento-en-alquiler-en-matheu-n0-2070-godoy-cruz-provincia-de-mendoza,2026-09-09,,700000.0,ARS,11666.666666666666,60.0,75.0,5.0,2.0,1.0,Departamento,Alquiler,Excelente,20.0,Godoy Cruz,Mendoza,MATHEU N° 2070 - GODOY CRUZ - PROVINCIA DE MENDOZA,-32.9412903,-68.821095,Garage,1.0,,False,False,,False,,zenoff negocios inmobiliarios,Inmobiliaria,False,False,,"ZENOFF NEGOCIOS INMOBILIARIOS MAT. 1535 ALQUILA:

Departamento en complejo planta alta. 2 dormitorios con placares: uno tiene aire acondionado y el otro ventilador, cocina-comedor, lavandería, baño y cochera pasante cerrada con reja y techo. A 30 metros de calle Terrada y 100 metros de Carril Sarmiento, zona Polo Tecnológico. El complejo solo posee 4 unidades con sus respectivas cocheras. No paga EXPENSAS.",30453-1590
inmoclick:30453-1591,inmoclick,30453,1591,https://inmoclick.com/30453-zenoff-negocios-inmobiliarios/inmuebles/1591/ficha/departamento-en-alquiler-en-alberdi-n0-881-godoy-cruz-provincia-de-mendoza,2026-09-09,,470000.0,ARS,10444.444444444443,45.0,45.0,3.0,1.0,1.0,Departamento,Alquiler,Excelente,20.0,Godoy Cruz,Mendoza,ALBERDI N° 881 - GODOY CRUZ - PROVINCIA DE MENDOZA,-32.9426305,-68.837946,Sin Cochera,1.0,False,False,,30000.0,False,,zenoff negocios inmobiliarios,Inmobiliaria,False,False,,"ZENOFF NEGOCIOS INMOBILIARIOS MAT. 1535 ALQUILA:

DEPARTAMENTO EN COMPLEJO CERRADO, EL CUAL CONSTA DE:

LIVING COMEDOR.
COCINA INTEGRADA.
DORMITORIO CON PLACARD.
BAÑO COMPLETO.
ANTEBAÑO.
LAVANDERIA.

VALOR: $ 470.000

NO PAGA EXPENSAS.

EXCELENTE ZONA - ENTORNO.

NO SE PERMITEN ANIMALES.

TODOS LOS SERVICIOS.",30453-1591
inmoclick:30453-1593,inmoclick,30453,1593,https://inmoclick.com/30453-zenoff-negocios-inmobiliarios/inmuebles/1593/ficha/departamento-en-alquiler-en-espana-n0-918-capital-provincia-de-mendoza,2026-09-09,,800000.0,ARS,16000.0,50.0,50.0,4.0,1.0,1.0,Departamento,Alquiler,Excelente,32.0,Capital,Mendoza,ESPAÑA N° 918 - CAPITAL - PROVINCIA DE MENDOZA,-32.8894587,-68.8458386,Sin Cochera,1.0,,False,,82000.0,False,,zenoff negocios inmobiliarios,Inmobiliaria,False,False,,"ZENOFF NEGOCIOS INMOBILIARIOS MAT. 1535 ALQUILA:

Departamento frontal y muy luminoso en la intersección de calle España y Montevideo. Unidad funcional y de ambientes definidos, pensada para quienes buscan luz natural, comodidad y cercanías para las actividades diarias en el centro de Mendoza (super, farmacias, bares y restaurantes, entre otros puntos)

Características principales:
- 🛋️ Living: ambiente principal con buena entrada de luz natural
- 🍽️ Cocina: espacio práctico para organizar el día a día
- 🛏️ Habitación: dormitorio bien iluminado
- 🛁 Baño: baño completo
- ☀️ Frontal: orientación que favorece la luminosidad
- 📍 Ubicación: calle España y Montevideo
- 👤 Alquiler directo con dueño",30453-1593
inmoclick:30453-1594,inmoclick,30453,1594,https://inmoclick.com/30453-zenoff-negocios-inmobiliarios/inmuebles/1594/ficha/departamento-en-alquiler-en-colon-n0-352-capital-provincia-de-mendoza,2026-09-09,,780000.0,ARS,12000.0,65.0,65.0,5.0,2.0,2.0,Departamento,Alquiler,Muy Bueno,34.0,Capital,Mendoza,COLON N° 352 - CAPITAL - PROVINCIA DE MENDOZA,-32.8894587,-68.8458386,Sin Cochera,1.0,,False,,150000.0,False,,zenoff negocios inmobiliarios,Inmobiliaria,False,False,,"ZENOFF NEGOCIOS INMOBILIARIOS MAT. 1535 ALQUILA:

- 🏢 Ubicación: 6to piso contrafrente, muy buena ubicación (cercanía Aristides y Metrotranvía)
- ☀️ Iluminación: amplio y LUMINOSO
- 🔇 Silencio: ventanas con doble vidrio, ambiente silencioso
- 🛏️ Habitaciones: 2 dormitorios
- 🚿 Baños: baños remodelados
- 🍽️ Cocina: cocina remodelada, cañerías nuevas
- 📐 Superficie: 65 m²
- ❄️ Climatización: aire acondicionado
- 🎓 Cercanía a universidades: Congreso, UTN, UMendoza, Maza
- 🛒 Servicios: supermercado 24 hs (Carref.) a 10 m",30453-1594
inmoclick:30453-1596,inmoclick,30453,1596,https://inmoclick.com/30453-zenoff-negocios-inmobiliarios/inmuebles/1596/ficha/departamento-en-alquiler-en-cochabamba-n0-250-godoy-cruz-provincia-de-mendoza,2026-09-09,,820000.0,ARS,9111.111111111111,90.0,100.0,6.0,2.0,2.0,Departamento,Alquiler,Excelente,19.0,Godoy Cruz,Mendoza,COCHABAMBA N° 250 - GODOY CRUZ - PROVINCIA DE MENDOZA,-32.9090415,-68.8406642,Garage,1.0,,False,,40000.0,False,,zenoff negocios inmobiliarios,Inmobiliaria,False,False,,"ZENOFF NEGOCIOS INMOBILIARIOS MAT. 1535 ALQUILA:

Departamento dos dormitorios, dos baño: un baño grande con bañera, inodoro, bidet, lavamanos con mueble vanitoris. y un baño con lavamanos, mueble vanitoris, inodoro y bidet y un placard. Grifería FV, sanitarios Ferrum. Finas terminaciones. Revestimientos en porcelanato. Dormitorios con entablonado viraró. Pacards doble cajonera, valijero, Pasillo con placard doble. Living, cocina comedor. Balcones grandes con rejas en todo el departamento con vistas a Cochabamba. Termotanque, cocina y horno a gas. Calefactor 6.000 calorías. Cochera cerrada. Cámaras. Ascensor de ultima generación. El departamento está ubicado en el segundo piso. Amplia terraza. Los muebles han sido agregados para dar idea del espacio pero del departamento se alquila sin amoblar.",30453-1596
inmoclick:30453-1599,inmoclick,30453,1599,https://inmoclick.com/30453-zenoff-negocios-inmobiliarios/inmuebles/1599/ficha/departamento-en-alquiler-en-coronel-rodriguez-n0-252-capital-provincia-de-mendoz,2026-09-09,,450000.0,ARS,12857.142857142857,35.0,35.0,3.0,1.0,1.0,Departamento,Alquiler,Excelente,12.0,Capital,Mendoza,CORONEL RODRIGUEZ N° 252 - CAPITAL - PROVINCIA DE MENDOZ,-32.8974301,-68.8539188,Sin Cochera,1.0,,False,False,,False,,zenoff negocios inmobiliarios,Inmobiliaria,False,False,,"ZENOFF NEGOCIOS INMOBILIARIOS MAT. 1535 ALQUILA:

Departamento frente a la UTN, ideal para quien busca comodidad y ubicación estratégica. Esta unidad de un dormitorio cuenta con un ambiente de comedor integrado y cocina, amoblado y listo para mudarse: una opción práctica y funcional especialmente pensada para estudiantes o profesionales que necesitan cercanía al campus y a la vida urbana.

Características principales:
- 🛏️ 1 dormitorio
- 🛋️ Comedor/living integrado
- 🍳 Kitchen (cocina)
- 🪑 Amoblado, listo para habitar
- 📍 Frente a la UTN, a metros de Arístides Villanueva (Quinta Sección)
- 🎯 Ideal para estudiante o profesional por su ubicación",30453-1599
inmoclick:30453-1603,inmoclick,30453,1603,https://inmoclick.com/30453-zenoff-negocios-inmobiliarios/inmuebles/1603/ficha/departamento-en-alquiler-en-santiago-del-estero-n0-740-godoy-cruz-provincia-de-mendoza,2026-09-09,,550000.0,ARS,13750.0,40.0,50.0,,,1.0,Departamento,Alquiler,Excelente,22.0,Godoy Cruz,Mendoza,SANTIAGO DEL ESTERO N° 740 - GODOY CRUZ - PROVINCIA DE MENDOZA,-32.9028497,-68.8526613,Garage,1.0,,False,,30000.0,False,,zenoff negocios inmobiliarios,Inmobiliaria,False,False,,"ZENOFF NEGOCIOS INMOBILIARIOS MAT. 1535 ALQUILA:

MONOAMBIENTE
COCINA - COMEDOR
1 BAÑO
1 DORMITORIO
PLANTA BAJA
COCHERA COMPARTIDA
TODO ELECTRICO

ALQUILER $550.000 + $30.000 EXPENSAS

NO SE PERMITEN ANIMALES.

EXCELENTE UBICACION - ENTORNO.",30453-1603
inmoclick:30453-1604,inmoclick,30453,1604,https://inmoclick.com/30453-zenoff-negocios-inmobiliarios/inmuebles/1604/ficha/departamento-en-alquiler-en-espana-n0-985-capital-provincia-de-mendoza,2026-09-09,,600000.0,ARS,12000.0,50.0,50.0,5.0,2.0,1.0,Departamento,Alquiler,Excelente,28.0,Capital,Mendoza,ESPAÑA N° 985 - CAPITAL - PROVINCIA DE MENDOZA,-32.8894587,-68.8458386,Sin Cochera,1.0,,False,,70000.0,False,,zenoff negocios inmobiliarios,Inmobiliaria,False,False,,"ZENOFF NEGOCIOS INMOBILIARIOS MAT. 1535 ALQUILA:

Características principales:
- 🛏️ 2 dormitorios cómodos con placard
- 🛁 Baño completo
- 🏙️ 4º piso, departamento frontal a calle Rivadavia (vista urbana)
- 🪟 Living comedor amplio y luminoso
- 🌇 Balcón
- 🪵 Pisos de parquet en excelente estado
- 🍽️ Cocina independiente con muebles bajo mesada y alacena
- 🧺 Lavandería independiente
- 📐 Ambientes bien distribuidos y ventilación natural
- 🧱 Construcción tradicional, sólida y durable
- BAJAS EXPENSAS ($70.000)",30453-1604
inmoclick:30453-1605,inmoclick,30453,1605,https://inmoclick.com/30453-zenoff-negocios-inmobiliarios/inmuebles/1605/ficha/departamento-en-alquiler-en-alfaro-n0-2251-godoy-cruz-provincia-de-mendoza,2026-09-09,,650000.0,ARS,14444.444444444443,45.0,55.0,5.0,1.0,1.0,Departamento,Alquiler,Excelente,15.0,Godoy Cruz,Mendoza,ALFARO N° 2251 - GODOY CRUZ - PROVINCIA DE MENDOZA,-32.9489946,-68.8523467,Garage,1.0,False,False,,50000.0,False,,zenoff negocios inmobiliarios,Inmobiliaria,False,False,,"ZENOFF NEGOCIOS INMOBILIARIOS MAT. 1535 ALQUILA:

Departamento a estrenar en primer piso (acceso por escalera) - DEPTO nº3 - EDIFICIO ALFARO
-1 dormitorio.
-1 baño.
-Comedor y living amplio.
-Cocina amplia.
-Lavandería.
-Estacionamiento interno techado (1un) con portón automatizado.
-Estufa tiro balanceado (2un).
-Iluminación completa led",30453-1605
inmoclick:30453-1608,inmoclick,30453,1608,https://inmoclick.com/30453-zenoff-negocios-inmobiliarios/inmuebles/1608/ficha/departamento-en-alquiler-en-colon-n0-423-capital-provincia-de-mendoza,2026-09-09,,900000.0,ARS,10000.0,90.0,90.0,4.0,2.0,1.0,Departamento,Alquiler,Excelente,43.0,Capital,Mendoza,COLON N° 423 - CAPITAL - PROVINCIA DE MENDOZA,-32.87505096302248,-68.83456419,Sin Cochera,1.0,,False,,280000.0,False,,zenoff negocios inmobiliarios,Inmobiliaria,False,False,,"ZENOFF NEGOCIOS INMOBILIARIOS MAT. 1535 ALQUILA:

- 🏢 Piso: 5º, vista frontal a calle Colón
- 🛋️ Ambientes: amplio living-comedor
- 🍳 Cocina: completa
- 🛏️ Dormitorios: 2 con placares de piso a techo
- 🚿 Baños: 2
- 🔒 Seguridad: servicio 24 hs e ingreso con reconocimiento facial
- 🎉 Amenities: SUM (salón de usos múltiples)
- 💪 Salud y relax: gimnasio y sauna
- 🏊‍♂️ Recreación: pileta

VALOR: $ 900.000

EXPENSAS: $ 280.000",30453-1608
inmoclick:30453-1609,inmoclick,30453,1609,https://inmoclick.com/30453-zenoff-negocios-inmobiliarios/inmuebles/1609/ficha/departamento-en-alquiler-en-olascoaga-n0-260-capital-provincia-de-mendoza,2026-09-09,,770000.0,ARS,11000.0,70.0,78.0,5.0,2.0,1.0,Departamento,Alquiler,Excelente,23.0,Capital,Mendoza,OLASCOAGA N° 260 - CAPITAL - PROVINCIA DE MENDOZA,-32.8974999,-68.8556799,Sin Cochera,2.0,,False,False,,False,,zenoff negocios inmobiliarios,Inmobiliaria,False,False,,"ZENOFF NEGOCIOS INMOBILIARIOS MAT. 1535 ALQUILA:

🏘️ Complejo cerrado de 4 unidades
🏠 Departamento dúplex luminoso
🍽️ Cocina-living-comedor integrado
🛏️ 2 habitaciones
🌿 Patio
🚗 Cochera
❌💸 Sin expensas

Dúplex luminoso en complejo íntimo de solo cuatro unidades, pensado para quienes buscan confort, privacidad y bajo mantenimiento. La planta social integra cocina y living comedor, generando un ambiente fluido y muy aprovechable para el día a día y la recepción de visitas. Las dos habitaciones ofrecen comodidad y posibilidades de distribución según tus necesidades (habitación principal, oficina o cuarto de invitados).",30453-1609
inmoclick:30453-1618,inmoclick,30453,1618,https://inmoclick.com/30453-zenoff-negocios-inmobiliarios/inmuebles/1618/ficha/departamento-en-alquiler-en-pascual-segura-n0-1422-godoy-cruz-provincia-de-mendoza,2026-09-09,,800000.0,ARS,20000.0,40.0,55.0,5.0,1.0,1.0,Departamento,Alquiler,Excelente,17.0,Godoy Cruz,Mendoza,PASCUAL SEGURA N° 1422 - GODOY CRUZ - PROVINCIA DE MENDOZA,-32.9082448,-68.8524433,Garage,1.0,False,,,30000.0,False,,zenoff negocios inmobiliarios,Inmobiliaria,False,False,,"ZENOFF NEGOCIOS INMOBILIARIOS MAT. 1535 ALQUILA:

Depto luminoso, de un dormitorio con placar, cocina y calefón a gas, aire acon, cochera patio propio y churrasquera., heladera, lavarropa, tv, excelente",30453-1618
inmoclick:30453-1619,inmoclick,30453,1619,https://inmoclick.com/30453-zenoff-negocios-inmobiliarios/inmuebles/1619/ficha/departamento-en-alquiler-en-fangio-y-boulogne-sur-mer-maipu-provincia-de-mendoza,2026-09-09,,830000.0,ARS,13833.333333333334,60.0,65.0,5.0,2.0,2.0,Departamento,Alquiler,Excelente,19.0,Maipu,Mendoza,FANGIO Y BOULOGNE SUR MER - MAIPU - PROVINCIA DE MENDOZA,-32.9808024,-68.8001234,Garage,1.0,False,False,,35000.0,,,zenoff negocios inmobiliarios,Inmobiliaria,False,False,,"ZENOFF NEGOCIOS INMOBILIARIOS MAT. 1535 ALQUILA:

DUPLEX A ESTRENAR, 2 DORMITORIOS, COCINA, LIVING COMEDOR, ANTE BAÑO, BAÑO, BAÑO DE SERVICIO, LAVANDERIA, PATIO Y COCHERA CUBIERTA. COMPLEJO DE 4 DUPLEX",30453-1619
inmoclick:30453-1620,inmoclick,30453,1620,https://inmoclick.com/30453-zenoff-negocios-inmobiliarios/inmuebles/1620/ficha/departamento-en-alquiler-en-espana-n0-1190-capital-provincia-de-mendoza,2026-09-09,,450000.0,ARS,11250.0,40.0,40.0,4.0,1.0,1.0,Departamento,Alquiler,Excelente,,Capital,Mendoza,ESPAÑA N° 1190 - CAPITAL - PROVINCIA DE MENDOZA,-32.8894587,-68.8458386,Indistinto,1.0,False,False,,40000.0,False,,zenoff negocios inmobiliarios,Inmobiliaria,False,False,,"ZENOFF NEGOCIOS INMOBILIARIOS MAT. 1535 ALQUILA:

Departamento funcional de 1 dormitorio, ideal para una persona sola, estudiante o también para oficina/consultorio.
La propiedad cuenta con cocina tipo kitchenette integrada al comedor, baño completo y dormitorio con placard de dos puertas corredizas, con espacio para colgar ropa y cajonera.
Se entrega con el siguiente equipamiento:
• Luces instaladas
• Cortinas blackout
• Calefón a gas instantáneo
• Cocina con horno
• 2 estufas tiro balanceado
A una cuadra de la plaza independencia y de la Peatonal Sarmiento, tiene una ubicación excelente, práctica y cómoda, ideal para quienes buscan un espacio funcional y de bajo mantenimiento.",30453-1620
inmoclick:30453-1623,inmoclick,30453,1623,https://inmoclick.com/30453-zenoff-negocios-inmobiliarios/inmuebles/1623/ficha/departamento-en-alquiler-en-federico-moreno-n0-2441-ciudad-provincia-de-mendoza,2026-09-09,,600000.0,ARS,8571.42857142857,70.0,90.0,5.0,2.0,1.0,Departamento,Alquiler,Excelente,29.0,Capital,Mendoza,FEDERICO MORENO N° 2441 - CIUDAD - PROVINCIA DE MENDOZA,-32.8894587,-68.8458386,Garage,1.0,,False,,40000.0,False,,zenoff negocios inmobiliarios,Inmobiliaria,False,False,,"ZENOFF NEGOCIOS INMOBILIARIOS MAT. 1535 ALQUILA:

Departamento en alquiler – 4ª Sección, Ciudad de Mendoza
Excelente departamento de 2 dormitorios, amplio, luminoso y muy bien cuidado, ubicado en la 4ª Sección de la Ciudad de Mendoza, en una zona tranquila y de fácil acceso.
La propiedad cuenta con:
2 dormitorios con roperos/placares.
Amplio living-comedor, con muy buena iluminación natural.
Cocina independiente integrada al ambiente, equipada con alacenas, bajo mesada, cocina y extractor.
Baño completo, con sanitarios, bidet y ducha.
Ambientes cómodos y funcionales.
Muy buen estado general y excelente mantenimiento.
Buena entrada de luz natural durante el día.
No se permiten mascotas.",30453-1623
inmoclick:30453-1625,inmoclick,30453,1625,https://inmoclick.com/30453-zenoff-negocios-inmobiliarios/inmuebles/1625/ficha/departamento-en-alquiler-en-chuquisaca-y-america-godoy-cruz-provincia-de-mendoza,2026-09-09,,450000.0,ARS,7500.0,60.0,60.0,5.0,2.0,1.0,Departamento,Alquiler,Excelente,28.0,Godoy Cruz,Mendoza,CHUQUISACA Y AMERICA - GODOY CRUZ - PROVINCIA DE MENDOZA,-32.9123323,-68.8767428,Sin Cochera,1.0,False,False,False,,False,,zenoff negocios inmobiliarios,Inmobiliaria,False,False,,"ZENOFF NEGOCIOS INMOBILIARIOS MAT. 1535 ALQUILA:

DEPARTAMENTO EN ZONA MUY SEGURA, LA CUAL CONSTA DE:

LIVING COMEDOR.
COCINA INTEGRADA.
DOS DORMITORIOS.
BAÑO COMPLETO.

VALOR: $ 450.000",30453-1625
inmoclick:30453-1627,inmoclick,30453,1627,https://inmoclick.com/30453-zenoff-negocios-inmobiliarios/inmuebles/1627/ficha/departamento-en-alquiler-en-punta-arizu-godoy-cruz-provincia-de-mendoza,2026-09-09,,1300.0,USD,7.222222222222222,180.0,204.0,6.0,3.0,4.0,Departamento,Alquiler,Excelente,7.0,Godoy Cruz,Mendoza,PUNTA ARIZU - GODOY CRUZ - PROVINCIA DE MENDOZA,-32.91064,-68.839586,Garage,2.0,False,False,,200000.0,False,,zenoff negocios inmobiliarios,Inmobiliaria,False,False,,"ZENOFF NEGOCIOS INMOBILIARIOS MAT. 1535 ALQUILA:

ALQUILER DUPLEX 3 DORMITORIOS.

Condominios Punta Arizu

Orientación Sur-Oeste

Las unidades cuentan con 180m² cubiertos y 24m² semicubiertos.

PLANTA BAJA:
- 1 toilette
- ⁠1 baños completo
- ⁠cocina-lavandería separada, con ingreso independiente desde el pasillo
- estar-comedor
- ⁠balcón con churrasquera en estar comedor
- balcón de servicio en lavandería

PLANTA ALTA:
-3 dormitorios (dormitorio principal en suite con vestidor y balcón)
-3 baños completos

Incluye cochera para 1 vehículo en subsuelo
(Posibilidad de alquilar cochera adicional)

El departamento cuenta con calefacción por losa radiante, pisos y revestimientos de porcelanato, pre-instalaciones de aires acondicionados, carpinterías de aluminio de doble vidrio.

NO SE ADMITEN MASCOTAS (SIN EXCEPCIÓN)",30453-1627
inmoclick:30453-1628,inmoclick,30453,1628,https://inmoclick.com/30453-zenoff-negocios-inmobiliarios/inmuebles/1628/ficha/departamento-en-alquiler-en-martinez-de-rosas-n0-44-capital-provincia-de-mendoza,2026-09-09,,900000.0,ARS,15000.0,60.0,70.0,6.0,2.0,2.0,Departamento,Alquiler,Excelente,20.0,Capital,Mendoza,MARTINEZ DE ROSAS N° 44 - CAPITAL - PROVINCIA DE MENDOZA,-32.9009413,-68.85736969999999,Garage,1.0,False,,,90000.0,False,,zenoff negocios inmobiliarios,Inmobiliaria,False,False,,"ZENOFF NEGOCIOS INMOBILIARIOS MAT. 1535 ALQUILA:

Está en un primer piso (último piso)
Súper tranquilo y seguro con alarma a control remoto , doble rejas.
Amplio balcón con la posibilidad de usar churrasquera.
Silencioso.
Aire acondicionado frío. Calefacción, calefón y cocina a gas.
AMOBLADO (con opción)
Heladera, microondas, antena de Direct TV. Juego de comedor, sillones, camas. y cortinas en black out.
Cochera con portón a control.
Líneas de mciros en la esquina.",30453-1628
inmoclick:30453-1631,inmoclick,30453,1631,https://inmoclick.com/30453-zenoff-negocios-inmobiliarios/inmuebles/1631/ficha/departamento-en-alquiler-en-armani-y-paso-de-los-andes-godoy-cruz-provincia-de-mendoza,2026-09-09,,700000.0,ARS,7777.777777777777,90.0,90.0,5.0,2.0,1.0,Departamento,Alquiler,Excelente,21.0,Godoy Cruz,Mendoza,ARMANI Y PASO DE LOS ANDES - GODOY CRUZ - PROVINCIA DE MENDOZA,-32.9147336,-68.8596038,Garage,1.0,False,False,False,,False,,zenoff negocios inmobiliarios,Inmobiliaria,False,False,,"ZENOFF NEGOCIOS INMOBILIARIOS MAT. 1535 ALQUILA:

Departamento en ALQUILER en calle Armani de Godoy Cruz Barrio Laprida. Este inmueble cuenta con una superficie total de 93 m2, desarrollado en planta alta, dos dormitorios y patio.
Ideal para una vida familiar o persona sola.
contrato por dos años.
Valor Inicial $ 700.000
NO PAGA EXPENSAS!

Con una orientación sur, creando un ambiente cálido y acogedor.
Además, cuenta con todos los servicios necesarios, tales como agua corriente, desagüe cloacal, gas natural y placards, asegurando una vida práctica y funcional. La ubicación es ideal, rodeada de zonas escolares, lo que la convierte en una opción atractiva para familias.

Este departamento combina la solidez de la construcción con la modernidad de sus espacios.",30453-1631
inmoclick:30453-1637,inmoclick,30453,1637,https://inmoclick.com/30453-zenoff-negocios-inmobiliarios/inmuebles/1637/ficha/departamento-en-alquiler-en-rio-limay-y-antartida-las-heras-provincia-de-mendoza,2026-09-09,,450000.0,ARS,10000.0,45.0,45.0,4.0,1.0,1.0,Departamento,Alquiler,Excelente,24.0,Las Heras,Mendoza,RIO LIMAY Y ANTARTIDA - LAS HERAS - PROVINCIA DE MENDOZA,-32.8424289,-68.8678468,Sin Cochera,1.0,,,False,,False,,zenoff negocios inmobiliarios,Inmobiliaria,False,False,,"ZENOFF NEGOCIOS INMOBILIARIOS MAT. 1535 ALQUILA:

DEPARTAMENTO TOTALMENTE AMOBLADO, EL CUAL CONSTA DE:

Barrio Municipal – Mendoza
Hermoso departamento totalmente amueblado, listo para ingresar
Ideal para persona sola o pareja que busque comodidad, tranquilidad y practicidad.
Amoblado completo
Cocina equipada
Espacios cómodos y funcionales
Zona tranquila y con accesos cercanos
Listo para habitar
Solo necesitás traer tus cosas",30453-1637
inmoclick:30453-1638,inmoclick,30453,1638,https://inmoclick.com/30453-zenoff-negocios-inmobiliarios/inmuebles/1638/ficha/departamento-en-alquiler-en-juan-gregorio-torres-n0-1733-godoy-cruz-provincia-de-mendoza,2026-09-09,,700000.0,ARS,12727.272727272728,55.0,65.0,5.0,1.0,1.0,Departamento,Alquiler,Excelente,19.0,Godoy Cruz,Mendoza,JUAN GREGORIO TORRES N° 1733 - GODOY CRUZ - PROVINCIA DE MENDOZA,-32.9209404,-68.85723879999999,Garage,1.0,False,False,False,,False,,zenoff negocios inmobiliarios,Inmobiliaria,False,False,,"ZENOFF NEGOCIOS INMOBILIARIOS MAT. 1535 ALQUILA:

DEPARTAMENTO EN PLANTA ALTA, POR ESCALERA, EL CUAL CONSTA DE :

LIVING COMEDOR.
COCINA INTEGRADA.
DORMITORIO CON PLACARD.
BAÑO COMPLETO.
COCHERA TECHADA.
BALCON.

VALOR: $ 700.000

NO PAGA EXPENSAS.

EXCELENTE ZONA - ENTORNO.

NO SE PERMITEN ANIMALES.",30453-1638
inmoclick:30453-1639,inmoclick,30453,1639,https://inmoclick.com/30453-zenoff-negocios-inmobiliarios/inmuebles/1639/ficha/departamento-en-alquiler-en-necochea-n0-350-capital-provincia-de-mendoza,2026-09-09,,600000.0,ARS,15000.0,40.0,50.0,4.0,1.0,1.0,Departamento,Alquiler,Excelente,29.0,Capital,Mendoza,NECOCHEA N° 350 - CAPITAL - PROVINCIA DE MENDOZA,-32.8894587,-68.8458386,Garage,1.0,,False,,165000.0,False,,zenoff negocios inmobiliarios,Inmobiliaria,False,False,,"ZENOFF NEGOCIOS INMOBILIARIOS MAT. 1535 ALQUILA:

DEPARTAMENTO EN COMPLEJO MUY SEGURO, EL CUAL CONSTA DE:

LIVING COMEDOR.
COCINA INTEGRADA.
DORMITORIO CON PLACARD.
BAÑO COMPLETO.
PATIO.
COCHERA TECHADA.

VALOR: $ 600.000

EXPENSAS: $ 165.000

NO SE PERMITEN ANIMALES.

EXCELENTE UBICACION - ENTORNO.",30453-1639
inmoclick:30453-1645,inmoclick,30453,1645,https://inmoclick.com/30453-zenoff-negocios-inmobiliarios/inmuebles/1645/ficha/departamento-en-alquiler-en-achupallas-n0-1927-guaymallen-provincia-de-mendoza,2026-09-09,,600000.0,ARS,12000.0,50.0,60.0,5.0,2.0,1.0,Departamento,Alquiler,Excelente,31.0,Guaymallen,Mendoza,ACHUPALLAS N° 1927 - GUAYMALLEN - PROVINCIA DE MENDOZA,-32.9028208,-68.80470040000002,Garage,1.0,False,False,,20000.0,False,,zenoff negocios inmobiliarios,Inmobiliaria,False,False,,"ZENOFF NEGOCIOS INMOBILIARIOS MAT. 1535 ALQUILA:

DEPARTAMENTO EN PLANTA ALTA, POR ESCALERA, EL CUAL CONSTA DE:

LIVING COMEDOR.
COCINA INTEGRADA.
DOS DORMITORIOS CON PLACARES.
BAÑO COMPLETO.
ANTEBAÑO.
TENDEDERO.
COCHERA TECHADA.

VALOR: $ 600.000

EXPENSAS: $ 20.000

TODOS LOS SERVICIOS.

EXCELENTE ZONA - ENTORNO.

NO SE PERMITEN ANIMALES.",30453-1645
inmoclick:30453-1646,inmoclick,30453,1646,https://inmoclick.com/30453-zenoff-negocios-inmobiliarios/inmuebles/1646/ficha/departamento-en-alquiler-en-pedro-b-palacios-n0-534-capital-provincia-de-mendoza,2026-09-09,,430000.0,ARS,10750.0,40.0,40.0,4.0,1.0,1.0,Departamento,Alquiler,Excelente,23.0,Capital,Mendoza,PEDRO B. PALACIOS N° 534 - CAPITAL - PROVINCIA DE MENDOZA,-32.898098,-68.834986,Sin Cochera,1.0,False,False,False,,False,,zenoff negocios inmobiliarios,Inmobiliaria,False,False,,"ZENOFF NEGOCIOS INMOBILIARIOS MAT. 1535 ALQUILA:

DEPARTAMENTO EN SEGUNDO PISO, POR ESCALERA, EL CUAL CONSTA DE:

LIVING COMEDOR.
COCINA.
DORMITORIO CON PLACARD.
BAÑO COMPLETO.

VALOR: $ 430.000

EXPENSAS: INCLUIDAS EN EL PRECIO.

TODOS LOS SERVICIOS.

EXCELENTE ZONA - ENTORNO.

NO SE PERMITEN ANIMALES.",30453-1646
inmoclick:30453-1647,inmoclick,30453,1647,https://inmoclick.com/30453-zenoff-negocios-inmobiliarios/inmuebles/1647/ficha/departamento-en-alquiler-en-25-de-mayo-n0-60-godoy-cruz-provincia-de-mendoza,2026-09-09,,630000.0,ARS,12600.0,50.0,60.0,4.0,1.0,1.0,Departamento,Alquiler,Excelente,11.0,Capital,Mendoza,25 DE MAYO N° 60 - GODOY CRUZ - PROVINCIA DE MENDOZA,-32.9047201,-68.8495901,Garage,1.0,False,False,,50000.0,False,,zenoff negocios inmobiliarios,Inmobiliaria,False,False,,"ZENOFF NEGOCIOS INMOBILIARIOS MAT. 1535 ALQUILA:

DEPARTAMENTO EN PLANTA ALTA, POR ASCENSOR, EL CUAL CONSTA DE:

LIVING COMEDOR.
COCINA INTEGRADA.
DORMITORIO CON PLACARD.
BAÑO COMPLETO.
ESPACIO TIPO TENDER.
COCHERA TECHADA.
PORTON AUTOMÁTICO.

VALOR: $ 630.000

EXPENSAS: $ 50.000

TODOS LOS SERVICIOS.

EXCELENTE ZONA - ENTORNO.

NO SE PERMITEN ANIMALES.

CAMARAS DE SEGURIDAD.

CATEGORIA.",30453-1647
inmoclick:30453-1648,inmoclick,30453,1648,https://inmoclick.com/30453-zenoff-negocios-inmobiliarios/inmuebles/1648/ficha/departamento-en-alquiler-en-complejo-las-palmeras-berutti-n0-2556-guaymallen-provincia-de-mendoza,2026-09-09,,850000.0,ARS,10000.0,85.0,100.0,6.0,3.0,2.0,Departamento,Alquiler,Excelente,20.0,Guaymallen,Mendoza,COMPLEJO LAS PALMERAS (Berutti N° 2556) - GUAYMALLEN - PROVINCIA DE MENDOZA,-32.9077672,-68.8098198,Garage,1.0,False,False,,30000.0,False,,zenoff negocios inmobiliarios,Inmobiliaria,False,False,,"ZENOFF NEGOCIOS INMOBILIARIOS MAT. 1535 ALQUILA:

DEPARTAMENTO TIPO DUPLEX, EN COMPLEJO CERRADO, EL CUAL CONSTA DE:

PLANTA BAJA:

LIVING COMEDOR.
COCINA INTEGRADA.
BAÑO TOULETTE.
PATIO CON CHURRASQUERA.
COCHERA TECHADA.

PLANTA ALTA:

TRES DORMITORIOS CON PLACARD.
BAÑO COMPLETO.

VALOR: $ 850.000

EXPENSAS: $ 30.000

TODOS LOS SERVICIOS.

EXCELENTE UBICACION - ENTORNO.

NO SE PERMITEN ANIMALES.",30453-1648
inmoclick:30453-1651,inmoclick,30453,1651,https://inmoclick.com/30453-zenoff-negocios-inmobiliarios/inmuebles/1651/ficha/departamento-en-alquiler-en-evans-n0-30-lujan-de-cuyo-provincia-de-mendoza,2026-09-09,,590000.0,ARS,13111.111111111111,45.0,50.0,4.0,1.0,1.0,Departamento,Alquiler,Excelente,24.0,Lujan de Cuyo,Mendoza,EVANS N° 30 - LUJAN DE CUYO - PROVINCIA DE MENDOZA,-33.0309069,-68.8827655,Sin Cochera,1.0,False,,False,,False,,zenoff negocios inmobiliarios,Inmobiliaria,False,False,,"ZENOFF NEGOCIOS INMOBILIARIOS MAT. 1535 ALQUILA:

DEPARTAMENTO AMOBLADO, EL CUAL CONSTA DE:

LIVING COMEDOR.
COCINA INTEGRADA.
DORMITORIO CON PLACARD.
BAÑO COMPLETO.
PEQUEÑO PATIO.

VALOR: $ 590.000

EN EL PRECIO ESTA INCLUIDO EL PRECIO DE LUZ Y EXPENSAS.

SOLO PAGA AGUA Y GAS.

NO SE PERMITEN ANIMALES.

EXCELENTE UBICACION - ENTORNO.",30453-1651
inmoclick:30453-1652,inmoclick,30453,1652,https://inmoclick.com/30453-zenoff-negocios-inmobiliarios/inmuebles/1652/ficha/departamento-en-alquiler-en-evans-n0-30-lujan-de-cuyo-provincia-de-mendoza,2026-09-09,,900000.0,ARS,12857.142857142857,70.0,75.0,5.0,2.0,1.0,Departamento,Alquiler,Excelente,24.0,Lujan de Cuyo,Mendoza,EVANS N° 30 - LUJAN DE CUYO - PROVINCIA DE MENDOZA,-33.0309069,-68.8827655,Garage,1.0,False,,False,,False,,zenoff negocios inmobiliarios,Inmobiliaria,False,False,,"ZENOFF NEGOCIOS INMOBILIARIOS MAT. 1535 ALQUILA:

DEPARTAMENTO EN PLANTA ALTA (Ascensor), EL CUAL CONSTA DE:

LIVING COMEDOR AMPLIO.
COCINA.
DORMITORIO CON PLACARD.
DORMITORIO MAS PEQUEÑO.
BAÑO COMPLETO.
COCHERA TECHADA.
BALCON.

VALOR: $ 900.000

EN EL PRECIO ESTA INCLUIDO EL PRECIO DE LUZ Y EXPENSAS.

SOLO PAGA AGUA Y GAS.

NO SE PERMITEN ANIMALES.

EXCELENTE UBICACION - ENTORNO.",30453-1652
inmoclick:30453-1653,inmoclick,30453,1653,https://inmoclick.com/30453-zenoff-negocios-inmobiliarios/inmuebles/1653/ficha/departamento-en-alquiler-en-b0-privado-villa-catalina-las-heras-provincia-de-mendoza,2026-09-09,,600000.0,ARS,12000.0,50.0,70.0,5.0,1.0,1.0,Departamento,Alquiler,Excelente,8.0,Las Heras,Mendoza,B° PRIVADO VILLA CATALINA - LAS HERAS - PROVINCIA DE MENDOZA,-32.8524263,-68.8615583,Garage,1.0,,False,,95000.0,False,,zenoff negocios inmobiliarios,Inmobiliaria,False,False,,"ZENOFF NEGOCIOS INMOBILIARIOS MAT. 1535 ALQUILA:

DEPARTAMENTO EN PLANTA BAJA, EL CUAL CONSTA DE:

LIVING COMEDOR.
COCINA INTEGRADA.
DORMITORIO CON PLACARD.
DORMITORIO MUY PEQUEÑO.
BAÑO COMPLETO.
PATIO.
COCHERA TECHADA.

VALOR: $ 600.000

EXPENSAS: $ 96.000

TODOS LOS SERVICIOS.

NO SE ACEPTAN ANIMALES.

BARRIO PRIVADO CON SEGURIDAD 24HS.",30453-1653
inmoclick:30453-1656,inmoclick,30453,1656,https://inmoclick.com/30453-zenoff-negocios-inmobiliarios/inmuebles/1656/ficha/departamento-en-alquiler-en-san-rafael-n0-286-las-heras-provincia-de-mendoza,2026-09-09,,550000.0,ARS,11000.0,50.0,53.0,5.0,2.0,1.0,Departamento,Alquiler,Excelente,18.0,Las Heras,Mendoza,SAN RAFAEL N° 286 - LAS HERAS - PROVINCIA DE MENDOZA,-32.8571619,-68.8137561,Sin Cochera,1.0,False,False,,45000.0,False,,zenoff negocios inmobiliarios,Inmobiliaria,False,False,,"ZENOFF NEGOCIOS INMOBILIARIOS MAT. 1535 ALQUILA:

DEPARTAMENTO EN COMPLEJO CERRADO, EN PRIMER PISO (Ascensor), EL CUAL CONSTA DE:

LIVING COMEDOR.
COCINA.
DOS DORMITORIOS CON PLACARES.
BAÑO COMPLETO.
PEQUEÑO PATIO.

VALOR: $ 550.000

EXPENSAS: $ 45.000

TODOS LOS SERVICIOS.

COCHERA: TEMA A CHARLAR.

EL COMPLEJO POSEE CAMARAS DE SEGURIDAD Y TERRAZA.

NO SE PERMITEN MASCOTAS.

NO POSEE COCHERA.",30453-1656
inmoclick:304787-4,inmoclick,304787,4,https://inmoclick.com/304787-juan-moyano/inmuebles/4/ficha/departamento-en-alquiler-en-a-alvarez-131,2026-09-09,,780000.0,ARS,9176.470588235294,85.0,85.0,,3.0,1.0,Departamento,Alquiler,Muy Bueno,28.0,Godoy Cruz,Mendoza,A Alvarez 131,-32.90497737445786,-68.84065758028441,Sin Cochera,1.0,False,False,,13000.0,,No,juan moyano,Dueno Directo,True,False,,"MiDpto primer piso complejo cerrado bajas expensas , 3 dormitorios con Placards piso parquet, ventiladores techo, living comedor ventilador techo, aire acondicionado, estufas, cocina comedor con muebles de cocina , lavadero, churrasquera 
Ubicado a mts de calle Brasil, a 4 cuadras club talleres, luminoso, semipiso,",304787-4
inmoclick:305394-123,inmoclick,305394,123,https://inmoclick.com/305394-mosaico-propiedades/inmuebles/123/ficha/departamento-en-alquiler-en-curupaity-al-700-planta-baja,2026-09-09,,560000.0,ARS,8750.0,64.0,74.0,4.0,2.0,1.0,Departamento,Alquiler,Excelente,,Guaymallen,Mendoza,Curupaity al 700 - Planta baja,-32.916521647,-68.781787345,,1.0,,,,20000.0,,,mosaico propiedades,Inmobiliaria,False,False,,"Se ALQUILA departamento TODO ELÉCTRICO a estrenar en calle Curupaity a mts de calle Quinquela Martín, en Guaymallén.

El departamento se encuentra en planta baja, en un complejo de 4 unidades, con cochera frontal propia (descubierta).
Cuenta con un estar comedor de cómodas dimensiones, cocina separada (con termotanque y cocina eléctricos), bajomesada y alacenas en mdf enchapado, y mesadas de granito natural.
Tiene un baño completo y 2 dormitorios amplios, con placares. Además, el departamento cuenta con patio interno propio. Cerco electrico.

Apto mascotas.

Consultar condiciones y garantías. Estamos a su disposición!

(AM) Notas: El precio, distancias y medidas indicadas, son de referencia, sujeto a modificaciones sin previo aviso. Los datos consignados en esta web, pueden contener errores y no son contractuales; verifique los mismos previamente con la corredora matriculada.",305394-123
inmoclick:305394-162,inmoclick,305394,162,https://inmoclick.com/305394-mosaico-propiedades/inmuebles/162/ficha/departamento-en-alquiler-en-elpidio-gonzalez-y-azcuenaga,2026-09-09,,680000.0,ARS,10967.741935483871,62.0,,3.0,2.0,1.0,Departamento,Alquiler,---,,Guaymallen,Mendoza,Elpidio González y Azcuénaga,-32.9201507052,-68.7992609018,,,,,,,,,mosaico propiedades,Inmobiliaria,False,False,,"Descubra este acogedor departamento en el corazón de Guaymallén, ubicado en Elpidio González y Azcuénaga. Con 3 ambientes, incluyendo 2 dormitorios con placard, y 1 baño, este hogar es ideal para familias pequeñas o parejas.

Cuenta con una cocina funcional, comedor diario y balcón. Disfrute del confort de estar amoblado y todos los servicios.

Además, dispone de un estacionamiento cubierto para su comodidad. La ubicación ofrece fácil acceso a servicios y transporte. Perfecto para quienes buscan comodidad y funcionalidad en un entorno urbano.
EXISTE LA POSIBILIDAD DE ALQUILAR AMOBLADO, EN ESE CASO EL VALOR ES DE $700.00 (PESOS SETESCIENTOS MIL).

(MS) Notas: El precio, distancias y medidas indicadas, son de referencia, sujeto a modificaciones sin previo aviso. Los datos consignados en esta web, pueden contener errores y no son contractuales; verifique los mismos previamente con la corredora matriculada.",305394-162
inmoclick:305394-166,inmoclick,305394,166,https://inmoclick.com/305394-mosaico-propiedades/inmuebles/166/ficha/departamento-en-alquiler-en-holberg-s-n-b0-inka-guaymallen,2026-09-09,,550000.0,ARS,8333.333333333334,66.0,,3.0,2.0,1.0,Departamento,Alquiler,---,8.0,Guaymallen,Mendoza,"Holberg s/n, B° Inka, Guaymallén",-32.9156559,-68.7917838,,,,,,,,,mosaico propiedades,Inmobiliaria,False,False,,"Descubra este encantador departamento amoblado, ubicado en B° Inka del departamento de Guaymallén, Mendoza, una opción ideal para quienes buscan comodidad y funcionalidad. Esta propiedad ofrece una superficie cubierta de 66 m² que alberga 3 ambientes bien distribuidos, incluyendo 2 dormitorios y 1 baño completo.
Cuenta con dos aires acondicionados, uno en la habitación principal y el otro en el living-comedor, y una estufa rusa. Todos los ambientes en sus ventanas tienen cortinas roller de black out.
El departamento se encuentra en el primer piso, proporcionando fácil acceso y un ambiente tranquilo. Además, cuenta con un balcón que añade un espacio exterior privado para disfrutar de momentos de relajación.

Entre los servicios disponibles se destacan agua corriente, cloaca, electricidad, cable, agua potable y alumbrado público, asegurando un estilo de vida cómodo y moderno. 

Ubicado en una zona accesible, este departamento es una excelente oportunidad para aquellos que buscan establecerse en Guaymallén.
Se acepta una mascota, gato o perro pequeño.

NO PAGA EXPENSAS.

Para ingresar:
MES INICIAL
MES DEPÓSITO
HONORARIOS INMOBILIARIOS
CERTIFICACIÓN DE FIRMAS ANTE ESCRIBANO 

Requisitos:
BONO DE SUELDO o COMPROBANTE DE INGRESO DEL LOCATARIO

3 GARANTES c/ BONOS DE SUELDO (que dupliquen o más el monto del cannon) Ó 1 CON BONO Y 1 PROPIETARIO.

(MS) Notas: El precio, distancias y medidas indicadas, son de referencia, sujeto a modificaciones sin previo aviso. Los datos consignados en esta web, pueden contener errores y no son contractuales; verifique los mismos previamente con la corredora matriculada.",305394-166
inmoclick:305394-180,inmoclick,305394,180,https://inmoclick.com/305394-mosaico-propiedades/inmuebles/180/ficha/departamento-en-alquiler-en-buenos-aires-58,2026-09-09,,450000.0,ARS,14516.129032258064,31.0,,2.0,1.0,1.0,Departamento,Alquiler,---,40.0,Capital,Mendoza,Buenos Aires 58,-32.8873783566,-68.8361234476,,,,,,70000.0,,,mosaico propiedades,Inmobiliaria,False,False,,"Se alquila departamento con excelente vista e iluminación. Se ubica en la calle Buenos Aires, en el Microcentro de la Ciudad de Mendoza.
El departamento cuenta con un living comedor, Kitchenette, balcón, baño y dormitorio con amplio ventanal.
Por cualquier consulta estamos a su disposición!

(FP) Notas: El precio, distancias y medidas indicadas, son de referencia, sujeto a modificaciones sin previo aviso. Los datos consignados en esta web, pueden contener errores y no son contractuales; verifique los mismos previamente con la corredora matriculada",305394-180
inmoclick:305394-182,inmoclick,305394,182,https://inmoclick.com/305394-mosaico-propiedades/inmuebles/182/ficha/departamento-en-alquiler-en-curupaity-al-700-planta-alta,2026-09-09,,500000.0,ARS,7812.5,64.0,70.0,4.0,2.0,1.0,Departamento,Alquiler,Excelente,,Guaymallen,Mendoza,Curupaity al 700 - Planta alta,-32.916521647,-68.781787345,,1.0,,,,20000.0,,,mosaico propiedades,Inmobiliaria,False,False,,"Departamento a estrenar, en muy buenas condiciones, en calle Curupaity a mts de calle Quinquela Martín, en Guaymallén.

El departamento se encuentra en planta alta, en un complejo de 4 unidades, con cochera frontal propia (descubierta).
Cuenta con un estar comedor de cómodas dimensiones, cocina separada (con termotanque y cocina electrica incluídos), bajomesada y alacenas en mdf enchapado, y mesadas de granito natural.
Tiene un baño completo y 2 dormitorios amplios, con placares.
Amplio balcon al oeste, balcon tender al este. Cerco electrico.
Apto mascotas. 

Estamos a su disposición por cualquier consulta!

(AM) Notas: El precio, distancias y medidas indicadas, son de referencia, sujeto a modificaciones sin previo aviso. Los datos consignados en esta web, pueden contener errores y no son contractuales; verifique los mismos previamente con la corredora matriculada.",305394-182
inmoclick:305394-184,inmoclick,305394,184,https://inmoclick.com/305394-mosaico-propiedades/inmuebles/184/ficha/departamento-en-alquiler-en-av-espana-al-948-ciudad-de-mendoza,2026-09-09,,750.0,USD,11.71875,64.0,,3.0,2.0,2.0,Departamento,Alquiler,Semi new,20.0,Capital,Mendoza,Av españa  al 948 Ciudad de Mendoza,-32.8917704719,-68.8425206417,,14.0,,,,165000.0,,,mosaico propiedades,Inmobiliaria,False,False,,"Departamento Amoblado en Alquiler – Premium Tower Suite | Ciudad de Mendoza | Av España 948

NO SE ALQUILA TEMPORALMENTE (Mínimo un 1 año de contrato)

Pagando por adelantado el año o el tiempo total del contrato no se necesita garantes.

Contacto: Ezequiel Savina

Una propuesta ideal tanto para vivienda permanente en una ubicación estratégica donde todo está al alcance caminando.

Ubicación

Situado en el corazón de la Ciudad de Mendoza, con acceso inmediato a comercios, restaurantes, cafés, plazas, colegios y servicios. Una zona donde la vida cotidiana se desarrolla sin necesidad de vehículo.

Características del departamento

* Totalmente amoblado
* 2 dormitorios
* 2 baños (uno en suite)
* Cocina equipada
* Living comedor

Amenities del edificio

* Recepción y lobby
* Restaurante y bar interno
* Gimnasio completo
* Sauna
* Piscina y solárium
* Servicio de climatización central frío/calor
* Vista panorámica a la ciudad

Expensas

* Aproximadamente $160.000 (abril 2026)
* Incluyen internet y TV por cable

Información importante

El departamento no cuenta con conexión para lavarropas. En la zona hay múltiples servicios de lavandería y tintorería disponibles a pocos metros.

Ideal para:

* Vivienda permanente en zona premium
* Personas que buscan comodidad y ubicación estratégica

Condiciones

* Se reciben propuestas

Una propiedad que combina ubicación, servicios premium y potencial de rentabilidad en uno de los edificios más reconocidos de Mendoza.

Consultanos para coordinar una visita.

(ES) Notas: El precio, distancias y medidas indicadas, son de referencia, sujeto a modificaciones sin previo aviso. Los datos consignados en esta web, pueden contener errores y no son contractuales; verifique los mismos previamente con la corredora matriculada.",305394-184
inmoclick:305394-190,inmoclick,305394,190,https://inmoclick.com/305394-mosaico-propiedades/inmuebles/190/ficha/departamento-en-alquiler-en-iberlucea-al-1600,2026-09-09,,720000.0,ARS,17142.85714285714,42.0,47.0,2.0,1.0,1.0,Departamento,Alquiler,---,,Godoy Cruz,Mendoza,Iberlucea al 1600,-32.9074173508,-68.8505814553,,,,,,34000.0,,,mosaico propiedades,Inmobiliaria,False,False,,"Se alquila cómodo departamento amoblado ubicado en el prestigioso barrio Bombal, dentro de un tranquilo complejo de departamentos.

La propiedad cuenta con:

• 1 dormitorio
• 1 baño
• Cocina comedor
• Living
• Patio privado con sector de lavandería

Una opción cómoda y segura, en una excelente zona, con fácil acceso a comercios, servicios y medios de transporte.

Estamos a su disposición por cualquier consulta!

(AM) Notas: El precio, distancias y medidas indicadas, son de referencia, sujeto a modificaciones sin previo aviso. Los datos consignados en esta web, pueden contener errores y no son contractuales; verifique los mismos previamente con la corredora matriculada.",305394-190
inmoclick:305394-193,inmoclick,305394,193,https://inmoclick.com/305394-mosaico-propiedades/inmuebles/193/ficha/departamento-en-alquiler-en-beltran-al-2000-b0-bombal,2026-09-09,,920000.0,ARS,11794.871794871797,78.0,78.0,3.0,2.0,1.0,Departamento,Alquiler,Excelente,,Godoy Cruz,Mendoza,Beltrán al 2000 - B° Bombal,-32.9029948,-68.8520803,,4.0,,,,100000.0,,,mosaico propiedades,Inmobiliaria,False,False,,"Luminoso departamento a estrenar en alquiler a metros de la 5ta sección, próximo al Carrefour Market, ubicado en el Barrio Bombal, Godoy Cruz.
Cuenta con:
- 2 dormitorios con placard,
- un baño completo
- amplio estar-comedor con cocina integrada
- balcón
- quincho abierto en la terraza de uso comun
- cochera cubierta
- ascensor
- cerco eléctrico con alarma 
- sistema de cámaras con monitoreo online

Estamos a su disposición por cualquier consulta!

(AM) Notas: El precio, distancias y medidas indicadas, son de referencia, sujeto a modificaciones sin previo aviso.- *Los datos consignados en esta web, pueden contener errores y no son contractuales; verifique los mismos previamente con la corredora matriculada.-",305394-193
inmoclick:305394-99,inmoclick,305394,99,https://inmoclick.com/305394-mosaico-propiedades/inmuebles/99/ficha/departamento-en-alquiler-en-dr-leloir-y-dr-cesar-milstein,2026-09-09,,480000.0,ARS,,,,2.0,1.0,1.0,Departamento,Alquiler,---,,Capital,Mendoza,Dr. Leloir y Dr. Cesar Milstein,-32.8712337,-68.8814527,,,,,,,,,mosaico propiedades,Inmobiliaria,False,False,,"Ofrecemos en alquiler un departamento en complejo Lomas, frente al Barrio Dalvian.
Excelente ubicación y categoría con una excelente vista de la ciudad.
Depto: 1 Habitación - 1 Baño - Cocina comedor  - Balcón.
Posee cochera - El acceso es por escalera.
Expensas: 30.000 aprox.
Ubicación excelente: cerca de centros comerciales Centro Lomas - Dalvian 
El departamento es eléctrico, no posee gas natural

Estamos a su disposición por cualquier consulta!

(AM) Notas: El precio, distancias y medidas indicadas, son de referencia, sujeto a modificaciones sin previo aviso. Los datos consignados en esta web, pueden contener errores y no son contractuales; verifique los mismos previamente con la corredora matriculada.",305394-99
inmoclick:306870-25,inmoclick,306870,25,https://inmoclick.com/306870-peroni-bascunan/inmuebles/25/ficha/departamento-en-alquiler-en-mexico-489,2026-09-09,,700000.0,ARS,12500.0,56.0,59.0,3.0,2.0,1.0,Departamento,Alquiler,Muy Bueno,6.0,Guaymallen,Mendoza,mexico 489,-32.89972000461086,-68.81340159713953,Garage,1.0,False,False,,80000.0,False,,peroni bascunan,Inmobiliaria,False,False,,"- 🛏️ 2 habitaciones
- 🍽️ Cocina equipada lista para usar
- 🛋️ Comedor con estufa
- ☀️ Muy luminoso
- 🚗 Cochera techada
- 🚪 Portón automático
- 🌿 Balcón y terraza
- 🎉 SUM con churrasquera en el complejo
- 🏫 Cerca de la Universidad Maza
- 🌳 A 1 cuadra del Parque del Acceso
- 🚍 Próximo a accesos a la ciudad, centros comerciales y paradas de micro
- 🧭 Ubicado en 2º piso por escalera
- 🧺 Habitaciones con placares
- 📄 Contrato por 2 años — se piden 2 garantes
- 💰 Requisitos: mes de alquiler, mes de comisión y mes de garantía

Disfruta de un departamento práctico y luminoso dentro de un complejo moderno con espacios comunes pensados para el ocio: el SUM con churrasquera será el lugar ideal para recibir amigos y aprovechar los fines de semana. El balcón y la terraza aportan un plus para cultivar plantas o disfrutar del aire libre sin salir de casa. La cochera techada y el portón automático brindan comodidad y seguridad en el día a día.

Su ubicación es un gran valor: a pasos de la Universidad Maza y a una cuadra del Parque del Acceso, con fácil conexión hacia el resto de la ciudad y servicios cercanos como centros comerciales y transporte público. Las dos habitaciones con placares ofrecen orden y confort, mientras que la cocina equipada y el comedor con estufa permiten mudarse y comenzar a vivir de inmediato.

Ideal para estudiantes o parejas que buscan confort, ubicación y vida en comunidad. Condiciones claras y contrato a 2 años; se solicitan dos garantes. Oportunidad en una zona muy linda.",306870-25
inmoclick:306897-1,inmoclick,306897,1,https://inmoclick.com/306897-melisa/inmuebles/1/ficha/departamento-en-alquiler-en-perito-moreno-240,2026-09-09,,750000.0,ARS,16666.666666666668,45.0,60.0,2.0,1.0,1.0,Departamento,Alquiler,Excelente,4.0,Godoy Cruz,Mendoza,Perito Moreno 240,-32.92766221806124,-68.84428719767897,Garage/Cochera,,,,,60000.0,,,melisa,Dueno Directo,True,False,,"¡Alquiler Departamento 1 Dormitorio - Dueño Directo en Godoy Cruz!
Alquilo excelente departamento sin comisión inmobiliaria, ubicado en un 1° piso por escalera sobre Calle Perito Moreno, a solo 1 cuadra de la Plaza Godoy Cruz. Una ubicación estratégica con rápida conexión a accesos principales, transporte y zona comercial.
📍 Características de la Unidad
1 dormitorio amplio con placares integrados.
Living comedor luminoso con cocina integrada.
Balcón con sector de lavandería independiente.
Cochera cubierta con portón automático.
Unidad totalmente eléctrica, cuenta con calefón solar.
Pet frendly
🌟 Amenidades del Edificio
SUM totalmente equipado para eventos.
Terraza con sector de parrillas.
Piscina con deck y solárium.
💵 Opciones de Alquiler y Condiciones
OPCIÓN sin amoblamiento: consultar precio
Sin gastos de comisión inmobiliaria (Trato directo con el dueño).
Requisitos e Ingreso:
Titular con ingresos demostrables.
Dos garantes con bono de sueldo.
Para ingresar: Mes de alquiler + Mes de depósito.

📲 ¿Te interesa visitarlo? Escribime por WhatsApp para coordinar una visita",306897-1
inmoclick:306897-3,inmoclick,306897,3,https://inmoclick.com/306897-melisa/inmuebles/3/ficha/departamento-en-alquiler-en-francia-955,2026-09-09,,650000.0,ARS,11818.181818181818,55.0,70.0,,1.0,1.0,Departamento,Alquiler,Excelente,3.0,Godoy Cruz,Mendoza,Francia 955,-32.912473426779975,-68.85624716767637,Garage/Cochera,1.0,False,False,,40000.0,False,No,melisa,Dueno Directo,True,False,,"Excelente ubicación, sobre calle Francia, a metros de Beltrán y Paso de los Andes, con rápido acceso a comercios, transporte y todos los servicios.
Características:
Planta baja.
Amplio y muy luminoso.
Living-comedor con cocina integrada.
Cocina con gas natural.
1 dormitorio con amplio placard.
Baño completo.
Patio privado.
Cochera con portón automático.
Amenities:
Amplio SUM con churrasquera, ideal para reuniones con familiares y amigos.
Seguridad:
Boyero eléctrico en todo el perímetro del complejo.
Requisitos de ingreso:
Titular con ingresos demostrables. Dos garantes con bono de sueldo. 1 mes de alquiler + 1 mes de depósito.
Alquiler por dueño directo, sin comisiones inmobiliarias.
¿Te interesa conocerlo? Escribime por WhatsApp y coordinamos una visita.",306897-3
inmoclick:307533-1,inmoclick,307533,1,https://inmoclick.com/307533-andrea/inmuebles/1/ficha/departamento-en-alquiler-en-o-higgins-1452,2026-09-09,,450000.0,ARS,7500.0,60.0,60.0,4.0,2.0,1.0,Departamento,Alquiler,Muy Bueno,22.0,Godoy Cruz,Mendoza,O'higgins 1452,-32.908898841263564,-68.8536385038455,Sin Cochera,,False,False,False,,,,andrea,Dueno Directo,True,False,,"El departamento cuenta con:
2 habitaciones. 
1 baño completo.
Cocina.
Comedor.
Requisitos :
-2 garantes con bono de sueldo.
Inquilino con bono de sueldo. 
-Mes de alquiler $450 mil + impuestos.
-Mes de depósito.

Para persona sola-oficina-call center-deposito
A 1 cuadra de parada de micro y tranvía.

Sin expensas",307533-1
inmoclick:307581-5,inmoclick,307581,5,https://inmoclick.com/307581-liliana-carmen-vega/inmuebles/5/ficha/departamento-en-alquiler-en-san-luis-1085,2026-09-09,,350000.0,ARS,7000.0,50.0,50.0,,1.0,1.0,Departamento,Alquiler,Muy Bueno,,Las Heras,Mendoza,San Luis 1085,,,Indistinto,1.0,False,False,False,,False,,liliana carmen vega,Dueno Directo,True,False,,"- 🛗 Primer piso por escalera 
- 👤 Ideal para 1 o 2 personas 
- 🔁 Actualización de contrato: cuatrimestral 
- 🚫 No se permiten niños 
- 🐾 No se permiten mascotas 
- 📄 Requisitos: solicitante más dos garantes con recibo de sueldo o seguro de caución 
- 💰 Condiciones de ingreso: primer mes de alquiler + 1 mes para confección del contrato (no se solicita depósito)

Departamento pensado para quienes buscan una opción práctica y ordenada: ambiente compacto que se adapta perfectamente a una persona sola o a una pareja que valora la tranquilidad y el bajo mantenimiento. Al ubicarse en primer piso por escalera, ofrece acceso directo y privacidad, sin ruidos de ascensores ni vecinos sobre la unidad. La política de actualización cuatrimestral brinda previsibilidad y transparencia contractual, y las condiciones de ingreso son claras y directas, facilitando el proceso para inquilinos con garantías en regla.

Es una oportunidad ideal si buscas una vivienda funcional con requisitos administrativos bien definidos. Si cumples con las garantías solicitadas, obtendrás un contrato serio y ágil para instalarte con comodidad. Contáctanos para coordinar visita y revisar la documentación necesaria; estaremos encantados de orientarte en el proceso.",307581-5
inmoclick:3076-1371,inmoclick,3076,1371,https://inmoclick.com/3076-ente-inmobiliaria/inmuebles/1371/ficha/departamento-en-alquiler-en-martin-zapata-380,2026-09-09,,1300000.0,ARS,8666.666666666666,150.0,150.0,4.0,3.0,3.0,Departamento,Alquiler,Excelente,15.0,Capital,Mendoza,MARTIN ZAPATA 380,-32.890001,-68.8556911,Garage,,,False,,250000.0,False,,ente inmobiliaria,Inmobiliaria,False,False,,"Semipiso, Frontal sobre calle Martín Zapata
cuadras del centro de Mendoza y parque General San Martín.

Living comedor amplio y luminoso
3 dormitorios con placares, uno en suitte
4 baños
Cocina completamente equipada, con lugar de guardado.
Habitación de servicio independiente
balcones
Aire acondicionado
Calefacción central.
Cochera amplia con portón automático

Amenities
Amplio salón de usos múltiples (SUM)
Piscina",3076-1371
inmoclick:3076-1904,inmoclick,3076,1904,https://inmoclick.com/3076-ente-inmobiliaria/inmuebles/1904/ficha/departamento-en-alquiler-en-gran-boulogne-boulogne-sur-mer-y-laprida,2026-09-09,,1200.0,USD,14.117647058823527,85.0,100.0,3.0,2.0,2.0,Departamento,Alquiler,Excelente,3.0,Capital,Mendoza,"GRAN BOULOGNE, BOULOGNE SUR MER Y LAPRIDA",-32.89794000135231,-68.86335997409668,Garage,,,False,,350000.0,False,,ente inmobiliaria,Inmobiliaria,False,False,,"ENTE INMOBILIARIA ALQUILA

DEPARTAMENTO Torres Grand Boulogne, frente al parque. 

2 Dormitorios luminosos, amplios placares en los dormitorios 

2 baños, uno de ellos en suite

luminoso living comedor se conecta con un balcón con vistas panorámicas, 

cocina está equipada con todos los electrodomésticos y amplios amoblamientos

refrigeración y calefacción central garantiza un ambiente cálido y acogedor durante todo el año.

Además, el departamento cuenta con una cochera para mayor comodidad.

El edificio ofrece una amplia gama de amenidades, incluyendo una piscina para disfrutar en los días de calor, GYM, sala de cine, sauna y seguridad las 24 horas para brindar tranquilidad a sus residentes.",3076-1904
inmoclick:3076-2862,inmoclick,3076,2862,https://inmoclick.com/3076-ente-inmobiliaria/inmuebles/2862/ficha/departamento-en-alquiler-en-colon-773,2026-09-09,,500000.0,ARS,12500.0,40.0,50.0,2.0,1.0,1.0,Departamento,Alquiler,Excelente,10.0,Capital,Mendoza,colon 773,-32.89300681975489,-68.85014329543456,Sin Cochera,,,False,,130000.0,False,,ente inmobiliaria,Inmobiliaria,False,False,,"Alquilo departamento céntrico VIVIENDA U OFICINA**

Ubicado sobre calle Colón, casi Belgrano, en planta baja.

Características:**

* 1 dormitorio con placard.
* Cocina.
* Cocina-comedor.
* Baño completo.
* Patio.
* Aire acondicionado.

**Expensas:** incluyen agua y tasa municipal.

Ideal por su excelente ubicación y comodidad.",3076-2862
inmoclick:3076-2906,inmoclick,3076,2906,https://inmoclick.com/3076-ente-inmobiliaria/inmuebles/2906/ficha/departamento-en-alquiler-en-colon-423,2026-09-09,,850000.0,ARS,12142.857142857143,70.0,70.0,3.0,2.0,1.0,Departamento,Alquiler,Excelente,25.0,Capital,Mendoza,COLON 423,-32.8801052,-68.89434609999999,Garage,,,False,,300000.0,False,,ente inmobiliaria,Inmobiliaria,False,False,,"Departamento Categoria Mitre y Colon
Departamento disponible en alquiler ubicado en una zona estratégica de la Ciudad de Mendoza, con 70 m² de superficie construida y orientación norte.
La propiedad se distribuye en 3 ambientes

2 dormitorios con placares
living comedor,
cocina equipada,
1 baño completo.
cochera

El edificio cuenta con ascensor, encargado, gimnasio, pileta, solarium y SUM para reuniones sociales.

El entorno es mixto y dinámico, con excelente conectividad gracias a las líneas de colectivos cercanas. A pocas cuadras se encuentran supermercados, farmacias, variadas opciones gastronómicas y espacios verdes para recreación.",3076-2906
inmoclick:3076-2943,inmoclick,3076,2943,https://inmoclick.com/3076-ente-inmobiliaria/inmuebles/2943/ficha/departamento-en-alquiler-en-alem-y-baigorria,2026-09-09,,550000.0,ARS,6875.0,80.0,90.0,3.0,2.0,1.0,Departamento,Alquiler,Excelente,10.0,Godoy Cruz,Mendoza,ALEM Y BAIGORRIA,-32.9567584,-68.8443313,Garage,,,,False,,False,,ente inmobiliaria,Inmobiliaria,False,False,,"Departamento en alquiler metros Carril Cervantes, ALEM Y BAIGORRIA

Cómodo departamento con excelente distribución, que cuenta con:

. Segundo piso por escalera
* 2 dormitorios con placares
* 1 baño
* Living-comedor amplio
* Cocina
* Lavadero
. balcón

Ideal para familias o parejas que buscan comodidad y funcionalidad. Ambientes bien distribuidos y con espacios pensados para el día a día.",3076-2943
inmoclick:3076-2963,inmoclick,3076,2963,https://inmoclick.com/3076-ente-inmobiliaria/inmuebles/2963/ficha/departamento-en-alquiler-en-9-de-julio-1122,2026-09-09,,550000.0,ARS,11000.0,50.0,50.0,2.0,1.0,1.0,Departamento,Alquiler,Muy Bueno,40.0,Capital,Mendoza,9 DE JULIO 1122,-32.89030473265704,-68.84071717748014,Sin Cochera,,,,,65000.0,False,,ente inmobiliaria,Inmobiliaria,False,False,,"Departamento Centrico 9 de Julio y Peatonal
ALQUILER – DEPARTAMENTO CÉNTRICO

Ubicado sobre 9 de Julio, casi Peatonal Sarmiento, en una excelente zona del centro.

El departamento cuenta con:

* 1 Amplio dormitorio con placard.
* Living-comedor espacioso.
* Cocina.
* Baño.

Ideal para quienes buscan comodidad y una ubicación privilegiada, con acceso a comercios, transporte y todos los servicios del centro.",3076-2963
inmoclick:3076-3009,inmoclick,3076,3009,https://inmoclick.com/3076-ente-inmobiliaria/inmuebles/3009/ficha/departamento-en-alquiler-en-castro-5112,2026-09-09,,500000.0,ARS,7142.857142857143,70.0,70.0,3.0,2.0,1.0,Departamento,Alquiler,Excelente,6.0,Guaymallen,Mendoza,CASTRO 5112,-32.9142536,-68.78288730000001,Garage,,False,,,50000.0,False,,ente inmobiliaria,Inmobiliaria,False,False,,"Descripción
Ubicado en un complejo cerrado, este departamento ofrece comodidad, funcionalidad y una excelente distribución de sus espacios.

Características principales:
2 dormitorios amplio con placard empotrado, ideal para aprovechar al máximo el espacio

Cocina-comedor integrada, con buena ventilación, y espacio para amoblamiento completo

Baño completo con ante baño

Cochera propia, con fácil acceso

Espacios comunes cuidados y buen mantenimiento general del complejo

Servicios de luz, agua y gas conectados

Ubicación estratégica: Cerca de transporte público, comercios, escuelas y espacios verdes.

EXPENSAS 50.000. INCLUYEN AGUA Y MUNICIPOALIDAD",3076-3009
inmoclick:3076-3027,inmoclick,3076,3027,https://inmoclick.com/3076-ente-inmobiliaria/inmuebles/3027/ficha/departamento-en-alquiler-en-san-martin-8110,2026-09-09,,1150000.0,ARS,14375.0,80.0,100.0,3.0,2.0,2.0,Departamento,Alquiler,Excelente,2.0,Lujan de Cuyo,Mendoza,SAN MARTIN 8110,-32.9624855,-68.8535113,Garage,,,False,,280000.0,False,,ente inmobiliaria,Inmobiliaria,False,False,,"ALQUILO DEPARTAMENTO – EDIFICIO VILLA ROBLE

Características del departamento:

PLANTA BAJA

2 dormitorios con amplios placares empotrados

2 baños completos con grifería y sanitarios de primera calidad

Living comedor con excelente iluminación natural

Cocina con muebles bajo mesada y alacena

Balcón 

Calefacción central por losa radiante en todos los ambientes

Comodidades del edificio:

Cochera subterránea con acceso directo por ascensor

Ascensores de última generación

Seguridad y conserjería 24 hs

 Áreas comunes:

SUM completamente equipado para eventos y reuniones

Piscina con área de descanso

Solárium

Sanitarios en espacios comunes

Ubicado en una excelente zona residencial, ideal para vivir con confort, seguridad y calidad.",3076-3027
inmoclick:3076-3119,inmoclick,3076,3119,https://inmoclick.com/3076-ente-inmobiliaria/inmuebles/3119/ficha/departamento-en-alquiler-en-san-martin-8110,2026-09-09,,850000.0,ARS,17000.0,50.0,60.0,2.0,1.0,1.0,Departamento,Alquiler,Excelente,2.0,Lujan de Cuyo,Mendoza,SAN MARTIN 8110,-32.9624855,-68.8535113,Garage,,,,,180000.0,False,,ente inmobiliaria,Inmobiliaria,False,False,,"DEPARTAMENTO EDIFICIO VILLA ROBLES

1 dormitorio amplio con placard empotrado, 

Living-Comedor luminoso y ventilado, con acceso directo a un balcón privado

Cocina equipada con muebles bajo mesada y alacena, espaciosos y funcionales para tu comodidad.

Baño completo con modernos detalles de terminación.

Calefacción central por losa Radiante.

Además, el edificio cuenta con servicios exclusivos como:

Seguridad las 24 horas.

Piscina de uso común

Terraza de acceso común, un espacio ideal para disfrutar del aire libre con vistas impresionantes.

SUM (Salón de Usos Múltiples), pensado para reuniones o eventos sociales con amigos o familiares.

El departamento incluye cochera privada dentro del complejo

LAS EXPENSAS INCLUYEN INTERNET",3076-3119
inmoclick:3076-3199,inmoclick,3076,3199,https://inmoclick.com/3076-ente-inmobiliaria/inmuebles/3199/ficha/departamento-en-alquiler-en-agustin-alvarez-255,2026-09-09,,550.0,USD,9.166666666666666,60.0,70.0,2.0,2.0,2.0,Departamento,Alquiler,Excelente,10.0,Capital,Mendoza,AGUSTIN ALVAREZ 255,-32.8868131,-68.8530584,Garage,,,,,330000.0,False,,ente inmobiliaria,Inmobiliaria,False,False,,"Descripción
ALQUILER – Edificio Villa Carrara | Quinta Sección

Departamento amoblado, de categoría, ubicado en la Quinta Sección.
Cuenta con:

2 dormitorios con placares

Cocina independiente

Living comedor

2 baños

Calefacción central

El edificio ofrece:

Piscina

SUM

Cochera

Vigilancia

Excelente ubicación y comodidades premium.",3076-3199
inmoclick:3076-3241,inmoclick,3076,3241,https://inmoclick.com/3076-ente-inmobiliaria/inmuebles/3241/ficha/departamento-en-alquiler-en-olascoaga-1574,2026-09-09,,670000.0,ARS,13400.0,50.0,50.0,3.0,2.0,1.0,Departamento,Alquiler,Excelente,25.0,Capital,Mendoza,OLASCOAGA 1574,-32.8829213,-68.85270480000001,Sin Cochera,,False,False,,36400.0,False,,ente inmobiliaria,Inmobiliaria,False,False,,"ENTE INMOBILIARIA – Alquiler de Departamento

Se ofrece en alquiler luminoso departamento ubicado sobre calle Olascoaga, entre Juan B. Justo y Joaquín V. González, en una zona tranquila y de fácil acceso.

La propiedad se encuentra contra frente, lo que brinda mayor tranquilidad y menor ruido del tránsito, además de contar con excelente iluminación natural y una hermosa vista a la montaña.

El departamento dispone de:

2 dormitorios cómodos y bien ventilados

Living comedor amplio y luminoso

Cocina funcional con buen espacio de guardado

1 baño completo

Ideal para quienes buscan un hogar cómodo, con buena distribución y en una ubicación práctica dentro de la ciudad.

Para mayor información o coordinar una visita, comuníquese con ENTE Inmobiliaria.",3076-3241
inmoclick:3076-3276,inmoclick,3076,3276,https://inmoclick.com/3076-ente-inmobiliaria/inmuebles/3276/ficha/departamento-en-alquiler-en-25-de-mayo-4785,2026-09-09,,320000.0,ARS,16000.0,20.0,20.0,,,1.0,Departamento,Alquiler,Excelente,30.0,Guaymallen,Mendoza,25 DE MAYO 4785,-32.9084549,-68.7854816,Sin Cochera,,,False,False,,False,,ente inmobiliaria,Inmobiliaria,False,False,,"Departamento ubicado en complejo cerrado, sobre lateral sur del Acceso Este, a tan solo metros de la Universidad Maza, en una zona de fácil acceso y con excelente conectividad.

La propiedad se encuentra en primer piso por escaleras y se compone de un cómodo 
Frontal, 

monoambiente

cocina equipada con espacio de guardado y artefacto de cocina 

baño completo.

Importante: la unidad no cuenta con patio ni cochera.

¡Consultanos para más información o coordinar una visita!",3076-3276
inmoclick:3076-3311,inmoclick,3076,3311,https://inmoclick.com/3076-ente-inmobiliaria/inmuebles/3311/ficha/duplex-en-alquiler-en-orfila-1661,2026-09-09,,950000.0,ARS,10555.555555555557,90.0,150.0,3.0,2.0,1.0,Duplex,Alquiler,Muy Bueno,15.0,Guaymallen,Mendoza,ORFILA 1661,-32.9189881,-68.8022549,Garage,2.0,False,,False,,False,,ente inmobiliaria,Inmobiliaria,False,False,,"ALQUILO DÚPLEX AMOBLADO PEGADO A CLUB DE CAMPO

La propiedad cuenta con:

• 2 dormitorios amplios con placares
 baño

• Living comedor muy luminoso

• Cocina funcional y equipada

• Patio 

• Cochera

Se alquila totalmente amoblado, listo para ingresar.

Ubicado en una zona tranquila y de fácil acceso, ideal para quienes buscan comodidad y seguridad.

Contrato por 1 año.

Para más información o coordinar una visita, comunicarse por mensaje privado.",3076-3311
inmoclick:3076-3331,inmoclick,3076,3331,https://inmoclick.com/3076-ente-inmobiliaria/inmuebles/3331/ficha/departamento-en-alquiler-en-san-lorenzo-242,2026-09-09,,900000.0,ARS,10000.0,90.0,100.0,4.0,3.0,2.0,Departamento,Alquiler,Muy Bueno,40.0,Capital,Mendoza,SAN LORENZO 242,-32.8935104,-68.8433611,Sin Cochera,,,,,96000.0,False,,ente inmobiliaria,Inmobiliaria,False,False,,"ALQUILO AMPLIO DEPARTAMENTO CÉNTRICO – EXCELENTE UBICACIÓN

Ubicado sobre calle San Lorenzo, a tan solo 100 metros de Plaza España, en una de las zonas más privilegiadas y céntricas de la ciudad.
Con acceso inmediato a comercios, bancos, supermercados, colegios, transporte público y los principales puntos de interés del microcentro.

El departamento se encuentra en piso frontal, lo que le brinda excelente luminosidad natural y ventilación. Cuenta con una cómoda y funcional distribución:

3 amplios dormitorios con placares empotrados.

Dependencia de servicio.

2 baños .

Espacioso living-comedor ideal para disfrutar en familia.

Cocina independiente con buen espacio de guardado.

Balcón al frente.",3076-3331
inmoclick:3076-3338,inmoclick,3076,3338,https://inmoclick.com/3076-ente-inmobiliaria/inmuebles/3338/ficha/departamento-en-alquiler-en-9-de-julio-1357,2026-09-09,,250000.0,ARS,12500.0,20.0,20.0,,,1.0,Departamento,Alquiler,Bueno,40.0,Capital,Mendoza,9 DE JULIO 1357,-32.8876596,-68.8398498,Sin Cochera,,False,False,,40000.0,False,,ente inmobiliaria,Inmobiliaria,False,False,,"Centrico, sobre calle 9 de Julio, frente plaza San Martin, monoambiente con cocina y baño, persona sola.",3076-3338
inmoclick:3076-3364,inmoclick,3076,3364,https://inmoclick.com/3076-ente-inmobiliaria/inmuebles/3364/ficha/departamento-en-alquiler-en-godoy-cruz-580,2026-09-09,,650000.0,ARS,9285.714285714286,70.0,70.0,3.0,2.0,1.0,Departamento,Alquiler,Muy Bueno,40.0,Capital,Mendoza,GODOY CRUZ 580,-32.8894587,-68.8458386,Sin Cochera,1.0,,,,70000.0,False,,ente inmobiliaria,Inmobiliaria,False,False,,"Departamento céntrico sobre calle Godoy Cruz

Planta baja 

2 dormitorios con amplios placares empotrados

living comedor

Cocina separada con muebles bajo mesada y alacena

1 baño completo, totalmente renovado

SIN COCHERA

El departamento fue reciclado a nuevo, con materiales de calidad y detalles modernos que aportan confort y funcionalidad.

Ideal para quienes buscan vivir en una zona céntrica y tranquila, con todos los servicios a mano",3076-3364
inmoclick:3076-3365,inmoclick,3076,3365,https://inmoclick.com/3076-ente-inmobiliaria/inmuebles/3365/ficha/departamento-en-alquiler-en-sam-martin-941,2026-09-09,,450000.0,ARS,15000.0,30.0,30.0,2.0,1.0,1.0,Departamento,Alquiler,Muy Bueno,20.0,Capital,Mendoza,SAM MARTIN 941,-32.8894587,-68.8458386,Sin Cochera,,,,,175000.0,False,,ente inmobiliaria,Inmobiliaria,False,False,,"Departamento en alquiler – Edificio Presidente Center

Ubicación céntrica, sobre San Martín y Amigorena.

1 dormitorio
Totalmente amoblado
Kitchenette
Comedor
1 baño
Vigilancia 24 hs

Ideal para una persona o pareja que busca comodidad y excelente ubicación en el centro de la ciudad.",3076-3365
inmoclick:3076-3374,inmoclick,3076,3374,https://inmoclick.com/3076-ente-inmobiliaria/inmuebles/3374/ficha/departamento-en-alquiler-en-san-juan-1450,2026-09-09,,350000.0,ARS,11666.666666666666,30.0,30.0,,,1.0,Departamento,Alquiler,Muy Bueno,30.0,Capital,Mendoza,san juan 1450,-32.8866573,-68.83694679999999,Sin Cochera,,False,False,,35000.0,False,,ente inmobiliaria,Inmobiliaria,False,False,,"Departamento en alquiler – Excelente ubicación en San Juan casi Buenos Aires

Monoambiente dividido, cómodo y funcional, ubicado en una zona céntrica y de fácil acceso.

La propiedad cuenta con ambiente frontal, muy buena distribución, kitchinette y baño privado. Ideal para una persona o pareja que busque practicidad y cercanía a comercios, servicios y medios de transporte.

📍 Ubicación: San Juan casi Buenos Aires
🏠 Monoambiente dividido
🍳 Kitchinette
🚿 Baño privado
🌆 Frontal
📌 Zona céntrica

Una excelente opción para vivir en una ubicación estratégica, cerca de todo.

Consultas y visitas: comunicarse para conocer condiciones y disponibilidad.",3076-3374
inmoclick:3076-3390,inmoclick,3076,3390,https://inmoclick.com/3076-ente-inmobiliaria/inmuebles/3390/ficha/departamento-en-alquiler-en-san-martin-1167,2026-09-09,,600000.0,ARS,6666.666666666667,90.0,90.0,3.0,2.0,1.0,Departamento,Alquiler,Muy Bueno,40.0,Capital,Mendoza,SAN MARTIN 1167,,,Sin Cochera,1.0,,,,90000.0,False,,ente inmobiliaria,Inmobiliaria,False,False,,"Alquiler céntrico – Avenida San Martín

Departamento en alquiler, excelente ubicación: sobre Avenida San Martín, casi Peatonal.

Cuenta con:

2 dormitorios con placares
Living-comedor
Cocina
2 baños
Dependencia de servicio
Muy luminoso",3076-3390
inmoclick:3076-3392,inmoclick,3076,3392,https://inmoclick.com/3076-ente-inmobiliaria/inmuebles/3392/ficha/departamento-en-alquiler-en-espana-934,2026-09-09,,500000.0,ARS,12500.0,40.0,40.0,2.0,1.0,1.0,Departamento,Alquiler,Muy Bueno,40.0,Capital,Mendoza,ESPAÑA 934,-32.8894587,-68.8458386,Sin Cochera,,,False,,80000.0,False,,ente inmobiliaria,Inmobiliaria,False,False,,"ALQUILER DEPARTAMENTO CÉNTRICO – EXCELENTE UBICACIÓN

A metros de Plaza España

 Departamento amplio, cómodo y luminoso, ideal para una persona sola, pareja o quienes buscan vivir en una ubicación privilegiada.

El departamento cuenta con:

 1 dormitorio amplio

 Living comedor cómodo

Cocina independiente, práctica y funcional.

 Baño completo.

 Excelente ubicación: a pocos metros de Plaza España y cerca de importantes puntos de interés de la ciudad.

Se pueden coordinar visita.",3076-3392
inmoclick:3076-3394,inmoclick,3076,3394,https://inmoclick.com/3076-ente-inmobiliaria/inmuebles/3394/ficha/departamento-en-alquiler-en-almirante-brown-1525,2026-09-09,,900000.0,ARS,12857.142857142857,70.0,80.0,3.0,2.0,1.0,Departamento,Alquiler,Excelente,4.0,Godoy Cruz,Mendoza,Almirante Brown 1525,-32.9085202,-68.8463778,Garage,,,False,,100000.0,False,,ente inmobiliaria,Inmobiliaria,False,False,,"Departamento en alquiler – Bombal Sur

Zona residencial tranquila y de gran demanda. 

Características:

2 dormitorios
Living-comedor
Cocina
1 baño
Balcón frontal
Cochera
Portón automático

Se destaca por su disposición frontal, con balcón que aporta luminosidad y un agradable espacio exterior. Además, dispone de cochera propia con portón automático, brindando mayor comodidad y seguridad.

Una excelente opción para quienes buscan un hogar funcional, cómodo y bien ubicado.",3076-3394
inmoclick:3076-3395,inmoclick,3076,3395,https://inmoclick.com/3076-ente-inmobiliaria/inmuebles/3395/ficha/departamento-en-alquiler-en-cobos-128,2026-09-09,,800000.0,ARS,8888.888888888889,90.0,100.0,4.0,4.0,2.0,Departamento,Alquiler,Excelente,20.0,Guaymallen,Mendoza,COBOS 128,-32.8992006,-68.8231138,Garage,,,,,120000.0,False,,ente inmobiliaria,Inmobiliaria,False,False,,"ALQUILER DEPARTAMENTO EN DORREGO –

 AMPLIO, LUMINOSO Y EN EXCELENTE ESTADO

Características principales:
️ 4 dormitorios con placares
 2 baños
️ Living comedor amplio
 Cocina
 Balcón
 Cochera
️ Muy luminoso
 Ambientes amplios y cómodos
 Excelente estado de conservación

Una excelente opción para quienes buscan un departamento espacioso, luminoso y confortable, con todos los ambientes necesarios para una vida cómoda.

 Consultas y mayor información por mensaje privado.",3076-3395
inmoclick:3076-3397,inmoclick,3076,3397,https://inmoclick.com/3076-ente-inmobiliaria/inmuebles/3397/ficha/departamento-en-alquiler-en-beltran-y-maipu,2026-09-09,,600000.0,ARS,20000.0,30.0,30.0,,,1.0,Departamento,Alquiler,Excelente,1.0,Godoy Cruz,Mendoza,BELTRAN Y MAIPU,,,Garage,,,False,,70000.0,False,,ente inmobiliaria,Inmobiliaria,False,False,,"ALQUILER – MONOAMBIENTE MODERNO SOBRE BELTRÁN

El departamento es frontal, lo que le brinda muy buena luminosidad y una agradable sensación de amplitud. Cuenta con un ambiente único, ideal para organizar el espacio de manera práctica y confortable.

Características:
 Monoambiente dividido amplio y moderno
 Disposición frontal y luminoso
 Baño completo
 Calefacción central
 Cochera
 Excelente estado de conservación

 Muy buena ubicación sobre Beltrán",3076-3397
inmoclick:307964-1,inmoclick,307964,1,https://inmoclick.com/307964-tomas-bauza/inmuebles/1/ficha/departamento-en-alquiler-en-santiago-del-estero-740,2026-09-09,,550000.0,ARS,15277.777777777776,36.0,46.0,,,1.0,Departamento,Alquiler,Excelente,5.0,Godoy Cruz,Mendoza,Santiago del Estero 740,-32.9028497,-68.8526613,Garage/Cochera,,False,False,,30000.0,,No,tomas bauza,Dueno Directo,True,False,,"ALQUILO DEPARTAMENTO - DUEÑO DIRECTO 
DISPONIBLE RECIEN EN SEPTIEMBRE
UBICACION GODOY CRUZ - LIMITE ENTRE MENDOZA Y GODOY CRUZ
CALLE: SANTIAGO DEL ESTERO 740

MONOAMBIENTE 
COCINA - COMEDOR
1 BAÑO
PLANTA BAJA 
COCHERA COMPARTIDA 
TODO ELECTRICO 

ALQUILER $550.000 + $30.000 EXPENSAS",307964-1
inmoclick:30802-445,inmoclick,30802,445,https://inmoclick.com/30802-monserrat-inmobiliaria/inmuebles/445/ficha/departamento-en-alquiler-en-las-canas-772,2026-09-09,,550000.0,ARS,12222.222222222224,45.0,54.0,2.0,1.0,1.0,Departamento,Alquiler,Muy Bueno,7.0,Guaymallen,Mendoza,Las Cañas 772,-32.90441273611552,-68.81781890352592,Garage,,False,,,40000.0,False,,monserrat inmobiliaria,Inmobiliaria,False,False,,"MONSERRAT ALQUILA- Departamento en complejo privado, estratégicamente ubicado sobre Las Cañas, a metros de Lamadrid, a una cuadra del Acceso Sur y con rápida conexión al Acceso Este.

Ubicación altamente buscada, con todo cerca, Shoppings, colegios , clubes y transporte público en la puerta del edificio.

El complejo cuenta con tres torres y el departamento se encuentra en Torre 3 – Primer Piso por escalera, con excelente luminosidad y entorno tranquilo.

Superficie aproximada: 45 m²

Distribución:
- Cocina integrada con amoblamiento completo
- Balcón francés con vista a patio interno
- Cocina eléctrica y termotanque de 65 L
- Aire acondicionado frío/calor
- Baño completo con receptáculo de ducha y botiquín
- Dormitorio amplio con placard y gran ventana (muy luminoso)
- Sistema totalmente eléctrico

Cochera propia para un vehículo
Ingreso mediante portón automático
NO SE ACEPTAN MASCOTAS

Expensas económicas
Expensas abril 2026: $45.000

Condiciones de alquiler:
- cánon mensual: 550.000$
- incremento cuatrimestral x ICL
- Expensas: 45.000$
- Certificaciones de firmas ($35.000 cada una aprox.)
- Honorarios inmobiliarios: 1 mes
- Depósito: 500usd

Qué pedimos?
Titular de contrato: justificar ingresos que deben triplicar el valor del alquiler
Garantes: pueden ser 2 o 3. En total deben justificar ingresos por el 3ple del valor del alquiler.",30802-445
inmoclick:30802-451,inmoclick,30802,451,https://inmoclick.com/30802-monserrat-inmobiliaria/inmuebles/451/ficha/departamento-en-alquiler-en-acceso-este-lateral-norte-1986,2026-09-09,,480000.0,ARS,11162.790697674418,43.0,43.0,2.0,1.0,1.0,Departamento,Alquiler,Excelente,19.0,Guaymallen,Mendoza,ACCESO ESTE LATERAL NORTE 1986,-32.8965708,-68.8109302,Sin Cochera,,False,False,,46000.0,,No,monserrat inmobiliaria,Inmobiliaria,False,False,,"Monserrat alquila un departamento de 43 m2 cubiertos, con una antigüedad de 19 años, ubicado en Acceso Este Lateral Norte, en la tranquila y accesible zona de Nueva Ciudad. Este inmueble de disposición interna ofrece un ambiente acogedor y funcional, ideal para quienes buscan comodidad en un entorno residencial.
El departamento cuenta con un dormitorio, un baño, una cocina completa con lavandería independiente y un living-comedor que proporciona un espacio versátil. Además, incluye servicios como agua corriente, gas natural, luz y aire acondicionado, calefacción por radiadores, caldera dual PEISA, garantizando el confort necesario para tu día a día.
Se acepta mascota pequeña.
Zona ideal, cercana a Universidad Maza, Mendoza Plaza Shopping, Hospitales, comercios y la terminal.
Características destacadas:
- Precio: AR$480.000
- Expensas: AR$46.000
- Actualización: Cuatrimestral por ICL
- Depósito USD 500
- Superficie total: 43 m2 (cubiertos)
- Disposición interna
- 1 dormitorio
- 1 baño
- Cocina
- Living-comedor
- Aire acondicionado
- Servicios: agua corriente, gas natural, luz
- Accesible
- Orientación este
- No posee cochera
- No apto profesional
- Financiación: No
Este departamento es una excelente opción para quienes buscan un lugar tranquilo y bien ubicado en Guaymallén. 
Documentación Requerida: 
TITULAR (Persona Física o Jurídica) 
Si es Persona Física: 
- D.N.I. del Inquilino Titular, 1 Impuesto cualquiera con domicilio en Mendoza. 
- Declaración de Ingresos del Inquilino ( 3 veces el valor del alquiler) Titular o fotocopia de la Escritura si es propietario o Bono de sueldo (3 últimos). 
Si es Persona Jurídica 
- Copia del Estatuto de la S.A. 
- Si firma el presidente de la S.A., Copia del Acta de Asamblea donde se lo nombra presidente. 
- Si firma una apoderado. Copia del Poder donde se lo nombra Apoderado de la S.A. 
- CUIT de la S.A, 1 Impuesto cualquiera con domicilio en Mendoza 
GARANTES (siempre terceras personas, el Solicitante no puede ser a la vez Garante) 
OPCION 1 
1) Un garante propietario con inmueble de Mendoza, Escriturado y que no esté afectado (bien de familia, 
hipoteca vigente, inembargable, embargos, etc.). Si el bien está a nombre de más personas, o si el titular figura casado, todos deberán firmar. 
Presentar: 
- Fotocopia Escritura 
- Fotocopia DNI del garante propietario 
- Fotocopia de un impuesto o servicio (domicilio real). Formulario de alquiler completo.
2) Un Garante con Bono de Sueldo que el neto triplique (aprox.) el valor del alquiler. 
Presentar: 
- Fotocopia últimos 3 bonos de sueldo 
- Fotocopia DNI del garante 
- Fotocopia de un impuesto o servicio (domicilio real). Formulario de alquiler completo. 
OPCION 2 
1) Dos garantes Propietarios con inmuebles de Mendoza, Escriturados y que no esté afectado (bien de familia, 
hipoteca vigente, inembargable, etc.). Si el bien está a nombre de más personas, o si el titular figura casado, todos deberán firmar. 
Cada garante debe presentar: 
Presentar: 
- Fotocopia Escritura y matrícula
- Fotocopia DNI del garante propietario 
- Fotocopia de un impuesto o servicio (domicilio real). Formulario de alquiler completo. 
OPCION 3 
1) Tres garantes con Bono de Sueldo que el neto total de los 3, triplique (aprox.) el valor del alquiler. 
Cada Garante debe presentar: 
Presentar: 
- Fotocopia últimos 3 bonos de sueldo 
- Fotocopia DNI del garante 
- Fotocopia de un impuesto o servicio (domicilio real). Formulario de alquiler completo. 
CONDICIONES GENERALES PARA TODOS:
- No poseer antecedentes negativos en CODEME. 
- No poseer antecedentes negativos en VERAZ. 
- Presentar número de celular e e-mail de titular y garantes. 
QUE SE PAGA A LA FIRMA DE CONTRATO? 
- Mes de alquiler
- Expensas (de corresponder)
- Depósito en Garantía
- Honorarios Inmobiliarios: un mes de alquiler 
- Certificaciones de firmas
Elegí bien. Viví mejor.
Mariana Bonino
+54 9 2615 98-8641",30802-451
inmoclick:308156-1,inmoclick,308156,1,https://inmoclick.com/308156-claudio-juri/inmuebles/1/ficha/departamento-en-alquiler-en-calle-9-de-julio-1122-capital-mendoza,2026-09-09,,600000.0,ARS,6000.0,100.0,100.0,4.0,2.0,1.0,Departamento,Alquiler,Muy Bueno,40.0,Capital,Mendoza,"Calle 9 de Julio, 1122, Capital, Mendoza",-32.89017410017777,-68.84070510753958,Sin Cochera,1.0,False,False,,100000.0,False,No,claudio juri,Dueno Directo,True,False,,"Alquilo hermoso departamento frontal sobre la calle 9 de Julio, a metros de la peatonal Sarmiento, ideal para disfrutar de comercios, transporte y vida urbana. El departamento se destaca por su luminosidad y amplitud, tiene dos habitaciones espaciosas con muy buena iluminación natural que ofrecen un ambiente cálido y relajante; una sala de estar acogedora y amplia, ideal para recibir visitas o trabajar desde casa. La cocina es práctica y funcional, ya que cuenta con calefón y horno a gas.

Ideal hasta 4 personas, este departamento combina comodidad y practicidad, ambientes bien distribuidos, luz natural abundante y una ubicación privilegiada. Es una opción atractiva tanto para familias pequeñas como para profesionales que buscan un lugar tranquilo y bien emplazado.",308156-1
inmoclick:308368-2,inmoclick,308368,2,https://inmoclick.com/308368-facundo-aguero/inmuebles/2/ficha/departamento-en-alquiler-en-pedro-godoy-1415,2026-09-09,,520000.0,ARS,260000.0,2.0,2.0,3.0,2.0,1.0,Departamento,Alquiler,Excelente,3.0,Godoy Cruz,Mendoza,Pedro Godoy  1415,,,Garage/Cochera,1.0,False,,False,,,,facundo aguero,Dueno Directo,True,False,superficie fuera de rango,"🛏️ 2 habitaciones 
🪑 Amueblado (listo para mudarse) 
📅 Alquiler temporal y mensual — estadía máxima hasta 6 meses 
📍 Zona centro (ubicación estratégica y conveniente) 

Descubre este departamento de 2 habitaciones, cuidadosamente presentado y ideal para quienes buscan una estadía temporal con todas las comodidades desde el primer día. Amueblado y pensado para ofrecer confort inmediato, es una opción perfecta para profesionales en traslado, parejas o familias que necesiten un hogar provisional sin complicaciones. 

La modalidad de alquiler es flexible: mensual con contrato temporal, hasta un máximo de 6 meses, lo que brinda tranquilidad y adaptación a tus planes. Su ubicación en zona centro facilita el acceso a transporte, comercios y servicios, acortando tus desplazamientos diarios y potenciando tu calidad de vida durante la estadía. 

Se destaca por su ambiente acogedor, cuidado en la presentación y la practicidad de estar completamente equipado para habitar. Si buscas comodidad, ubicación y una solución temporal sin trámites extensos, este departamento cumple con lo esencial para que te sientas en casa desde el primer día. Contáctanos para coordinar una visita y conocerlo personalmente.",308368-2
inmoclick:308424-1,inmoclick,308424,1,https://inmoclick.com/308424-victoria/inmuebles/1/ficha/departamento-en-alquiler-en-boulogne-sur-mer-35,2026-09-09,,850000.0,ARS,11333.333333333334,75.0,86.0,6.0,3.0,1.0,Departamento,Alquiler,Excelente,,Capital,Mendoza,Boulogne Sur Mer 35,-32.90114355586225,-68.86436389510651,Sin Cochera,5.0,False,False,,130000.0,,,victoria,Dueno Directo,True,False,,Hermoso y amplio departamento en el quinto piso con vistas al parque! súper bien ubicado y muy luminoso,308424-1
inmoclick:308477-2,inmoclick,308477,2,https://inmoclick.com/308477-maria-eugenia-garriga/inmuebles/2/ficha/duplex-en-alquiler-en-olascoaga-260,2026-09-09,,700000.0,ARS,10000.0,70.0,78.0,,2.0,1.0,Duplex,Alquiler,Muy Bueno,,Capital,Mendoza,Olascoaga 260,-32.8974999,-68.8556799,Garage,2.0,,,False,,,,maria eugenia garriga,Dueno Directo,True,False,,"🏘️ Complejo cerrado de 4 unidades 
🏠 Departamento dúplex luminoso 
🍽️ Cocina-living-comedor integrado 
🛏️ 2 habitaciones 
🌿 Patio 
🚗 Cochera 
❌💸 Sin expensas

Dúplex luminoso en complejo íntimo de solo cuatro unidades, pensado para quienes buscan confort, privacidad y bajo mantenimiento. La planta social integra cocina y living comedor, generando un ambiente fluido y muy aprovechable para el día a día y la recepción de visitas. Las dos habitaciones ofrecen comodidad y posibilidades de distribución según tus necesidades (habitación principal, oficina o cuarto de invitados). 

El patio suma un espacio exterior propio para disfrutar de aire libre, plantas o un área de descanso, mientras que la cochera aporta comodidad y seguridad para el vehículo. Al formar parte de un complejo pequeño y no tener expensas, el mantenimiento es sencillo y el costo mensual más controlado, una ventaja económica y práctica.

Ideal tanto para familias como para parejas que buscan un hogar cálido y funcional, o para inversores que valoran la demanda de unidades con patio y cochera. Luminosidad, distribución eficiente y la tranquilidad de un entorno cerrado: una propuesta clara y atractiva para vivir bien.",308477-2
inmoclick:308703-22,inmoclick,308703,22,https://inmoclick.com/308703-openhouse-inmobiliaria/inmuebles/22/ficha/departamento-en-alquiler-en-mitre-2684,2026-09-09,,420000.0,ARS,8936.170212765957,47.0,47.0,,1.0,1.0,Departamento,Alquiler,Muy Bueno,,Capital,Mendoza,MITRE 2684,-32.87505096302248,-68.83456419,Sin Cochera,,,,False,,False,,openhouse inmobiliaria,Inmobiliaria,False,False,,"¡OPENHOUSE ALQUILA HERMOSO DEPARTAMENTO EN CIUDAD MENDOZA!

El departamento se encuentra en un complejo cerrado ubicado en calle Mitre 2684 y Videla Correa.
Cuenta con una excelente y hermosa ubicación a tan solo cuatro cuadras del parque central, Cercanía de supermercados, paradas de colectivos.

CARACTERISTICAS:
Ubicada en primer o piso por escaleras.

- 1 Dormitorio
- 1 Baño
- Cocina
- Living comedor
- Pequeño Patio tipo lavandería
- Balcon con vista a la Av. Mitre
- Sin cochera

SI ESTAS INTERESADO NO DUDE EN CONSULTARNOS

Datos de la Propiedad",308703-22
inmoclick:308703-7,inmoclick,308703,7,https://inmoclick.com/308703-openhouse-inmobiliaria/inmuebles/7/ficha/departamento-en-alquiler-en-lisandro-moyano,2026-09-09,,420000.0,ARS,7636.363636363636,55.0,55.0,,2.0,1.0,Departamento,Alquiler,Muy Bueno,,Las Heras,Mendoza,Lisandro Moyano,-32.87505096302248,-68.83456419,Sin Cochera,,,,False,,False,,openhouse inmobiliaria,Inmobiliaria,False,False,,"¡OPENHOUSE INMOBILIARIA ALQUILA HERMOSO DEPARTAMENTO!
Calle Lisandro Moyano y Pedro Pascual Segura

CARACTERISTICAS:
Departamento en planta Alta por escaleras.
- 2 Habitaciones
- 1 Baño
- Cocina comedor
- Patio de ingreso
- Sin cochera

SI ESTAS INTERESADO NO DUDES EN CONSULTARNOS",308703-7
inmoclick:308706-11,inmoclick,308706,11,https://inmoclick.com/308706-cm/inmuebles/11/ficha/departamento-en-alquiler-en-callle-patricias-mendocinas,2026-09-09,,690000.0,ARS,11500.0,60.0,75.0,4.0,2.0,1.0,Departamento,Alquiler,Muy Bueno,,Godoy Cruz,Mendoza,callle Patricias Mendocinas,,,Sin Cochera,,,,False,,,,cm,Inmobiliaria,False,False,,"🏡 Departamento en alquiler en excelente zona, ideal para quienes buscan comodidad y buena conectividad. La unidad ofrece ambientes bien distribuidos que facilitan la vida diaria y potencian el confort.

Características principales:
- 🛏️ 2 dormitorios (1 con amplio placard)
- 🛁 1 baño completo
- 🍽️ Cocina comedor
- 🛋️ Living comedor
- 🌿 2 patios privados
- 📍 Ubicación: excelente zona
- 🚫🚗 Sin cochera

Descripción:
Entrada funcional hacia espacios sociales integrados: cocina comedor y living comedor que permiten organizar con comodidad los muebles y crear áreas diferenciadas para comer y recibir visitas. Los dos dormitorios aportan privacidad; uno de ellos cuenta con un placard amplio que facilita el orden y el aprovechamiento del espacio. El baño completo cubre las necesidades diarias con practicidad.

Los dos patios son un valor diferencial: ofrecen ventilación cruzada, posibilidad de crear un rincón de relax, huerto urbano o un espacio protegido para desayunos al aire libre. La distribución y los ambientes convierten este departamento en una alternativa práctica y acogedora tanto para parejas como para pequeñas familias o profesionales que trabajan desde casa.

Aprovecha la oportunidad de vivir en una zona privilegiada, con accesos y servicios cerca. Contáctanos para coordinar una visita y comprobar en persona el potencial de esta propiedad.",308706-11
inmoclick:308706-9,inmoclick,308706,9,https://inmoclick.com/308706-cm/inmuebles/9/ficha/departamento-en-alquiler-en-adolfo-calle,2026-09-09,,520000.0,ARS,13000.0,40.0,45.0,,1.0,1.0,Departamento,Alquiler,Muy Bueno,,Godoy Cruz,Mendoza,Adolfo Calle,-32.9004574,-68.8195396,Sin Cochera,,,,,20000.0,,,cm,Inmobiliaria,False,False,,"Departamento frontal en primer piso, ubicado en Godoy Cruz, Mendoza: una propuesta cómoda y segura ideal como vivienda permanente.. Espacios bien distribuidos que privilegian el confort: un dormitorio con amplio placard, estar-comedor integrado, cocina completa y baño completo. Cuenta con balcón propio para un momento al aire libre y está equipado con calefactor y aire acondicionado, pensando en el confort durante todo el año. Las rejas en todas las ventanas y puertas brindan mayor seguridad y tranquilidad.

Características principales:
- 📍 Ubicación: Godoy Cruz, Mendoza (primer piso frontal)
- 1️⃣ Piso: primer piso (frontal)
- 🛏️ Dormitorio: 1 dormitorio con amplio placard
- 🛋️ Ambientes: estar comedor
- 🍽️ Cocina: cocina completa
- 🛁 Baño: baño completo
- 🌿 Balcón: balcón propio
- 🔥 Confort: calefactor
- ❄️ Confort: aire acondicionado
- 🔒 Seguridad: rejas en ventanas y puertas

Una alternativa práctica y funcional: ambientes que facilitan la vida diaria, buen guardado en el dormitorio y climatización para adaptarse a cada estación. El balcón suma una salida al exterior sin salir del hogar, y las rejas aportan tranquilidad adicional. Perfecto para quien busca un hogar listo para habitar o una renta con demanda estable en la zona.",308706-9
inmoclick:308725-1,inmoclick,308725,1,https://inmoclick.com/308725-juan-manuel-silva/inmuebles/1/ficha/departamento-en-alquiler-en-cacheuta,2026-09-09,,530000.0,ARS,11777.777777777776,45.0,45.0,2.0,1.0,1.0,Departamento,Alquiler,Muy Bueno,13.0,Godoy Cruz,Mendoza,cacheuta,-32.9343314299526,-68.82965911261444,Garage/Cochera,1.0,False,False,,15000.0,False,,juan manuel silva,Dueno Directo,True,False,,"Excelente departamento en alquiler con Balcon y cochera cubierta | Zona estratégica de Godoy Cruz

Se alquila impecable departamento en complejo moderno, ubicado en una de las zonas con mayor desarrollo y crecimiento de Godoy Cruz. Propiedad ideal por su excelente conectividad, confort y cercanía a espacios verdes y centros comerciales.

Puntos destacados:

Ubicación estratégica: A minutos del Parque Margarita Malharro de Torres y con acceso inmediato a conectores principales (Acceso Sur y vías rápidas hacia la Ciudad de Mendoza).

Transporte: A pasos de la traza del Metrotranvía, permitiendo un traslado directo, ágil y cómodo hacia el centro mendocino.

Comercios y servicios: En cercanía inmediata a grandes hipermercados y mayoristas (VEA, Oscar David, Makro).

Comodidades: Incluye cochera Cubierta propia de fácil maniobra y acceso automatizado. Edificio/complejo de reciente construcción con terminaciones de calidad.

Requisitos: solicitante y dos garantes todos con bonos de sueldo.",308725-1
inmoclick:308921-24,inmoclick,308921,24,https://inmoclick.com/308921-femmestate/inmuebles/24/ficha/departamento-en-alquiler-en-depto-en-alquiler-3-dorm-complejo-privado-punta-cayman,2026-09-09,,750000.0,ARS,8333.333333333334,90.0,90.0,5.0,3.0,2.0,Departamento,Alquiler,---,5.0,Guaymallen,Mendoza,DEPTO EN ALQUILER (3 Dorm) COMPLEJO PRIVADO PUNTA CAYMAN,-32.9027193,-68.8010774,,,,,,250000.0,,,femmestate,Inmobiliaria,False,False,,"Hermoso departamento en alquiler en complejo privado Punta Caymán, a escasos 20 metros del acceso mas importante de Mendoza que te permite estar en ciudad a 10 minutos.

Esta increíble unidad se encuentra en planta alta, 1er piso y cuenta con:

Amplio Living comedor y cocina
Lavandería independiente
3 dormitorios con espaciosos placares
1 baño completo
1 toilette
Balcon muy espacioso
Cochera techada para un vehiculo
Seguridad privada y mantenimiento de espacios comunes

El complejo también tiene sum y pileta.

$250.000 de expensas.
Dentro de las expensas se encuentran incluidos:
- Agua individual de cada depto
- Luz de los espacios comunes
- Agua espacios comunes
- seguridad

El dpto. es 100% eléctrico.

Contrato por 2 años

Requisitos:

Para ingresar se paga mes de alquiler, mes de depósito, honorarios inmobiliarios y los honorarios de escribano por certificación de firma.

Se necesitan 2 garantes con bono de sueldo (monto de 2 meses de alquiler c/u) y un garante propietario.

_Operación a cargo de la Corredora Pública Inmobiliaria Antonella Aloisio, Mat. N° 1.900 — Los agentes/gestores no ejercen el corretaje. Precios, expensas y descripciones son orientativos y sujetos a variación sin previo aviso. Consulte al corredor responsable para información actualizada_",308921-24
inmoclick:309181-5,inmoclick,309181,5,https://inmoclick.com/309181-rivas/inmuebles/5/ficha/departamento-en-alquiler-en-pedro-del-castillo-3468,2026-09-09,,450000.0,ARS,6428.571428571428,70.0,70.0,3.0,1.0,1.0,Departamento,Alquiler,Muy Bueno,12.0,Guaymallen,Mendoza,Pedro del castillo 3468,-32.896382610956145,-68.7939966270509,Garage/Cochera,,False,,,40000.0,False,,rivas,Dueno Directo,True,False,,"Departamento ideal para una o dos personas Cuenta con una cocina comedor integrada la cochera está disponible pero se alquila por separado, lo que brinda la opción de sumar estacionamiento según necesidad.

Características principales:
- 🛏️ 1 amplia habitación
- 🛁 1 baño completo
- 🍽️ Cocina comedor integrada
- 👤👥 Ideal para 1 o 2 personas
- 🚗 Cochera disponible (alquiler aparte)

Este departamento es una alternativa accesible y funcional para quien prioriza comodidad y facilidad de mantenimiento. La distribución es sencilla y práctica, pensada para optimizar los ambientes esenciales y permitir una vida cotidiana ágil. Si querés conocer más detalles, condiciones de alquiler o consultar la disponibilidad de la cochera, contactanos por WhatsApp o por Gmail. Estamos para responder tus preguntas y coordinar una visita.",309181-5
inmoclick:309305-1,inmoclick,309305,1,https://inmoclick.com/309305-enzo-malizia/inmuebles/1/ficha/departamento-en-alquiler-en-aristides-villanueva-342-ciudad,2026-09-09,,950000.0,ARS,8636.363636363636,110.0,125.0,4.0,2.0,2.0,Departamento,Alquiler,Excelente,,Capital,Mendoza,ARISTIDES VILLANUEVA 342 CIUDAD,-32.8923843,-68.8556819,Sin Cochera,,False,False,,50000.0,False,,enzo malizia,Dueno Directo,True,True,,"- 🏠 Dirección: Aristides Villanueva 342 
- 🛏️ 2 dormitorios 
- 👗 Vestidor 
- 🛁 2 baños completos (uno en suite) 
- 🍽️ Cocina comedor 
- 🧺 Despensa 
- 🌤️ Balcón con tender y chulengo 
- 💡 Muy luminoso 
- 🔒 Seguro 
- 💸 Bajas expensas

Excelente departamento sobre calle Arístides Villanueva, súper luminoso, seguro y de bajas expensas. Ideal para vivir en la mejor zona de Mendoza.
NO INCLUYE LOS MUEBLES.-",309305-1
inmoclick:309332-1,inmoclick,309332,1,https://inmoclick.com/309332-ignacio-vega/inmuebles/1/ficha/departamento-en-alquiler-en-ruta-panameriacana-2501,2026-09-09,,600.0,USD,12.0,50.0,50.0,2.0,1.0,1.0,Departamento,Alquiler,Excelente,2.0,Godoy Cruz,Mendoza,Ruta Panameriacana 2501,-32.95280025513577,-68.85586451116384,Garage/Cochera,,,False,,,False,,ignacio vega,Dueno Directo,True,False,,Departamento de 1 dormitorio torre 1 complejo Vistacruz.,309332-1
inmoclick:309341-3,inmoclick,309341,3,https://inmoclick.com/309341-yamila-peregrina/inmuebles/3/ficha/departamento-en-alquiler-en-ignacio-molina,2026-09-09,,430000.0,ARS,10750.0,40.0,55.0,2.0,1.0,1.0,Departamento,Alquiler,Muy Bueno,,Guaymallen,Mendoza,Ignacio Molina,,,Garage/Cochera,,,,False,,False,,yamila peregrina,Dueno Directo,True,False,,"- 🧾 Dueño directo 
- 🚫 Sin depósito 
- 💸 Sin expensas",309341-3
inmoclick:309611-1,inmoclick,309611,1,https://inmoclick.com/309611-gisela-moreno/inmuebles/1/ficha/departamento-en-alquiler-en-catamarca-487,2026-09-09,,580000.0,ARS,8787.878787878788,66.0,66.0,,3.0,1.0,Departamento,Alquiler,Excelente,,Capital,Mendoza,Catamarca 487,-32.8902221,-68.831749,Sin Cochera,,,False,,95000.0,False,,gisela moreno,Dueno Directo,True,False,,"Excelente departamento de 3 dormitorios, ubicado en una zona estratégica de la Ciudad de Mendoza, en las inmediaciones de la Facultad de Psicología de la Universidad del Aconcagua, Hospital Central y a tan solo cuatro cuadras de Av. San Martín.

La propiedad se encuentra en muy buen estado de conservación y cuenta con una distribución funcional y cómoda.

Dispone de living-comedor, cocina independiente con espacio para lavarropas, tres dormitorios con placares empotrados y un baño completo.

Para mayor confort, cuenta con dos equipos de aire acondicionado frío-calor, uno ubicado en el living-comedor y otro en el dormitorio principal.

La unidad posee una superficie cubierta y total de 66 m² aproximadamente.

El edificio dispone de tender de uso disponible en la planta alta.

Características principales:

* 3 dormitorios
* 1 baño completo
* Living-comedor
* Cocina independiente
* Espacio para lavarropas
* Placares empotrados
* 2 equipos de aire acondicionado frío-calor
* 66 m² aprox.
* Muy buen estado de conservación
* Sin cochera
* No se aceptan mascotas
* Expensas: $95.000 aprox.

Excelente ubicación y conectividad, próxima a instituciones educativas, centros de salud, comercios y principales vías de acceso de la Ciudad de Mendoza.

Consultar para mayor información y coordinar una visita.",309611-1
inmoclick:309732-3,inmoclick,309732,3,https://inmoclick.com/309732-martina-abril-toro/inmuebles/3/ficha/departamento-en-alquiler-en-almte-brown-1170,2026-09-09,,500000.0,ARS,8620.689655172413,58.0,43.0,,1.0,1.0,Departamento,Alquiler,Excelente,1.0,Godoy Cruz,Mendoza,Almte. Brown 1170,-32.9114354,-68.8479294,Garage/Cochera,,,False,,35000.0,,,martina abril toro,Dueno Directo,True,False,,"MONOAMBIENTE SEMINUEVO CON COCHERA Y TERRAZA – COMPLEJO CERRADO – BARRIO BOMBAL

Excelente monoambiente seminuevo, ubicado en Barrio Bombal, sobre calle Almirante Brown, a solo 2 cuadras del McDonald’s de calle San Martín, Godoy Cruz.

La propiedad cuenta con 1 año y medio de uso con la posibilidad de realizar una división interna para generar un dormitorio independiente, mediante Durlock u otro sistema constructivo, de acuerdo con las necesidades del futuro inquilino por parte de nosotros. 

Características:
Monoambiente amplio y luminoso
Posibilidad de división interna (corre por nuestra cuenta)
Cochera
Terraza
Calefacción frío/calor
Cortinas roller blackout
Se aceptan mascotas
Excelente ubicación
Dueño directo

Una propiedad moderna, práctica y versátil, ideal para quienes buscan una ubicación estratégica y la posibilidad de adaptar el espacio a sus necesidades.

Alquiler mensual: $500.000
Expensas aproximadas: $35.000 – $40.000

Contrato por 2 años, con actualización trimestral según IPC.

Consultanos para coordinar una visita -->",309732-3
inmoclick:310118-1,inmoclick,310118,1,https://inmoclick.com/310118-natalia/inmuebles/1/ficha/departamento-en-alquiler-en-sargento-cabral-337-entre-olascoaga-y-martinez-de-rozas,2026-09-09,,750000.0,ARS,11538.46153846154,65.0,65.0,5.0,2.0,1.0,Departamento,Alquiler,Excelente,,Capital,Mendoza,Sargento Cabral 337 entre Olascoaga y Martinez de Rozas,-32.8930495,-68.8557597,Sin Cochera,,,False,,,False,,natalia,Dueno Directo,True,False,,"Dueño alquila directo. Hermoso departamento frontal, 100% reciclado, en la Quinta Sección de la Ciudad de Mendoza — Sargento Cabral 337 (entre Olascoaga y Martínez de Rozas). Espacios luminosos y bien terminados, pensado para quien busca confort y estilo en una ubicación destacada.

Características principales:
- 🛏️ 2 dormitorios con pisos de parquet
- 🛁 1 baño 
- 🍽️ Cocina totalmente equipada con mobiliario de máxima calidad y sector de lavandería
- 🛋️ Estar amplio y luminoso, ideal para recibir y disfrutar
- 🚪 Placares nuevos (amplio espacio de guardado)
- 🏢 Complejo de departamentos — unidad frontal
- ♻️ 100% reciclado (baño, cocina, cañerías y acabados generales)
- 🚫 Sin cochera

Por qué te va a encantar:
Cada ambiente fue renovado cuidando materiales y funcionalidad: los pisos de parquet aportan calidez, el mobiliario de cocina de alta calidad facilita el uso diario y los placares nuevos maximizan el orden. Al ser frontal y muy luminoso, ofrece una sensación de amplitud y bienestar. Es una excelente alternativa para pareja o familia pequeña que busca mudarse sin obras ni sorpresas.

Condiciones de alquiler:
- Contrato a 1 o 2 años, ajustes cuatrimestrales según índice ICL
- Depósito requerido; se solicitan dos garantes con propiedades y/o bonos de sueldo
- Inquilino debe acreditar ingresos
- Expensas: a cargo del propietario

- No se aceptan mascotas

Contacto directo con el propietario. Disponible para coordinar visitas y resolver consultas.",310118-1
inmoclick:3254-1138,inmoclick,3254,1138,https://inmoclick.com/3254-oviedo-inmobiliaria/inmuebles/1138/ficha/departamento-en-alquiler-en-9-de-julio-980,2026-09-09,,550000.0,ARS,7333.333333333333,75.0,75.0,,2.0,1.0,Departamento,Alquiler,Muy Bueno,,Capital,Mendoza,9 de julio 980,-32.8916282,-68.8411521,Sin Cochera,,,,,92000.0,False,,oviedo inmobiliaria,Inmobiliaria,False,False,,"🏢 Oviedo Inmobiliaria alquila departamento 🏢

📍 Ubicado en calle 9 de Julio 980, en pleno centro de la Ciudad de Mendoza.

✨ La propiedad cuenta con:
🛏️ 2 habitaciones
🛁 2 baños
🍽️ Cocina
🛋️ Living-comedor
💼 Escritorio

Expensas: $92.000 aprox 

📍 Excelente ubicación, con fácil acceso a comercios, servicios y transporte.

📞 Consultanos para más información o para coordinar una visita. 🔑",3254-1138
inmoclick:3254-1141,inmoclick,3254,1141,https://inmoclick.com/3254-oviedo-inmobiliaria/inmuebles/1141/ficha/departamento-en-alquiler-en-san-martin-sur-499,2026-09-09,,580000.0,ARS,8285.714285714286,70.0,75.0,,2.0,1.0,Departamento,Alquiler,Muy Bueno,,Godoy Cruz,Mendoza,SAN MARTIN SUR 499,-32.928602,-68.849859,Garage/Cochera,,,,,79000.0,False,,oviedo inmobiliaria,Inmobiliaria,False,False,,"🏡 ALQUILER – Departamento en San Martín Sur, Godoy Cruz

Oviedo Inmobiliaria ofrece en alquiler cómodo y luminoso departamento, ubicado en una excelente zona de Godoy Cruz.

✨ Características:
• 2 dormitorios
• Cocina independiente
• Living-comedor amplio
• 1 baño completo
• Cochera incluida
• Edificio con ascensor y escalera

📍 Ubicación estratégica sobre San Martín Sur, con fácil acceso y cercanía a comercios, transporte y servicios.

Ideal para quienes buscan comodidad y buena ubicación 🙌

📲 Consultanos para más información o coordinar una visita",3254-1141
inmoclick:3254-1145,inmoclick,3254,1145,https://inmoclick.com/3254-oviedo-inmobiliaria/inmuebles/1145/ficha/departamento-en-alquiler-en-chile-1451-ciudad-mendoza,2026-09-09,,700000.0,ARS,7070.707070707071,99.0,120.0,,2.0,1.0,Departamento,Alquiler,Muy Bueno,,Capital,Mendoza,"CHILE 1451, CIUDAD MENDOZA",-32.88531027939709,-68.84465868439102,Sin Cochera,,,,,80000.0,False,,oviedo inmobiliaria,Inmobiliaria,False,False,,"✨ Oviedo Inmobiliaria alquila hermoso departamento semi amoblado ✨

📍 Ubicado en calle Chile 1451
🏢 Primer piso por ascensor y escalera

El departamento cuenta con:
🛏️ Dos dormitorios
🛋️ Living-comedor
🍽️ Cocina
🚿 Baño
patio interno

Además incluye:
❄️ Aire acondicionado
🪟 Tres balcones frontales a calle Chile
🦟 Mosquiteros
🪑 Mesa con sillas
🧊 Heladera
🛏️ Una cama matrimonial y dos camas individuales

Ideal para quienes buscan comodidad y excelente ubicación ✨

📲 Consultanos para más información o coordinar una visita",3254-1145
inmoclick:3254-1147,inmoclick,3254,1147,https://inmoclick.com/3254-oviedo-inmobiliaria/inmuebles/1147/ficha/departamento-en-alquiler-en-san-martin-882-godoy-cruz,2026-09-09,,400000.0,ARS,8000.0,50.0,50.0,,1.0,1.0,Departamento,Alquiler,Muy Bueno,,Godoy Cruz,Mendoza,"SAN MARTIN 882, GODOY CRUZ",-32.9286268,-68.8583963,Sin Cochera,,,,,46000.0,False,,oviedo inmobiliaria,Inmobiliaria,False,False,,"🏡 Oviedo Inmobiliaria alquila departamento ubicado en segundo piso por escalera sobre calle San Martín Sur.

✨ La propiedad cuenta con:
🛏️ 1 dormitorio
🛋️ Living comedor
🍽️ Cocina
🚿 1 baño

📌 No se aceptan mascotas
📄 Contrato por 2 años

📲 Consultanos para más información o coordinar una visita.",3254-1147
inmoclick:3254-1152,inmoclick,3254,1152,https://inmoclick.com/3254-oviedo-inmobiliaria/inmuebles/1152/ficha/departamento-en-alquiler-en-piedrabuena-1039-godoy-cruz,2026-09-09,,600000.0,ARS,8571.42857142857,70.0,100.0,,2.0,1.0,Departamento,Alquiler,Muy Bueno,,Godoy Cruz,Mendoza,"PIEDRABUENA 1039, GODOY CRUZ",-32.9457549,-68.8348049,Garage/Cochera,,,,False,,False,,oviedo inmobiliaria,Inmobiliaria,False,True,,"✨ Oviedo Inmobiliaria alquila departamento ✨

🏢 Ubicado en primer piso por escalera

La propiedad cuenta con:
🛏️ Dos dormitorios
🛋️ Cocina comedor amplio
🍽️ Cocina
🚿 Baño
🧺 Espacio de lavandería externo
🌅 Balcón
🚗 Entrada para vehículos con capacidad para dos autos

SE ACEPTA MASCOTA PEQUEÑA

Ideal para quienes buscan comodidad y amplitud ✨

📲 Consultanos para más información o coordinar una visita",3254-1152
inmoclick:3254-1159,inmoclick,3254,1159,https://inmoclick.com/3254-oviedo-inmobiliaria/inmuebles/1159/ficha/departamento-en-alquiler-en-mitre-2001-p3-d1,2026-09-09,,1100000.0,ARS,10000.0,110.0,180.0,,2.0,2.0,Departamento,Alquiler,Excelente,,Capital,Mendoza,"MITRE 2001, P3-D1",-32.8790794,-68.84131839999999,Garage/Cochera,,,,,280000.0,False,,oviedo inmobiliaria,Inmobiliaria,False,True,,"🏢 ¡Oviedo Inmobiliaria alquila excelente departamento! 🏢

📍 Ubicación: Calle Mitre 2001 – Torre Delfina

✨ Este moderno departamento cuenta con:
🛏️ 2 dormitorios
🛁 2 baños completos
🍽️ Cocina
🛋️ Amplio living-comedor
🚘 Cochera

🌟 Además, el edificio ofrece increíbles amenities:
🏊 Pileta
💪 Gimnasio
🎉 SUM (Salón de Usos Múltiples)
🌅 Terraza con espacios comunes

📄 Contrato por 2 años
📈 Aumentos trimestrales según IPC.

📲 ¡Consultanos para más información o para coordinar una visita!",3254-1159
inmoclick:3254-1168,inmoclick,3254,1168,https://inmoclick.com/3254-oviedo-inmobiliaria/inmuebles/1168/ficha/duplex-en-alquiler-en-los-pimientos-1127,2026-09-09,,760000.0,ARS,10133.333333333334,75.0,80.0,,2.0,2.0,Duplex,Alquiler,Muy Bueno,,Capital,Mendoza,LOS PIMIENTOS 1127,-32.853902,-68.8554505,Garage/Cochera,,,,False,,,,oviedo inmobiliaria,Inmobiliaria,False,False,,"🏡 OVIEDO INMOBILIARIA ALQUILA 🏡

📍 Dúplex ubicado en calle Los Pimientos 1127

✨ ¡Una excelente opción para vivir con comodidad y espacios amplios!

Cuenta con:
🛏️ 2 dormitorios
🛁 2 baños
🛋️ Living comedor
🍽️ Cocina con lavandería
🚗 Cochera con portón automático
🌿 Patio
☀️ Tendero

💰 Valor del alquiler: $760.000 con una cochera.

🚗 Opcional: dos cocheras por $860.000.

📲 ¡Consultanos para más información o coordiná tu visita!",3254-1168
inmoclick:3254-1171,inmoclick,3254,1171,https://inmoclick.com/3254-oviedo-inmobiliaria/inmuebles/1171/ficha/departamento-en-alquiler-en-9-de-julio-1729-ciudad,2026-09-09,,600000.0,ARS,8000.0,75.0,75.0,,2.0,1.0,Departamento,Alquiler,Muy Bueno,,Capital,Mendoza,"9 de julio 1729, Ciudad",-32.883551,-68.8386203,Sin Cochera,,,,,85000.0,False,,oviedo inmobiliaria,Inmobiliaria,False,False,,"🏡 Oviedo Inmobiliaria alquila

📍 Departamento ubicado en calle 9 de Julio 1729.

✨ La propiedad cuenta con:
🛏️ 2 dormitorios
🚿 Antebaño
🛁 Baño
🍽️ Cocina
🛋️ Living-comedor

Expensas: $85.000

Una excelente opción para quienes buscan comodidad y una ubicación estratégica.

📲 Consultanos para conocer el valor, requisitos y coordinar una visita.",3254-1171
inmoclick:3254-1177,inmoclick,3254,1177,https://inmoclick.com/3254-oviedo-inmobiliaria/inmuebles/1177/ficha/departamento-en-alquiler-en-saavedra-211-guaymallen,2026-09-09,,450000.0,ARS,10000.0,45.0,45.0,,1.0,1.0,Departamento,Alquiler,Muy Bueno,,Guaymallen,Mendoza,"SAAVEDRA 211, GUAYMALLEN",-32.8917833,-68.8278615,Garage/Cochera,,,,False,,False,,oviedo inmobiliaria,Inmobiliaria,False,False,,"🏡 OVIEDO INMOBILIARIA ALQUILA

📍 Departamento ubicado en calle Saavedra 211, Guaymallén.

✨ Características:
🪜 Primer piso por escalera.
🛏️ 1 dormitorio.
🚿 1 baño.
🍽️ Cocina comedor.
🚗 Cochera.

📲 ¡Consultanos para más información y coordiná tu visita!",3254-1177
inmoclick:3254-1180,inmoclick,3254,1180,https://inmoclick.com/3254-oviedo-inmobiliaria/inmuebles/1180/ficha/departamento-en-alquiler-en-mitre-752-ciudad,2026-09-09,,650000.0,ARS,11818.181818181818,55.0,55.0,,1.0,1.0,Departamento,Alquiler,Muy Bueno,,Capital,Mendoza,"MITRE 752, CIUDAD",-32.8934341,-68.84569189999999,Sin Cochera,,,,,145000.0,False,,oviedo inmobiliaria,Inmobiliaria,False,False,,"🏠 Oviedo Inmobiliaria alquila departamento amoblado

✨ Departamento completamente amoblado, ideal para quienes buscan comodidad y practicidad.

Cuenta con:
🛏️ 1 habitación con cama matrimonial
🚿 1 baño
🛋️ Living comedor
🍽️ Mesa con 4 sillas
📺 Mesa para TV y sillón
❄️ Aire acondicionado
🍳 Cocina equipada
🧊 Heladera
📡 Microondas
🍽️ Vajilla completa

📲 Consultanos para más información y coordiná tu visita.",3254-1180
inmoclick:3254-1181,inmoclick,3254,1181,https://inmoclick.com/3254-oviedo-inmobiliaria/inmuebles/1181/ficha/departamento-en-alquiler-en-9-de-julio-1729-p6-d5,2026-09-09,,630000.0,ARS,8400.0,75.0,75.0,,2.0,1.0,Departamento,Alquiler,Muy Bueno,,Capital,Mendoza,9 DE JULIO 1729 P6 D5,-32.883551,-68.8386203,Sin Cochera,,,,,85000.0,False,,oviedo inmobiliaria,Inmobiliaria,False,True,,"🏡 OVIEDO INMOBILIARIA ALQUILA 🏡

📍 Ubicación: 9 de Julio 1729, Piso 6, Depto. 5 – Ciudad de Mendoza.

✨ El departamento cuenta con:

🛏️ 2 dormitorios
🛋️ Living comedor
🍽️ Cocina
🚿 Baño completo
🌿 Balcón

Una excelente opción para quienes buscan comodidad y una ubicación privilegiada en Ciudad.

📲 Consultanos para más información o para coordinar una visita.

🔑 ¡Tu próximo hogar te espera!",3254-1181
inmoclick:3254-1183,inmoclick,3254,1183,https://inmoclick.com/3254-oviedo-inmobiliaria/inmuebles/1183/ficha/departamento-en-alquiler-en-chuquisaca-1294-godoy-cruz,2026-09-09,,470000.0,ARS,6266.666666666667,75.0,75.0,,2.0,1.0,Departamento,Alquiler,Muy Bueno,,Godoy Cruz,Mendoza,"CHUQUISACA 1294, GODOY CRUZ",-32.9123747,-68.8769076,Sin Cochera,,,,False,,False,,oviedo inmobiliaria,Inmobiliaria,False,False,,"🏡 Oviedo Inmobiliaria alquila

📍 Departamento en Chuquisaca 1294, Godoy Cruz

✨ La propiedad cuenta con:
🛏️ 2 dormitorios
🛁 1 baño
🛋️ Living comedor
🍽️ Cocina

📌 Ubicado en primer piso por escalera.
💰 ¡Sin expensas!
🚫 No se aceptan mascotas.

📲 Consultanos para más información o para coordinar una visita.",3254-1183
inmoclick:3254-1186,inmoclick,3254,1186,https://inmoclick.com/3254-oviedo-inmobiliaria/inmuebles/1186/ficha/departamento-en-alquiler-en-pascual-segura-1432-godoy-cruz,2026-09-09,,550000.0,ARS,11000.0,50.0,55.0,,1.0,1.0,Departamento,Alquiler,Muy Bueno,,Godoy Cruz,Mendoza,"PASCUAL SEGURA 1432, GODOY CRUZ",-32.9077271,-68.852805,Garage/Cochera,,,,,45000.0,False,,oviedo inmobiliaria,Inmobiliaria,False,False,,"🏡 OVIEDO INMOBILIARIA ALQUILA

📍 Departamento ubicado en Pascual Segura 1432, en primer piso por escalera frontal.

✨ Cuenta con:
🍽️ Cocina-comedor
🛏️ 1 dormitorio
🚿 1 baño
🚗 Cochera

💰 Expensas: $45.000 aprox.
🐾 No se aceptan mascotas.

📲 Consultanos para más información y coordiná tu visita.",3254-1186
inmoclick:3254-1187,inmoclick,3254,1187,https://inmoclick.com/3254-oviedo-inmobiliaria/inmuebles/1187/ficha/departamento-en-alquiler-en-9-de-julio-1729-piso-3-depto-2,2026-09-09,,420000.0,ARS,7636.363636363636,55.0,55.0,,1.0,1.0,Departamento,Alquiler,Muy Bueno,,Capital,Mendoza,"9 de Julio  1729, piso 3 depto 2",-32.883551,-68.8386203,Garage/Cochera,,,,,75000.0,False,,oviedo inmobiliaria,Inmobiliaria,False,True,,"🏠 OVIEDO INMOBILIARIA ALQUILA

📍 Departamento ubicado en calle 9 de Julio 1729, 3.º piso, Departamento 2, con acceso por ascensor y escalera.

✨ Cuenta con:
• 🍽️ Cocina-comedor
• 🛁 1 baño
• 🛏️ 1 dormitorio
• 🛗 Acceso por ascensor y escalera

💰 Expensas: $75.000 aprox.
🚫 No se aceptan mascotas.

📲 Consultanos para más información y coordiná tu visita.

OVIEDO INMOBILIARIA 🏡",3254-1187
inmoclick:3254-1188,inmoclick,3254,1188,https://inmoclick.com/3254-oviedo-inmobiliaria/inmuebles/1188/ficha/departamento-en-alquiler-en-olascoaga-2649,2026-09-09,,750000.0,ARS,10000.0,75.0,75.0,,2.0,1.0,Departamento,Alquiler,Muy Bueno,,Capital,Mendoza,OLASCOAGA 2649,-32.8711945,-68.8489946,Garage/Cochera,,,,,41000.0,False,,oviedo inmobiliaria,Inmobiliaria,False,True,,"🏡 OVIEDO INMOBILIARIA ALQUILA 🏡

📍 Departamento en complejo cerrado

✨ La propiedad cuenta con:

🛏️ 2 dormitorios (1 en suite)
🛁 2 baños
🛋️ Living-comedor
🍽️ Cocina
* Espacio pequeño tipo tendedero
🚗 Entrada para vehículo
🔐 Complejo con portón automático de cochera

💰 Expensas: $41.000

🚫 No se aceptan mascotas.

📄 Contrato por 2 años.

📲 Consultanos para más información o para coordinar una visita.",3254-1188
inmoclick:3254-1189,inmoclick,3254,1189,https://inmoclick.com/3254-oviedo-inmobiliaria/inmuebles/1189/ficha/departamento-en-alquiler-en-barrio-alta-mendoza-h-notti,2026-09-09,,450000.0,ARS,10000.0,45.0,45.0,,1.0,1.0,Departamento,Alquiler,Muy Bueno,,Capital,Mendoza,"BARRIO ALTA MENDOZA, H. NOTTI",-32.86401953054286,-68.87522150342713,Garage/Cochera,,,,False,,False,,oviedo inmobiliaria,Inmobiliaria,False,False,,"🏠 OVIEDO INMOBILIARIA ALQUILA

📍 Departamento ubicado en calle Humberto Notti, en planta baja.

✨ Cuenta con:

🛏️ 1 dormitorio
🛁 1 baño
🍽️ Cocina-comedor
🚗 Cochera

📄 Contrato por 2 años.
🚫 No se aceptan mascotas.

📲 Consultanos para más información y coordinar una visita.",3254-1189
inmoclick:3254-1190,inmoclick,3254,1190,https://inmoclick.com/3254-oviedo-inmobiliaria/inmuebles/1190/ficha/departamento-en-alquiler-en-leguizamon-50-godoy-cruz,2026-09-09,,480000.0,ARS,10666.666666666666,45.0,55.0,,1.0,1.0,Departamento,Alquiler,Muy Bueno,,Godoy Cruz,Mendoza,"LEGUIZAMON 50, GODOY CRUZ",-32.9286268,-68.8583963,Sin Cochera,,,,,80000.0,False,,oviedo inmobiliaria,Inmobiliaria,False,False,,"🏠 OVIEDO INMOBILIARIA ALQUILA

📍 Departamento ubicado en calle Leguizamón 50, Godoy Cruz 

✨ Cuenta con:

🍽️ Cocina-comedor
🛏️ 1 dormitorio
🛁 1 baño
🌿 Balcón

📄 Contrato por 2 años
🚫 No se aceptan mascotas

📲 Consultanos para más información y coordinar una visita.",3254-1190
inmoclick:3254-1192,inmoclick,3254,1192,https://inmoclick.com/3254-oviedo-inmobiliaria/inmuebles/1192/ficha/departamento-en-alquiler-en-chuquisaca-1294-depto-3,2026-09-09,,400000.0,ARS,10000.0,40.0,40.0,,1.0,1.0,Departamento,Alquiler,Muy Bueno,,Godoy Cruz,Mendoza,"CHUQUISACA 1294, DEPTO 3",-32.9123747,-68.8769076,Sin Cochera,,,,False,,False,,oviedo inmobiliaria,Inmobiliaria,False,False,,"🏠 OVIEDO INMOBILIARIA ALQUILA

📍 Departamento de 1 dormitorio

La propiedad cuenta con:

• 🛏️ 1 dormitorio
• 🛁 1 baño
• 🍳 Cocina
• 🛋️ Living comedor
• 🪜 Primer piso por escalera
• 💰 Sin expensas

📄 Contrato por 2 años.
🐾 No se acepta mascota.

📲 Consultanos para más información y coordiná tu visita.",3254-1192
inmoclick:3254-1193,inmoclick,3254,1193,https://inmoclick.com/3254-oviedo-inmobiliaria/inmuebles/1193/ficha/departamento-en-alquiler-en-aristobulo-del-valle-591,2026-09-09,,720000.0,ARS,10285.714285714286,70.0,75.0,,2.0,1.0,Departamento,Alquiler,Muy Bueno,,Capital,Mendoza,Aristobulo del valle 591,-32.8781799,-68.85560439999999,Garage/Cochera,,,,,65000.0,,,oviedo inmobiliaria,Inmobiliaria,False,False,,"🏠 OVIEDO INMOBILIARIA ALQUILA

📍 Departamento ubicado en Callaristoulo del Valle 591.

✨ Cuenta con:
• Cocina comedor
• Living comedor
• 🛋️ Balcón con salida desde el living comedor
• 🌿 Segundo balcón con salida desde una de las habitaciones
• 🛏️ 2 habitaciones con placard
• 🚿 Baño y antebaño

Cuenta con SUM y cochera.

🐶 Se acepta mascota
📋 Contrato por 2 años
💰 Expensas: $65.000

📲 Consultanos para más información y coordinar una visita.",3254-1193
inmoclick:3316-17,inmoclick,3316,17,https://inmoclick.com/3316-mariana/inmuebles/17/ficha/departamento-en-alquiler-en-remedios-de-escalada-y-blanco-encalada,2026-09-09,,,,,120.0,135.0,,3.0,3.0,Departamento,Alquiler,Excelente,8.0,Guaymallen,Mendoza,Remedios de Escalada y Blanco Encalada,,,Garage/Cochera,,False,False,False,,,,mariana,Dueno Directo,True,False,,"Dueño directo alquila departamento en complejo privado. En PB living comedor cocina patio baño de servicio dormitorio con baño en suite y vestidor, en Planta Alta dos dormitorios baño completo balcón. Cochera.",3316-17
inmoclick:33229-36,inmoclick,33229,36,https://inmoclick.com/33229-silvia/inmuebles/36/ficha/departamento-en-alquiler-en-cochabamba-250-barrio-arizu,2026-09-09,,820000.0,ARS,9111.111111111111,90.0,90.0,6.0,2.0,2.0,Departamento,Alquiler,Excelente,,Godoy Cruz,Mendoza,Cochabamba 250 Barrio Arizu,-32.9098358,-68.8410233,Garage,1.0,False,False,,40000.0,,,silvia,Dueno Directo,True,False,,"Dueño. departamento dos dormitorios, dos baño: un baño grande con bañera, inodoro, bidet, lavamanos con mueble vanitoris. y un baño con lavamanos, mueble vanitoris, inodoro y bidet y un placard. Grifería FV, sanitarios Ferrum. Finas terminaciones. Revestimientos en porcelanato. Dormitorios con entablonado viraró. Pacards doble cajonera, valijero, Pasillo con placard doble. Living, cocina comedor. Balcones grandes con rejas en todo el departamento con vistas a Cochabamba. Termotanque, cocina y horno a gas. Calefactor 6.000 calorías. Cochera cerrada. Cámaras. Ascensor de ultima generación. El departamento está ubicado en el segundo piso. Amplia terraza. Los muebles han sido agregados para dar idea del espacio pero del departamento se alquila sin amoblar.",33229-36
inmoclick:3331-556,inmoclick,3331,556,https://inmoclick.com/3331-riccardi-propiedades/inmuebles/556/ficha/departamento-en-alquiler-en-calle-cervantes-casi-paso,2026-09-09,,600000.0,ARS,8571.42857142857,70.0,70.0,,2.0,1.0,Departamento,Alquiler,Excelente,15.0,Godoy Cruz,Mendoza,calle cervantes casi paso,,,Sin Cochera,,,,,,False,,riccardi propiedades,Inmobiliaria,False,False,,"RICCARDI PROPIEDADES ALQUILA, hermoso departamento ubicado en calle Cervantes a 200 metros de Calle Juan J. Paso , excelente ubicación.

La propiedad se encuentra en primer piso acceso por escaleras . Cuenta con estar comedor en ingreso , cocina con muebles sobre y bajo mesada bien amplios , equipos de aire acondicionado, dos amplios dormitorios con placard , baño completo y pequeño balcón, no cuenta con cochera.",3331-556
inmoclick:33415-1,inmoclick,33415,1,https://inmoclick.com/33415-luis-fernando/inmuebles/1/ficha/departamento-en-alquiler-en-calle-9-de-julio-2595,2026-09-09,,630000.0,ARS,10500.0,60.0,80.0,,1.0,1.0,Departamento,Alquiler,Excelente,,Capital,Mendoza,Calle 9 de Julio 2595,,,Garage/Cochera,,,,,30000.0,False,,luis fernando,Dueno Directo,True,False,,"🔑 Alquiler dueño directo 
📍 Muy buena ubicación, a metros del PARQUE CENTRAL y a 1 cuadra de calle San Martín

Características principales:
- 🍽️ Cocina-comedor
- 🛏️ 1 dormitorio
- 🚿 1 baño
- 🚻 Antebaño
- 🚗 Cochera con portón automático
- ☀️ Terraza
Departamento ideal para quienes buscan comodidad y ubicación estratégica. Su distribución funcional con cocina-comedor ofrece un espacio integrado para cocinar y recibir invitados, mientras que el antebaño aporta comodidad y privacidad al sector sanitario. El dormitorio es un refugio privado y el baño completo cubre las necesidades diarias sin complicaciones.

La cochera con portón automático facilita el ingreso y resguarda su vehículo, un plus importante en zonas céntricas. Además, la terraza brinda un espacio exterior propio para disfrutar del aire libre, tomar mate.
La posición a una cuadra de la calle San Martín y la cercanía al Parque Central hacen que todo esté cerca: espacios verdes, comercios y opciones de transporte, combinando tranquilidad y conveniencia. 
REQUISITOS
1 El o los solicitantes deben presentar DNI y bono de sueldo, además todos los DNI de las personas que vayan vivir en el inmueble.
2 Los garantes, mínimo dos, deben presentar DNI, bono de sueldo y boletas e impuesto o servicios a su nombre del domicilio donde vivan, mínimo hay que presentar dos garantes y según el caso se podría solicitar uno más.
3 Tanto los solicitantes como sus garantes deben poseer mínimo dos años de antigüedad laboral y no deben poseer antecedentes negativos en Codeme o BCRA.
4 En ingreso debe doblar el canon y se analizara según el caso de carga familiar.
¿ QUE SE DEBE PAGAR ?
1 Canon del mes o proporcional.
2 Depósito en garantía.
3 El 50% del sellado.
4 Certificación de firmas.",33415-1
inmoclick:34064-1,inmoclick,34064,1,https://inmoclick.com/34064-elizabeth/inmuebles/1/ficha/departamento-en-alquiler-en-av-mitre-1939,2026-09-09,,970000.0,ARS,6928.571428571428,140.0,150.0,,3.0,3.0,Departamento,Alquiler,Muy Bueno,,Capital,Mendoza,Av. Mitre 1939,,,Sin Cochera,,,False,False,,,,elizabeth,Dueno Directo,True,False,,"Alquilo Excelente y Amplio Departamento. Ideal Oficina/ Consultorios/ Vivienda

En la Ciudad de Mendoza, se encuentra este impecable y luminoso departamento tipo casa en planta baja, perfecto para quienes buscan comodidad y funcionalidad en un entorno tranquilo. Con una excelente distribución, este hogar cuenta con tres dormitorios amplios, cada uno con grandes placares que garantizan orden y confort.

El departamento también dispone de dos baños completos, un gran living comedor y una espaciosa cocina comedor con numerosos muebles para almacenamiento. Además, cuenta con dependencia de servicio con otro baño, lavandería y un patio semi techado que ofrece un espacio al aire libre para disfrutar.

Entre las comodidades adicionales, se destaca la presencia de aire acondicionado en algunos ambientes, estufas, luminarias instaladas y un portero eléctrico para mayor seguridad. Con una superficie cubierta de 140m2 y una superficie total de 150m2, este departamento es ideal tanto para oficinas, consultorios, home office o vivienda, gracias a su disposición en planta baja que brinda tranquilidad y privacidad.

Además, no se pagan expensas, ya que se encuentra en un edificio con solo dos departamentos y doble puerta de ingreso. Con una excelente conservación y la posibilidad de aceptar una mascota pequeña, esta propiedad es una oportunidad única en una ubicación privilegiada.

- 3 dormitorios amplios con placares grandes
- 2 baños completos
- Gran Living comedor
- Cocina comedor grande con muchos muebles.
- Estufas
- Luminarias instaladas
- Lavandería
- Dependencia de Servicio con un baño.
- Patio semi techado.
- Aire acondicionado en algunos ambientes.
- Portero Eléctrico.",34064-1
inmoclick:34940-5,inmoclick,34940,5,https://inmoclick.com/34940-carla-quiroga/inmuebles/5/ficha/departamento-en-alquiler-en-azcuenaga-1250,2026-09-09,,650000.0,ARS,9285.714285714286,70.0,75.0,4.0,2.0,1.0,Departamento,Alquiler,Excelente,6.0,Guaymallen,Mendoza,Azcuenaga 1250,-32.9145297,-68.7979778,Garage,1.0,False,False,False,,False,,carla quiroga,Dueno Directo,True,False,,"ALQUILER – DEPARTAMENTO PLANTA BAJA CON PATIO Y COCHERA

Departamento en planta baja, muy cómodo y funcional.

Características:

* Living-comedor integrado con cocina.
* 2 habitaciones con placares.
* 1 baño completo con bañera.
* Patio.
* Cochera.

Condiciones de alquiler:

* Canon mensual: $650.000.
* Contrato por 1 año.
* Actualización cuatrimestral según IPC.
* No se aceptan mascotas.

Requisitos:

* Solicitante con bono de sueldo.
* 2 o 3 garantes con bono de sueldo, cuyos ingresos dupliquen el valor del canon mensual.

Ingreso:

* Mes de alquiler.
* Mes de depósito.

Alquiler por dueño directo.",34940-5
inmoclick:3516-1721,inmoclick,3516,1721,https://inmoclick.com/3516-roggerone-inversiones-inmobiliarias/inmuebles/1721/ficha/departamento-en-alquiler-en-coronel-rodriguez-y-avellaneda-planta-baja,2026-09-09,,400.0,USD,,,45.0,3.0,1.0,1.0,Departamento,Alquiler,Recicled,,Capital,Mendoza,Coronel Rodriguez y Avellaneda Planta Baja,-32.8868049809,-68.8522709209,,1.0,,,,,,,roggerone inversiones inmobiliarias,Inmobiliaria,False,False,,"Roggerone Inversiones Inmobiliarias te ofrece departamento en alquiler sobre la calle Coronel Rodríguez de la Quinta Sección.
Este departamento recientemente reciclado. Se entrega totalmente amoblado cuenta con blanco todo a estrenar, tv, cocina equipada listo para ir a instalarse.

Consultanos y visitalo!
 
SIN EXPENSAS",3516-1721
inmoclick:3842-6,inmoclick,3842,6,https://inmoclick.com/3842-natalia/inmuebles/6/ficha/departamento-en-alquiler-en-espana-1242,2026-09-09,,1200000.0,ARS,12000.0,100.0,100.0,5.0,3.0,2.0,Departamento,Alquiler,Excelente,7.0,Capital,Mendoza,España 1242,,,Sin Cochera,1.0,False,,,55000.0,False,,natalia,Dueno Directo,True,False,,"✨ Dueño directo alquila Departamento.Amoblado .Muy luminoso en el corazón de Mendoza, a media cuadra de Plaza Independencia. Ubicado entre Espejo y Patricias Mendocinas, en un edificio de 6 pisos —último piso con ascensor— y una unidad por planta, que garantiza privacidad y tranquilidad. Totalmente amoblado y con espacios amplios (aprox. 100 m²), ofrece una combinación ideal entre confort y ubicación privilegiada.

Características principales:
- 🛏️ 3 habitaciones
- 🚿 2 baños (ambos con duchas)
- 📐 Superficie: aprox. 150 m²
- 🛋️ Cocina y living (living con tele de 50"")
- 📺 Televisión adicional en habitación simple
- ❄️ Aire acondicionado en living y en una habitación
- 🏢 Último piso (edificio de 6 pisos) con ascensor
- 🌆 A media cuadra de Plaza Independencia, en pleno centro
- 🗝️ Totalmente amoblado
- 🤝 Alquila dueño directo — contratos flexibles (3, 6, 12 meses y hasta 2 años)

OPCIÓN SIN AMOBLAR $ (IDEAL OFICINAS)

Por su orientación y ubicación en el último piso, el departamento recibe abundante luz natural, creando ambientes cálidos y agradables para vivir o recibir visitas. La disposición de ambientes y el equipamiento básico (televisores y aire acondicionado) facilitan una mudanza inmediata, ideal para profesionales, familias o quienes buscan una residencia céntrica. La cercanía a Plaza Independencia y a comercios, restaurantes y transporte público convierte esta unidad en una opción cómoda y estratégica.

Disponible para alquiler temporal o a mediano plazo con flexibilidad en plazos. Contacto directo con el propietario para coordinar visitas y detalles.",3842-6
inmoclick:39576-37,inmoclick,39576,37,https://inmoclick.com/39576-inmobiliaria-del-oeste-sa/inmuebles/37/ficha/duplex-en-alquiler-en-san-martin-4261,2026-09-09,,1450000.0,ARS,11153.846153846154,130.0,130.0,,2.0,3.0,Duplex,Alquiler,Excelente,,Lujan de Cuyo,Mendoza,SAN MARTIN 4261,-32.99896910614494,-68.86627028037202,Garage Doble,2.0,,,,120000.0,False,,inmobiliaria del oeste sa,Inmobiliaria,False,False,,"Es un complejo de 7 departamentos que tiene un Sum y pileta.
El Depto tiene 120 metros + cochera.
Planta baja:
- living comedor
- toilette
- ⁠cocina y lavandería
- ⁠patio de servicio
- ⁠patio privado con churrasquera
Planta alta:
- dormitorio principal con baño y vestidor
- ⁠dormitorio secundario con placard
- ⁠baño
- ⁠balcón

Tiene calefacción central y aire acondicionado. También cortinas y apliques de luz
La cochera es para 2 autos (uno atrás de otro) con portón automático.

Requisitos:
- Garante con bono de sueldo
- Garante con propiedad",39576-37
inmoclick:39799-12,inmoclick,39799,12,https://inmoclick.com/39799-marisa-totter/inmuebles/12/ficha/departamento-en-alquiler-en-espejo-333-ciudad-de-mendoza,2026-09-09,,750000.0,ARS,11538.46153846154,65.0,65.0,4.0,2.0,1.0,Departamento,Alquiler,Muy Bueno,50.0,Capital,Mendoza,Espejo 333 Ciudad de Mendoza,-32.88876498766027,-68.84316711982116,Sin Cochera,,False,False,,60000.0,False,,marisa totter,Dueno Directo,True,False,,"Hermoso departamento en alquiler por sus dueños.
Living comedor con ventanas al norte, cocina y lavandería muy luminosas y buena ventilación, dos dormitorios con cómodos placares, uno de ellos sectorizado. 
Un baño con vanitory y bañera de borde bajo.
Excelente ubicación frente a la plaza Independencia y a metros de la peatonal de Mendoza.
Quinto piso, edificio con 2 ascensores y sin cochera.
Excelente estado general, piso de parquet recién pulido y plastificado, cocina con amoblamiento a medida moderno y artefacto de cocina a estrenar.",39799-12
inmoclick:40359-236,inmoclick,40359,236,https://inmoclick.com/40359-hugo-perazzo-inversiones/inmuebles/236/ficha/departamento-en-alquiler-en-general-paz-n0-69-ciudad,2026-09-09,,460000.0,ARS,9200.0,50.0,50.0,6.0,1.0,1.0,Departamento,Alquiler,Excelente,30.0,Capital,Mendoza,GENERAL PAZ N° 69  CIUDAD,,,Sin Cochera,,False,,,25200.0,False,,hugo perazzo inversiones,Inmobiliaria,False,False,,"Espectacular departamento de planta baja, ubicado en pleno Microcentro a metros de Av. 9 de Julio y San Martín, pensado para quienes valoran la comodidad y la practicidad, puede convenirse su entrega amoblado, listo para habitar desde el primer día.

Características principales:
- 🛋️ Planta baja — acceso cómodo y sin escalones
- ☀️ Muy luminoso — excelente ventilación natural
- 🛏️ Living comedor amplio y adaptable
- 🍽️ Cocina equipada
- 🛁 Baño completo
- 🌿 Patio interno — privacidad y luz natural
- 📍 Ubicación: Microcentro, a metros de Av. 9 de Julio
- 🚍 Acceso inmediato a transporte público, comercios y servicios
- 💼 Expensas: a cargo del inquilino
- 🪑 Se entrega amoblado — listo para habitar o sin amoblar

La distribución abierta del living comedor permite múltiples usos: recibir visitas con comodidad, armar un home office o crear un rincón íntimo de descanso. La cocina equipada y el baño completo ofrecen funcionalidad cotidiana, mientras que el patio interno aporta un oasis de tranquilidad y luz en pleno centro. Su planta baja garantiza accesibilidad y facilita la carga y descarga al mudarte.

Perfecto para profesionales, parejas o quienes buscan inversión con ocupación inmediata. Su ubicación estratégica ofrece movilidad ágil y acceso a una variada oferta gastronómica y de servicios. Consultanos para coordinar una visita y conocer este departamento que combina confort, luminosidad y ubicación.",40359-236
inmoclick:40359-250,inmoclick,40359,250,https://inmoclick.com/40359-hugo-perazzo-inversiones/inmuebles/250/ficha/departamento-en-alquiler-en-talcahuano-2007,2026-09-09,,500000.0,ARS,7142.857142857143,70.0,70.0,6.0,3.0,1.0,Departamento,Alquiler,Muy Bueno,,Godoy Cruz,Mendoza,TALCAHUANO 2007,-32.92552420316758,-68.85801867187499,Garage/Cochera,,,,,40000.0,False,,hugo perazzo inversiones,Inmobiliaria,False,False,,"Planta baja en Godoy Cruz, frente al Hospital Lencinas y a pocas cuadras de la Ciudad Universitaria: una opción práctica y luminosa pensada especialmente para estudiantes que buscan comodidad y conectividad. El departamento ofrece ambientes amplios que facilitan la distribución y el aprovechamiento del espacio, con placares en cada dormitorio para mantener todo ordenado. La cocina y el lavadero independientes aportan funcionalidad en el día a día, mientras que el living comedor, luminoso, se convierte en el corazón del hogar para estudiar, recibir visitas o descansar. Además cuenta con cochera, una ventaja importante en zonas céntricas.

Características principales:
- 🏠 Planta baja
- 📍 Frente al Hospital Lencinas
- 🎓 Cercano a la Ciudad Universitaria
- 🛏️ 3 Dormitorios con placar
- 🚿 1 Baño con mueble de guardado
- 🛋️ Living comedor amplio y luminoso
- 🍽️ Cocina independiente
- 🧺 Lavadero independiente
- 🚗 Cochera

Departamento ideal para quienes valoran la practicidad y la ubicación: acceso a salud, transporte y educación a pasos de casa. Una excelente alternativa para estudiantes que desean un espacio cómodo y funcional, con posibilidades de adaptación según necesidades.",40359-250
inmoclick:40566-1,inmoclick,40566,1,https://inmoclick.com/40566-franco-camilo-fausti/inmuebles/1/ficha/departamento-en-alquiler-en-avenida-colon-423,2026-09-09,,840000.0,ARS,9333.333333333334,90.0,90.0,,2.0,2.0,Departamento,Alquiler,Excelente,,Capital,Mendoza,Avenida Colon 423,-32.893854,-68.8460584,Sin Cochera,,,False,,200000.0,,,franco camilo fausti,Dueno Directo,True,False,,"Dueño directo.

Edificio Recoleta Colón Mendoza$840.000 más expensas.

- 🛏️ 2 habitaciones 
- 🛁 2 baños 
- 🥂 SUM (Salón de usos múltiples) 
- 🏊 Pileta 
- 🏋️ Gimnasio 

Hay cocheras disponibles en el mismo edificio.",40566-1
inmoclick:41689-5,inmoclick,41689,5,https://inmoclick.com/41689-alejandro/inmuebles/5/ficha/departamento-en-alquiler-en-houssay-1153-b0-unimev,2026-09-09,,550000.0,ARS,8461.538461538461,65.0,65.0,5.0,2.0,1.0,Departamento,Alquiler,Excelente,5.0,Guaymallen,Mendoza,Houssay 1153 B° UNIMEV,-32.91193301263184,-68.80134771355955,Sin Cochera,,,,False,,False,,alejandro,Dueno Directo,True,False,,"Departamento ubicado en Barrio UNIMEV, en la esquina de Houssay 1153 y Las Acacias. dos dormitorios con placares, con balcón con vista a la montaña, y cocina-comedor.
patio interno.

Características principales:
- 📍 Dirección: Houssay 1153 esq. Las Acacias (Barrio UNIMEV)
- 🛏️ 2 dormitorios con placares
- 🌄 Balcón en los dormitorios con vista a la montaña
- 🍽️ Cocina-comedor
- 🚫 Cochera: no posee
- 🐾 Mascotas: no se admiten
Condiciones y requisitos: se solicita garantes con bonos de sueldo. Al firmar se requiere depósito y primer mes de alquiler, además de los gastos de escribanía.
propietario Alquila.
COMUNICARSE UNICAMENTE POR WHATSAPP.......",41689-5
inmoclick:43000-5,inmoclick,43000,5,https://inmoclick.com/43000-santiago/inmuebles/5/ficha/departamento-en-alquiler-en-benavente-4866,2026-09-09,,650000.0,ARS,10000.0,65.0,68.0,,1.0,1.0,Departamento,Alquiler,Excelente,5.0,Guaymallen,Mendoza,benavente 4866,-32.90317377278954,-68.77958662163353,Garage,,False,False,,40000.0,False,,santiago,Dueno Directo,True,False,,"ALQUILO DEPARTAMENTO EN VILLA NUEVA GUAYMALLEN. COMPLEJO LAS LILAS. MUY LUMINOSO. CALLE BENAVENTE A MEDIA CUADRA DE URQUIZA. COMPLEJO CERRADO, 1 DORMITORIO, COCINA, LIVING COMEDOR, BAÑO CON BAÑERA, PLACARES, ALACENA, COCINA, CALEFACCION POR LOZA RADIANTE, BALCON, COCHERA CON PORTON AUTOMATICO
MUY SEGURO. CERCO PERIMETRAL EN COMPLEJO
A METROS DE BARRIO LA BAJADA.
DUEÑO DIRECTO. SIN INMOBILIARIA.

MUY BIEN UBICADO.ZONA SEGURA Y MUY TRANQUILA. A 5MINUTOS DE MENDOZA PLAZA SHOPPIN",43000-5
inmoclick:4335-2488,inmoclick,4335,2488,https://inmoclick.com/4335-llopart-inmobiliaria/inmuebles/2488/ficha/departamento-en-alquiler-en-olascoaga-y-julio-a-roca-amoblado-y-equipado,2026-09-09,,1200.0,USD,12.0,100.0,125.0,,2.0,3.0,Departamento,Alquiler,Excelente,,Capital,Mendoza,OLASCOAGA Y JULIO.A.ROCA- AMOBLADO Y EQUIPADO,-32.88950192469825,-68.85423551904906,Garage/Cochera,,,,,220000.0,False,,llopart inmobiliaria,Inmobiliaria,False,False,,"DEPARTAMENTO AMOBLADO Y EQUIPADO EN QUINTA SECCIÓN, A UNA CUADRA DE AV.EMILIO CIVIT.
ZONA RESIDENCIAL CON PROXIMIDAD AL POLO GASTRONÓMICO Y COMERCIAL DE PASEO ARÍSTIDES.

HALL RECIBIDOR
LIVING COMEDOR CON BALCÓN.
TOILETTE
COCINA COMEDOR CON AMOBLAMIENTO COMPLETO Y LAVADERO.
SUITE PRINCIPAL CON BAÑO COMPLETO, VESTIDOR Y BALCÓN.
SUITE CON PLACARD Y BAÑO COMPLETO.

AIRES ACONDICIONADOS SPLITS.
CALEFACCIÓN CENTRAL.
CORTINAS ROLLER BLACKOUT/ SCREEN.
MOBILIARIO COMPLETO.
ELECTRODOMÉSTICOS, HELADERA, LAVARROPAS, MICROONDAS.

COCHERA Y BAULERA.-

AMENITIES:
SUM EQUIPADO PARA EVENTOS Y REUNIONES. COCINA Y PARRILLA.
TERRAZA CON DECK SOLARIUM, PISCINA Y PARRILLA CON VISTA A LA MONTAÑA.

DISPONIBLE AGOSTO 2026",4335-2488
inmoclick:4335-2789,inmoclick,4335,2789,https://inmoclick.com/4335-llopart-inmobiliaria/inmuebles/2789/ficha/departamento-en-alquiler-en-el-parral-al-2000,2026-09-09,,700.0,USD,9.333333333333334,75.0,85.0,3.0,2.0,1.0,Departamento,Alquiler,Muy Bueno,32.0,Capital,Mendoza,EL PARRAL AL 2000,-32.875266,-68.8430856,Garage/Cochera,,,,,50000.0,,,llopart inmobiliaria,Inmobiliaria,False,False,,"FUNCIONAL DEPARTAMENTO AMOBLADO Y TOTALIDAD EQUIPADO EN PRIMER PISO POR ESCALERA CON UBICACIÓN ESTRATÉGICA, GRAN DESARROLLO COMERCIAL, EDUCATIVO Y CULTURAL.
FRENTE AL PARQUE CENTRAL.

LIVING COMEDOR
COCINA COMPLETAMENTE AMOBLADA Y EQUIPADA
LAVADERO
DOS DORMITORIOS CON PLACARES 
BAÑO COMPLETO
BALCON
COCHERA SEMICUBIERTA A UNA CUADRA

AIRES ACONDICIONADOS SPLITS FRIO CALOR.
ARTEFACTOS DE ILUMINACION.
CORTINAS.

ACEPTA MASCOTA",4335-2789
inmoclick:4335-2894,inmoclick,4335,2894,https://inmoclick.com/4335-llopart-inmobiliaria/inmuebles/2894/ficha/departamento-en-alquiler-en-av-emilio-civit-quinta-seccion,2026-09-09,,1900.0,USD,8.796296296296296,216.0,216.0,,3.0,4.0,Departamento,Alquiler,Excelente,30.0,Capital,Mendoza,AV. EMILIO CIVIT - QUINTA SECCIÓN,-32.88832737130303,-68.85284375446169,Garage Doble,,,,,600000.0,False,,llopart inmobiliaria,Inmobiliaria,False,False,,"PISO COMPLETO EN EDIFICIO DE CATEGORÍA EN ZONA RESIDENCIAL CON PROXIMIDAD AL CENTRO DE LA CIUDAD.
GRAN DESARROLLO COMERCIAL, GASTRONOMÍA Y SERVICIOS.

DOBLE ACCESO: PRINCIPAL Y DE SERVICIO (DOS ASCENSORES).
HALL RECEPCIÓN 
LIVING COMEDOR CON BALCÓN Y VISTA ABIERTA A LA MONTAÑA Y CIUDAD.
TOILETTE
ESCRITORIO
COCINA CON DOBLE MESADA Y GRAN AMOBLAMIENTO.
COMEDOR DIARIO FAMILY.
LAVADERO.
DEPENDENCIA DE SERVICIO CON BAÑO.
DORMITORIO EN SUITE CON PLACARD, VESTIDOR, BALCÓN Y BAÑO CON HIDROMASAJE.

CALEFACCIÓN CENTRAL POR RADIADORES.
AIRE ACONDICIONADO CENTRAL PARA TODO EL INMUEBLE.
AIRES ACONDICIONADOS SPLITS EN FAMILY Y EN SUITE.
CORTINAS Y ARTEFACTOS DE ILUMINACIÓN.
 
AMENITIES:
ZONA ESPARCIMIENTO CON PARRILLA, PISCINA, JACUZZI, SUM AL AIRE LIBRE.

2 COCHERAS.
BAULERA 

CONSERJERIA Y SEGURIDAD.
DISPONIBLE.
POSIBILIDAD PAGO EN PESOS CON AJUSTE TRIMESTRAL IPC
.OPCIÓN AMOBLADO Y EQUIPADO USD 2400.-MOBILIARIO COMPLETO, ELECTRODOMESTICOS, VAJILLA, LAVARROPAS, SECARROPAS, HELADERA, MICROONDAS, FREEZER, 2 TV, LAVAVAJILLAS.",4335-2894
inmoclick:4335-2929,inmoclick,4335,2929,https://inmoclick.com/4335-llopart-inmobiliaria/inmuebles/2929/ficha/departamento-en-alquiler-en-el-parral-al-2000-parque-central,2026-09-09,,600.0,USD,8.0,75.0,85.0,3.0,2.0,1.0,Departamento,Alquiler,Muy Bueno,,Capital,Mendoza,EL PARRAL AL 2000 - PARQUE CENTRAL,-32.87512216409725,-68.84330203698731,Garage/Cochera,,,,,70000.0,,,llopart inmobiliaria,Inmobiliaria,False,False,,"FUNCIONAL DEPARTAMENTO AMOBLADO Y TOTALIDAD EQUIPADO EN PRIMER PISO POR ESCALERA CON UBICACIÓN ESTRATÉGICA, GRAN DESARROLLO COMERCIAL, EDUCATIVO Y CULTURAL.
FRENTE AL PARQUE CENTRAL.

LIVING COMEDOR
COCINA COMPLETAMENTE AMOBLADA Y EQUIPADA
LAVADERO
DOS DORMITORIOS CON PLACARES 
BAÑO COMPLETO
BALCON
OPCIONAL COCHERA SEMICUBIERTA A UNA CUADRA. VALOR $ 80.000 MENSUAL 

AIRES ACONDICIONADOS SPLITS FRIO CALOR.
ARTEFACTOS DE ILUMINACION.
CORTINAS.

ACEPTA MASCOTA",4335-2929
inmoclick:4335-3042,inmoclick,4335,3042,https://inmoclick.com/4335-llopart-inmobiliaria/inmuebles/3042/ficha/departamento-en-alquiler-en-garibaldi-y-san-martin-km-0-amoblado-y-equipado,2026-09-09,,650000.0,ARS,18571.42857142857,35.0,35.0,,1.0,1.0,Departamento,Alquiler,Excelente,,Capital,Mendoza,GARIBALDI Y SAN MARTÍN- KM 0- AMOBLADO Y EQUIPADO,-32.89062749090138,-68.83907187672119,Sin Cochera,,,,,70000.0,False,,llopart inmobiliaria,Inmobiliaria,False,False,,"DEPARTAMENTO AMOBLADO Y EQUIPADO UBICADO EN KM O DE LA CIUDAD DE MENDOZA.

SE ALQUILA MÍNIMO 1 MES HASTA 1 AÑO.
DORMITORIO, COCINA Y BAÑO Y BALCÓN TERRAZA.
EQUIPADO CON MOBILIARIO, AIRE ACONDICIONADO SPLIT INVERTER FRIO CALOR, TV SMART, HELADERA FRIGOBAR, ELECTRODOMÉSTICOS, VAJILLA. 
NO INCLUYE ROPA BLANCA.
EXPENSAS $ 70.000( INCLUYE SERVICIO INTERNET, MONITOREO CAMARAS DE SEGURIDAD, CERRADURA ELECTRÓNICA Y MANTENIMIENTO/ LIMPIEZA DE ESPACIOS COMUNES)
APARTE ABONA CONSUMOS DE AGUA Y LUZ.
DISPONIBLE.",4335-3042
inmoclick:4335-3045,inmoclick,4335,3045,https://inmoclick.com/4335-llopart-inmobiliaria/inmuebles/3045/ficha/departamento-en-alquiler-en-garibaldi-y-san-martin-amoblado-y-equipado,2026-09-09,,650000.0,ARS,18571.42857142857,35.0,35.0,,1.0,1.0,Departamento,Alquiler,Excelente,,Capital,Mendoza,GARIBALDI Y SAN MARTIN- AMOBLADO Y EQUIPADO-,-32.890699563648454,-68.83911479206543,Sin Cochera,,,,,70000.0,False,,llopart inmobiliaria,Inmobiliaria,False,False,,"DEPARTAMENTO FRONTAL AMOBLADO Y EQUIPADO UBICADO EN KM O DE LA CIUDAD DE MENDOZA.

SE ALQUILA MÍNIMO 1 MES HASTA 1 AÑO.
DORMITORIO, COCINA, BAÑO Y BALCÓN.
EQUIPADO CON MOBILIARIO, AIRE ACONDICIONADO SPLIT INVERTER FRIO CALOR, TV SMART, HELADERA FRIGOBAR, ELECTRODOMÉSTICOS, VAJILLA. 
NO INCLUYE ROPA BLANCA.
EXPENSAS $ 70.000( INCLUYE SERVICIO INTERNET, SEGURO, MONITOREO CAMARAS DE SEGURIDAD, CERRADURA ELECTRÓNICA Y MANTENIMIENTO/ LIMPIEZA DE ESPACIOS COMUNES)
APARTE ABONA CONSUMOS DE AGUA Y LUZ.

DISPONIBLE.",4335-3045
inmoclick:4335-3047,inmoclick,4335,3047,https://inmoclick.com/4335-llopart-inmobiliaria/inmuebles/3047/ficha/departamento-en-alquiler-en-garibaldi-y-av-san-martin-amoblado-y-equipado,2026-09-09,,600000.0,ARS,20000.0,30.0,30.0,,1.0,1.0,Departamento,Alquiler,Excelente,,Capital,Mendoza,GARIBALDI Y AV. SAN MARTIN- AMOBLADO Y EQUIPADO,-32.8907121727368,-68.83923153862305,Sin Cochera,,,,,70000.0,False,,llopart inmobiliaria,Inmobiliaria,False,False,,"DEPARTAMENTO AMOBLADO Y EQUIPADO UBICADO EN KM O DE LA CIUDAD DE MENDOZA.

SE ALQUILA MÍNIMO 1 MES HASTA 1 AÑO.
DORMITORIO, COCINA, BAÑO Y BALCÓN.
EQUIPADO CON MOBILIARIO, AIRE ACONDICIONADO SPLIT INVERTER FRIO CALOR, TV SMART, HELADERA FRIGOBAR, ELECTRODOMÉSTICOS, VAJILLA. 
NO INCLUYE ROPA BLANCA.
EXPENSAS $ 70.000( INCLUYE SERVICIO INTERNET, SEGURO, MONITOREO CAMARAS DE SEGURIDAD, CERRADURA ELECTRÓNICA Y MANTENIMIENTO/ LIMPIEZA DE ESPACIOS COMUNES)
APARTE ABONA CONSUMOS DE AGUA Y LUZ.

DISPONIBLE.",4335-3047
inmoclick:4335-3059,inmoclick,4335,3059,https://inmoclick.com/4335-llopart-inmobiliaria/inmuebles/3059/ficha/departamento-en-alquiler-en-olascoaga-casi-vicente-gil,2026-09-09,,720000.0,ARS,14117.64705882353,51.0,61.0,3.0,2.0,1.0,Departamento,Alquiler,Muy Bueno,,Capital,Mendoza,OLASCOAGA CASI VICENTE GIL,-32.897394821897315,-68.8555189881134,Garage/Cochera,2.0,False,False,False,,False,,llopart inmobiliaria,Inmobiliaria,False,False,,"DUPLEX UBICADO EN LA QUINTA SECCION EN ZONA RESIDENCIAL, A 4 CUADRAS DE CALLE ARISTIDES VILLANUEVA. CON GRAN DESARROLLO COMERCIAL Y GASTRONÓMICO EN SUS ALREDEDORES.

PLANTA BAJA:
LIVING COMEDOR INTEGRADO CON COCINA.
BAÑO COMPLETO.
LAVADERO EXTERIOR.
PATIO.

PLANTA ALTA:
DOS DORMITORIOS CON PLACARD.

-CALEFACTOR EN LIVING COMEDOR
-COCHERA SEMI CUBIERTA 

NO PAGA EXPENSAS
NO ACEPTA MASCOTA",4335-3059
inmoclick:4335-3064,inmoclick,4335,3064,https://inmoclick.com/4335-llopart-inmobiliaria/inmuebles/3064/ficha/departamento-en-alquiler-en-av-emilio-civit-quinta-seccion,2026-09-09,,3000.0,USD,12.0,250.0,510.0,6.0,5.0,6.0,Departamento,Alquiler,Excelente,30.0,Capital,Mendoza,AV. EMILIO CIVIT - QUINTA SECCIÓN,-32.88832737130303,-68.85284375446169,Garage/Cochera,2.0,,False,,950000.0,False,,llopart inmobiliaria,Inmobiliaria,False,False,,"📍 Ubicación: Avenida Emilio Civit, zona residencial, cerca del centro y Parque Gral. San Martín 
🏢 Edificio de categoría con seguridad y conserjería 
🔑 Doble acceso: ingreso principal y de servicio (dos ascensores) 
⬆️ Acceso independiente a planta alta por ascensor principal 
🛏️ 4 dormitorios (principal en suite con vestidor + 3 dormitorios adicionales) 
🛁 5 baños (incluye 2 toilettes, suites y baños completos, más baño en dependencia) 
🛋️ 2 livings-comedor con amplios balcones terraza y vistas abiertas a la montaña y la ciudad 
🍽️ Cocina principal con doble mesada y gran amoblamiento + kitchenette integrada en planta alta 
🧺 2 lavaderos (uno en cada planta) 
👩‍🍳 Parrilla propia en planta alta y terraza privada 
🔥 Calefacción central por radiadores 
❄️ Aire acondicionado central para todo el inmueble 
🪟 Cortinas y artefactos de iluminación incluidos 
🏊 Amenities: área de esparcimiento con parrilla, piscina, jacuzzi y SUM al aire libre 
🚗 3 cocheras 
📦 Baulera 
👮 Seguridad y conserjería

Exclusivo penthouse dúplex pensado para quienes buscan espacio, vistas y confort en un entorno privilegiado. La planta principal recibe con un amplio hall y un living-comedor que se abre a un balcón terraza, ofreciendo panorámicas hacia la montaña y la ciudad que llenan cada ambiente de luz y calma. La cocina, equipada con doble mesada y amplio amoblamiento, conecta funcionalmente con el lavadero y la dependencia de servicio completa.

En planta alta, con ingreso independiente por ascensor, encontrarás un segundo living-comedor con gran balcón terraza, kitchenette integrada, dormitorio en suite con vestidor, toilette y una terraza propia con parrilla: un escenario ideal para recepciones, reuniones familiares o simplemente disfrutar del atardecer.

La propiedad incorpora confort premium: calefacción por radiadores y aire acondicionado central que garantizan climatización eficiente en todo el inmueble, además de cortinas y luminarias instaladas. Completa la oferta la seguridad y los amenities del edificio (piscina, jacuzzi y espacios para esparcimiento), 3 cocheras y baulera. Un penthouse que combina privacidad y funcionalidad en una ubicación estratégica. Ideal para vivir con estilo o realizar actividades sociales en dos plantas independientes.",4335-3064
inmoclick:4335-3077,inmoclick,4335,3077,https://inmoclick.com/4335-llopart-inmobiliaria/inmuebles/3077/ficha/departamento-en-alquiler-en-20-de-junio-81,2026-09-09,,850000.0,ARS,12318.840579710144,69.0,80.0,3.0,2.0,2.0,Departamento,Alquiler,Excelente,19.0,Godoy Cruz,Mendoza,20 de junio 81,-32.9186990809649,-68.84792296074612,Garage/Cochera,,,,False,,False,,llopart inmobiliaria,Inmobiliaria,False,False,,"FUNCIONAL DEPARTAMENTO AMOBLADO EN PRIMER PISO POR ESCALERA CON UBICACIÓN ESTRATÉGICA, GRAN DESARROLLO COMERCIAL, EDUCATIVO Y CULTURAL.
CONECTIVIDAD AL CENTRO DE LA CIUDAD Y PRINCIPALES PUNTOS DE INTERÉS.

LIVING COMEDOR CON COCINA INTEGRADA COMPLETAMENTE AMOBLADA Y EQUIPADA- ESPACIO PARA LAVARROPAS 
DORMITORIO EN SUITE CON PLACARES Y BAÑO COMPLETO.
DORMITORIO CON PLACARD 
BAÑO COMPLETO CON ANTE BAÑO
BALCÓN 

AIRES ACONDICIONADOS FRIO-CALOR EN TODOS LOS AMBIENTES.
ARTEFACTOS DE ILUMINACION.
CORTINAS.
HELADERA 
MICROONDAS 
TV EN AMBOS DORMITORIOS 
 
COCHERA 

NO ACEPTA MASCOTAS 

NO TIENE EXPENSAS 
DISPONIBLE A PARTIR DE SEPTIEMBRE 2026",4335-3077
inmoclick:4335-3093,inmoclick,4335,3093,https://inmoclick.com/4335-llopart-inmobiliaria/inmuebles/3093/ficha/departamento-en-alquiler-en-rodriguez-1059,2026-09-09,,800.0,USD,9.30232558139535,86.0,102.0,3.0,2.0,2.0,Departamento,Alquiler,Excelente,15.0,Capital,Mendoza,RODRIGUEZ 1059,-32.8888906,-68.8523952,Garage/Cochera,,,,,375000.0,False,,llopart inmobiliaria,Inmobiliaria,False,False,,"EXCLUSIVO DEPARTAMENTO UBICADO EN CALLE RODRIGUEZ, ENTRE EMILIO CIVIT Y JULIO A ROCA, PRÓXIMO AL PARQUE GRAL SAN MARTÍN Y AL MICROCENTRO.

ZONA ALTAMENTE RESIDENCIAL, CON IMPORTANTE DESARROLLO EN GASTRONOMÍA Y SERVICIOS.

HALL
LIVING COMEDOR
COCINA LAVADERO
BALCÓN
DORMITORIO
BAÑO COMPLETO
DORMITORIO PRINCIPAL CON BAÑO EN SUITE
COCHERA

AMENITIES
GIMNASIO
PISCINA
SUM CON CHURRASQUERA

SEGURIDAD LAS 24 HS",4335-3093
inmoclick:4335-3102,inmoclick,4335,3102,https://inmoclick.com/4335-llopart-inmobiliaria/inmuebles/3102/ficha/departamento-en-alquiler-en-vista-premium-lateral-acceso-este-y-cobos-amenities,2026-09-09,,650000.0,ARS,10833.333333333334,60.0,65.0,,1.0,1.0,Departamento,Alquiler,Excelente,10.0,Guaymallen,Mendoza,VISTA PREMIUM- LATERAL ACCESO ESTE Y COBOS- AMENITIES,-32.89802516769016,-68.82234691237609,Sin Cochera,,,,,130000.0,False,,llopart inmobiliaria,Inmobiliaria,False,False,,"DEPARTAMENTO EN EDIFICIO VISTA PREMIUM, UBICADO EN EL PRINCIPAL ACCESO A LA CIUDAD Y CON EXCELENTE CONECTIVIDAD A LOS PRINCIPALES PUNTOS DE INTERÉS.
PRÓXIMO A MALLS, SERVICIOS DE SALUD, TRANSPORTE Y SERVICIOS.

LIVING COMEDOR MUY AMPLIO CON SALIDA A BALCÓN.
COCINA CON AMOBLAMIENTO COMPLETO.
DORMITORIO CON PLACARD.
ANTEBAÑO Y BAÑO COMPLETO.

CALEFACCIÓN CENTRAL POR RADIADORES.
CALDERA ARISTON DUAL.
AIRES ACONDICIONADOS SPLITS EN LIVING COMEDOR Y DORMITORIO.
ARTEFACTOS DE ILUMINACIÓN.
CORTINAS EN TODS LOS AMBIENTES.

AMENITIES:
SUM AMOBLADO Y EQUIPADO PARA EVENTOS Y REUNIONES.
GRAN TERRAZA CON VISTA ABIERTA A LA MONTAÑA, JACUZZI, BAÑOS, DUCHAS Y VESTUARIOS.

SEGURIDAD Y CONSERJERÍA.
CAMARAS DE MONITOREO Y RECONOCIMIENTO FACIAL EN LOS INGRESOS.

DISPONIBLE.
EXPENSAS $ 130.000.-",4335-3102
inmoclick:4335-3111,inmoclick,4335,3111,https://inmoclick.com/4335-llopart-inmobiliaria/inmuebles/3111/ficha/departamento-en-alquiler-en-necochea-esquina-gutierrez,2026-09-09,,690000.0,ARS,17250.0,40.0,50.0,2.0,1.0,1.0,Departamento,Alquiler,Excelente,6.0,Godoy Cruz,Mendoza,NECOCHEA ESQUINA GUTIERREZ,-32.91079233823251,-68.85568982015991,Sin Cochera,,,,,49000.0,False,,llopart inmobiliaria,Inmobiliaria,False,False,,"FUNCIONAL DEPARTAMENTO AMOBLADO EN PRIMER PISO POR ESCALERA, APTO CONSULTORIO, ESTUDIO. UBICACIÓN ESTRATÉGICA, GRAN DESARROLLO COMERCIAL, EDUCATIVO Y CULTURAL.
CONECTIVIDAD AL CENTRO DE LA CIUDAD Y PRINCIPALES PUNTOS DE INTERÉS.

LIVING COMEDOR CON COCINA COMPLETAMENTE AMOBLADA Y EQUIPADA
1 DORMITORIO CON PLACARES 
BAÑO COMPLETOCON ANTEBAÑO 

AIRE ACONDICIONADO SPLIT FRIO CALOR EN LIVING COMEDOR
ARTEFACTOS DE ILUMINACION.
CORTINAS BLACK OUT.

CUENTA CON: HELADERA, HORNO, ANAFE Y LAVARROPAS, TV. 

ESPACIO COMUN: CHURRAQUERA, MESA Y SILLAS EN TERRAZA

PARA 1 SOLO OCUPANTES
NO ACEPTA MASCOTA

VALOR EXPENSAS $ 49.000",4335-3111
inmoclick:4335-3114,inmoclick,4335,3114,https://inmoclick.com/4335-llopart-inmobiliaria/inmuebles/3114/ficha/departamento-en-alquiler-en-anzorena-283,2026-09-09,,480000.0,ARS,14545.454545454546,33.0,45.0,,,1.0,Departamento,Alquiler,Excelente,10.0,Godoy Cruz,Mendoza,ANZORENA 283,-32.9153234,-68.849053,Garage/Cochera,,,,,20000.0,,,llopart inmobiliaria,Inmobiliaria,False,False,,"DEPARTAMENTO MONOAMBIENTE COMPLETAMENTE EQUIPADO EN PLANTA BAJA UBICADO EN COMPLEJO RESIDENCIAL. LA ZONA CUENTA CON COMERCIOS EN LAS CERCANIAS PARA ADQUIRIR LO NECESARIO PARA LA VIDA DIARIA.

EL DEPARTAMENTO ESTÁ COMPUESTO POR:

UN UNICO AMBIENTE CON COCINA INTEGRADA
BAÑO COMPLETO
PATIO
COCHERA

ESTUFA A GAS TIRO BALANCEADO
AIRE ACONDICIONADO FRIO/CALOR
CORTINAS BLACK OUT
LAMPARA COLGANTE

EXPENSAS: $ 20.000

DISPONIBLE A PARTIR DEL 1 DE SEPTIEMBRE 2026

PLAZO DE CONTRATO 2 AÑOS.

REQUISITOS DE ALQUILER:
- DOS GARANTES CON BONO DE SUELDO
- UN GARANTE CON PROPIEDAD
- INQUILINO CON BONO DE SUELDO O CERTIFICACION DE INGRESOS.",4335-3114
inmoclick:4335-3121,inmoclick,4335,3121,https://inmoclick.com/4335-llopart-inmobiliaria/inmuebles/3121/ficha/departamento-en-alquiler-en-patricias-mendocinas-578,2026-09-09,,750000.0,ARS,18750.0,40.0,50.0,2.0,1.0,1.0,Departamento,Alquiler,Excelente,,Godoy Cruz,Mendoza,PATRICIAS MENDOCINAS 578,-32.9054591,-68.8513095,Garage/Cochera,,,,,139000.0,False,,llopart inmobiliaria,Inmobiliaria,False,False,,"DEPARTAMENTO UBICADO EN CALLE PATRICIAS MENDOCINAS, BARRIO BOMBAL. ZONA ALTAMENTE RESIDENCIAL Y COMERCIAL, A POCOS METROS DE LA QUINTA SECCIÓN.

LIVING COMEDOR.
BALCON.
COCINA LAVADERO.
UN DORMITORIOS CON PLACARD.
BAÑO COMPLETO.

CUENTA CON:
CALEFACCION POR RADIADORES.
1 EQUIPO DE AIRE FRIO/CALOR.
LUMINARIAS.
NO ACEPTA MASCOTAS

DISPONIBLE A PARTIR DEL 15 DE SEPTIEMBRE

COCHERA TECHADA PARA 1 VEHICULO.

AMENITIES:
SEGURIDAD 24 HS.
SUM CON COCINA COMPLETA Y CHURRASQUERA.
PILETA.
GIMNASIO.
LAUNDRY.",4335-3121
inmoclick:4335-3124,inmoclick,4335,3124,https://inmoclick.com/4335-llopart-inmobiliaria/inmuebles/3124/ficha/departamento-en-alquiler-en-boulogne-sur-mer-quinta-seccion-piso-categoria,2026-09-09,,4000.0,USD,6.896551724137931,580.0,800.0,,4.0,4.0,Departamento,Alquiler,Excelente,,Capital,Mendoza,BOULOGNE SUR MER - QUINTA SECCIÓN- PISO CATEGORÍA,-32.88904427509957,-68.86139541228637,Garage/Cochera,,,,,950000.0,False,,llopart inmobiliaria,Inmobiliaria,False,False,,"PISO COMPLETO EN EDIFICIO DE CATEGORÍA UBICADO FRENTE A PARQUE GRAL SAN MARTÍN. 
PRÓXIMO AL POLO COMERCIAL Y GASTRONÓMICO PASEO ARISTIDES Y EMILIO CIVIT, LA PRINCIPAL ARTERIA RESIDENCIAL DE LA CIUDAD.

DOS INGRESOS: PRINCIPAL CON SU RESPECTIVO ASCENSOR Y EL DE SERVICIO CON OTRO ASCENSOR.
HALL RECEPCIÓN CON PLACARD GUARDARROPA.
AMPLIO LIVING.
COMEDOR PRINCIPAL.
ESCRITORIO.
TOILETTE.
COCINA CON GRAN AMOBLAMIENTO DE GUARDADO, ISLA Y BARRA DESAYUNADORA.
ESTAR COMEDOR DIARIO CON SALA TV.
MASTER SUITE CON VESTIDOR Y BAÑO COMPLETO CON HIDROMASAJE.
DOS DORMITORIOS CON PLACARES. 
BAÑO COMPLETO.
DEPENDENCIA DE SERVICIO O CUARTO DORMITORIO CON BAÑO COMPLETO.
SALA MÁQUINAS.
LAVADERO.

CALEFACCIÓN CENTRAL POR RADIADORES. 
AIRE ACONDICIONADO CENTRAL FRÍO/CALOR.

SUM PARA EVENTOS Y REUNIONES PROPIO DEL DEPARTAMENTO. 
BALCÓN TERRAZA CON VISTA ABIERTA AL PARQUE. 
PARRILLA.

COCHERAS PARA TRES VEHÍCULOS.
INGRESO AL EDIFICIO CON RECONOCIMIENTO FACIAL. 
SISTEMA MONITOREO DE CÁMARAS.
CONSERJERÍA.

DISPONIBLE DICIEMBRE 2026.",4335-3124
inmoclick:4335-3126,inmoclick,4335,3126,https://inmoclick.com/4335-llopart-inmobiliaria/inmuebles/3126/ficha/departamento-en-alquiler-en-agustin-alvarez-quinta-seccion-amoblado-y-equipado,2026-09-09,,3000.0,USD,13.636363636363637,220.0,260.0,,3.0,4.0,Departamento,Alquiler,Excelente,25.0,Capital,Mendoza,AGUSTIN ALVAREZ -QUINTA SECCIÓN-AMOBLADO Y EQUIPADO.,-32.88704407421569,-68.85252184865723,Garage/Cochera,,,,False,,False,,llopart inmobiliaria,Inmobiliaria,False,False,,"SEMIPISO TOTALMENTE MODERNIZADO Y RECICLADO EN EDIFICIO DE CATEGORÍA UBICADO EN ZONA RESIDENCIAL QUINTA SECCIÓN. 

DOBLE INGRESO: PRINCIPAL Y DE SERVICIO,CADA UNO CON SU RESPECTIVO ASCENSOR. 

HALL RECEPCIÓN.
AMPLIO LIVING COMEDOR.
TOILETTE.
COCINA CON GRAN AMOBLAMIENTO, HORNO EMPOTRADO Y ANAFE VITROCERÁMICO.
COMEDOR ESTAR DIARIO.
LAVADERO Y BALCÓN DE SERVICIO.
DEPENDENCIA DE SERVICIO CON BAÑO COMPLETO.
MASTER SUITE CON VESTIDOR, ANTEBAÑO Y BAÑO COMPLETO.
DORMITORIO CON PLACARD.
ANTEBAÑO Y BAÑO COMPLETO.
PLAYROOM SALA TV O TERCER DORMITORIO..

GRAN BALCÓN TERRAZA.
DOS COCHERAS Y BAULERA.

CALEFACCIÓN CENTRAL POR RADIADORES.
AIRES ACONDICIONADOS SPLITS FRÍO CALOR EN TODOS LOS AMBIENTES.
ABERTURAS ALUMINIO ALTA PRESTACIÓN DVH.
ARTEFACTOS DE ILUMINACIÓN LEDS Y CORTINAS EN TODOS LOS AMBIENTES.
INCLUYE: MOBILIARIO COMPLETO, LAVAVAJILLAS, HELADERA, LAVARROPAS, SECARROPAS, ELECTRODOMÉSTICOS,2 TV SMART Y VAJILLA.
CANON INCLUYE EXPENSAS, INTERNET E IMPUESTO MUNICIPAL.
APARTE ABONA SERVICIOS DE CONSUMO: LUZ, GAS Y AGUA.

SUM EQUIPADO PARA EVENTOS Y REUNIONES.
TERRAZA CON PARRILLA.
SEGURIDAD Y CONSERJERÍA 24 HS.",4335-3126
inmoclick:4335-3129,inmoclick,4335,3129,https://inmoclick.com/4335-llopart-inmobiliaria/inmuebles/3129/ficha/departamento-en-alquiler-en-juan-gualberto-godoy-dorrego,2026-09-09,,590000.0,ARS,11800.0,50.0,60.0,2.0,1.0,1.0,Departamento,Alquiler,Muy Bueno,,Guaymallen,Mendoza,JUAN GUALBERTO GODOY - DORREGO,-32.901926976160496,-68.83297988349761,Sin Cochera,,,,False,,False,,llopart inmobiliaria,Inmobiliaria,False,False,,"DEPARTAMENTO EN COMPLEJO PRIVADO ADYACENTE A CIUDAD. ES UN DEPARTAMENTO POR PISO. SOLO 2 PISOS.

PRIMER PISO POR ESCALERA.
LIVING COMEDOR AMPLIO.
COCINA CON AMOBLAMIENTO COMPLETO.
DORMITORIO PRINCIPAL CON VESTIDOR.
BAÑO COMPLETO.
BALCÓN.

ARTEFACTOS DE ILUMINACIÓN.
AIRE ACONDICIONADO EN ESTAR COMEDOR.
CALEFACCIÓN CENTRAL.
TERRAZA CON PARRILLA.",4335-3129
inmoclick:4335-3130,inmoclick,4335,3130,https://inmoclick.com/4335-llopart-inmobiliaria/inmuebles/3130/ficha/departamento-en-alquiler-en-torres-agustinas,2026-09-09,,2000000.0,ARS,16666.666666666668,120.0,120.0,6.0,3.0,3.0,Departamento,Alquiler,Excelente,15.0,Godoy Cruz,Mendoza,TORRES AGUSTINAS,-32.9045587,-68.8437318,Garage/Cochera,,,,,390000.0,,,llopart inmobiliaria,Inmobiliaria,False,False,,"MODERNO DEPARTAMENTO, CON VISTA ABIERTA A LA CIUDAD Y MONTAÑA UBICADO EN EL EDIFICIO TORRES AGUSTINAS.

ZONA RESIDENCIAL CON GRAN PLUSVALÍA, IMPORTANTE POLO GASTRONÓMICO Y SERVICIOS.

LIVING COMEDOR.
TOILETTE
COCINA CON HORNO, ANAFE, CAMPANA EXTRACTORA Y LAVAVAJILLAS.
LAVADERO.
DOS DORMITORIOS CON PLACARD Y BALCON.
BAÑO COMPLETO.
UN DORMITORIO EN SUITE CON BAÑO COMPLETO Y VESTIDOR.

CALEFACCIÓN CENTRAL POR LOSA RADIANTE.
4 EQUIPOS DE AIRE ACONDICIONADO.
CORTINAS BALCKOUT ROLLER.
LUMINARIAS.

COCHERA TECHADA PARA 1 VEHICULO.
BAULERA

EL EDIFICIO ADMITE MASCOTAS

AMENITIES:

SEGURIDAD 24 HS.
SUM PARA EVENTOS Y REUNIONES CON PARRILLA.
PILETA CON INCREÍBLE VISTA A LA CORDILLERA.
GIMNASIO
SAUNA
JACUZZI
VESTUARIOS
LAUNDRY",4335-3130
inmoclick:4335-3131,inmoclick,4335,3131,https://inmoclick.com/4335-llopart-inmobiliaria/inmuebles/3131/ficha/departamento-en-alquiler-en-beltran-y-patricias-mendocinas-barrio-bombal,2026-09-09,,550000.0,ARS,11000.0,50.0,70.0,,1.0,1.0,Departamento,Alquiler,Muy Bueno,,Godoy Cruz,Mendoza,BELTRÁN Y PATRICIAS MENDOCINAS- BARRIO BOMBAL,-32.90543631632648,-68.85168055372007,Garage/Cochera,,,,,100000.0,False,,llopart inmobiliaria,Inmobiliaria,False,False,,"DEPARTAMENTO UBICADO EN BARRIO BOMBAL, EN ZONA ALTAMENTE RESIDENCIAL, CON IMPORTANTE DESARROLLO COMERCIAL: GASTRONOMÍA, SERVICIOS, LÍNEAS DE TRANSPORTE PÚBLICO.

 PRÓXIMO A UNIVERSIDADES, CENTRO CÍVICO, CENTROS CULTURALES Y EDUCATIVOS,Y QUINTA SECCIÓN.

LIVING COMEDOR .
BALCÓN. 
COCINA CON AMOBLAMIENTO COMPLETO.
LAVADERO. 
DORMITORIO CON PLACARD.
ANTEBAÑO Y BAÑO COMPLETO.
AMBIENTES MUY LUMINOSOS Y FUNCIONALES.

COCHERA CUBIERTA

DISPONIBLE.",4335-3131
inmoclick:440-370,inmoclick,440,370,https://inmoclick.com/440-fernando-puebla-inmobiliaria/inmuebles/370/ficha/departamento-en-alquiler-en-lamadrid-275-ciudad-mendoza,2026-09-09,,380000.0,ARS,10857.142857142857,35.0,50.0,,1.0,1.0,Departamento,Alquiler,Excelente,,Capital,Mendoza,"Lamadrid 275,ciudad,mendoza",-32.8981585,-68.85512360000001,Garage/Cochera,,,,,20000.0,False,,fernando puebla inmobiliaria,Inmobiliaria,False,False,,"UBICACION: Inmediaciones Universidad Tecnológica.
Edificio de buena calidad y presentación, pocos departamentos. Primer Piso, frontal, ¡impecable!, 30 m2 aprox.,monoambiente, puerta seguridad de reja, pisos cerámicos, placares, baño completo, cocina con mesada, anafe 2 hornallas, mueble bajo mesada, alacenas, hornito eléctrico, conexión para lavadora automática, patiecito tendedero,( termo tanque, estufa), con cochera techada entrada independiente. P/1 persona
ajustes cuatrimestrales por ICL (Banco Centra), Contrato 2 años.
 Ingreso: Demostración de ingresos solicitante,1 garante propietario y uno con bono, o en su reemplazo 2 personas con bonos de sueldo.
INGRESO: Mes Adelantado, Depósito y mes de honorarios, sellado excento
Visitas programadas en 10 a 13 tarde 15 a 17,30
llaves: oficina",440-370
inmoclick:440-866,inmoclick,440,866,https://inmoclick.com/440-fernando-puebla-inmobiliaria/inmuebles/866/ficha/departamento-en-alquiler-en-belgrano-826-ciudad-mendoza,2026-09-09,,370000.0,ARS,8222.222222222223,45.0,60.0,,1.0,1.0,Departamento,Alquiler,Muy Bueno,,Capital,Mendoza,"Belgrano 826,ciudad,mendoza",-32.8915506753206,-68.85063284377439,Sin Cochera,,,,,120000.0,False,,fernando puebla inmobiliaria,Inmobiliaria,False,False,,"Ubicacion: Belgrano 826 entre Rufino Ortega y Martin Zapata, metrotranvia. quinta sección.Orientacion Este

Departamento ubicado en segundo piso 13 frontal, comedor, un dormitorio con placard, baño completo con bañera, lugar para lavadora.Jaula en terraza para tender de ropa..
Recien pintado.Estado muy bueno

Condiciones de alquiler: contrato a 2 años, Demostración ingresos solicitante, garante propietario o 2 personas con bonos de sueldo. ajustes cuatrimestrales por ICL

Ingreso: con Mes adelantado, Depósito, honorarios, Locatario; abona: Luz, gas, Aysam, Municipalidad y expensas comunes ordinarias.
Coordinar horario de visita

Nuestros horariospara coordinar visitas de lunes a viernes de 10 a 17:30 hrs",440-866
inmoclick:440-926,inmoclick,440,926,https://inmoclick.com/440-fernando-puebla-inmobiliaria/inmuebles/926/ficha/departamento-en-alquiler-en-bajada-de-arrollabes-2931-las-heras-mendoza,2026-09-09,,420000.0,ARS,7636.363636363636,55.0,70.0,,2.0,1.0,Departamento,Alquiler,Excelente,,Las Heras,Mendoza,"bajada de arrollabes 2931,las heras,mendoza",-32.87024147766294,-68.8182517,Sin Cochera,,,,,45000.0,False,,fernando puebla inmobiliaria,Inmobiliaria,False,False,,"Departameto ubicado en primer piso por escalera, entre calle Mamerto Esquiu y Castelar, limite entre Ciudad y Las Heras.
Características: cocina con alacenas y bajomesada, comedor con barra desayunadora, artefacto de cocina, conexion para lavadora automática, 2 dormitorios y tercer dormitorio/escritorio con placares, baño completo.
Ajustes cuatrimestrales por ICL (Banco Central), Contrato 2 años.
Ingreso: Demostración de ingresos solicitante,1 garante propietario y uno con bono, o en su reemplazo 2 personas con bonos de sueldo.
INGRESO: Mes Adelantado, Depósito y mes de honorarios, sellado excento
Visitas programadas en 10 a 13 tarde 15 a 17,30",440-926
inmoclick:440-928,inmoclick,440,928,https://inmoclick.com/440-fernando-puebla-inmobiliaria/inmuebles/928/ficha/departamento-en-alquiler-en-ing-baglietto-2950-ciudad-mendoza,2026-09-09,,520000.0,ARS,11555.555555555557,45.0,50.0,,1.0,1.0,Departamento,Alquiler,Excelente,,Capital,Mendoza,"Ing.  Baglietto 2950, ciudad,mendoza",-32.868248467921816,-68.85710387786254,Garage/Cochera,,,,,62000.0,False,,fernando puebla inmobiliaria,Inmobiliaria,False,False,,"Edificio Vivak calle Baglietto al 2900 frente Super vea ( Edificio Kristich)
Características: Departamento moderno de buena categoría, Primer piso por escalera, orientación norte, cocina comedor anafe y horno eléctrico, balcón, un dormitorio con baño en suite, aire acondicionado frio calor, terraza de uso compartido con churrasquera, con cochera, portón automático, posee cortinas, y luminarias. 
Requisitos para alquiler: demostración ingresos solicitante, 1 garante propietario y uno con bono o en su reemplazo 2 personas con bonos de sueldo. ingreso: mes de alquiler, mes deposito y honorarios inmobiliaria.
Contrato dos años, ajustes cuatrimestrales por ICL (Banco Central), locatario abonas luz, gas, expensas comunes ordinarias.
llaves: oficina.",440-928
inmoclick:45330-3,inmoclick,45330,3,https://inmoclick.com/45330-carlos/inmuebles/3/ficha/departamento-en-alquiler-en-lomas-de-palmares-valley,2026-09-09,,1650.0,USD,8.25,200.0,250.0,4.0,3.0,3.0,Departamento,Alquiler,Excelente,6.0,Godoy Cruz,Mendoza,Lomas de Palmares Valley,-32.9592841,-68.87981649999999,Garage Doble,1.0,,False,,,False,,carlos,Dueno Directo,True,False,,"Departamento en B° Las Lomas -Palmares Valley. Se ubica en la tercera planta con vista orientación al norte. El mismo cuenta con amplios y luminosos ambientes con excelentes vistas hacia la ciudad. Tres dormitorios. Dormitorio principal en suitte con vestidor y salida al balcón, otro dos dormitorios con baños completos y placard. Tres dormitorios en total. Cocina con barra desayunadora integrada a Living comedor y gran terraza balcón. Excelentes terminaciones. -Carpintería aluminio anodizado con doble vidrio -Calefacción central por losa radiante -Cochera doble. AMENITIES: - Lobby Recepción - Seguridad.- - SUM, Piscina y Solarium
Valor de referencia USD al momento de la firma del contrato, se puede pesificar y actualizar por IPC cada tres meses.
TIENE OPCION DE COMPRA",45330-3
inmoclick:4620-170,inmoclick,4620,170,https://inmoclick.com/4620-capello-inmobiliaria/inmuebles/170/ficha/departamento-en-alquiler-en-almirante-brown-1525,2026-09-09,,900000.0,ARS,11250.0,80.0,100.0,3.0,2.0,1.0,Departamento,Alquiler,Excelente,4.0,Godoy Cruz,Mendoza,almirante brown 1525,-32.9086352,-68.8464497,Garage,2.0,False,,,93000.0,False,,capello inmobiliaria,Inmobiliaria,False,False,,"Inmobiliaria Capelo:

ALQUILER DEPARTAMENTO 2 DORMITORIOS 

Almirante Brown 1525, Mendoza

Características:
- 2 habitaciones con placard
- Living comedor amplio
- Desayunador
- Cocina independiente
- Cochera cubierta
- Edificio con ascensor
- Todos los ambienten tienen aire acondicionado frio calor 

Condiciones:
- Canon: $900.000 mensuales
- Ajuste: Por IPC cada 4 meses
- Contrato: 2 años
- Requisitos: Garantía propietaria + recibos de sueldo en total 

Excelente ubicación, luminoso y funcional. Ideal familia o pareja.

Inmobiliaria Capello",4620-170
inmoclick:4620-193,inmoclick,4620,193,https://inmoclick.com/4620-capello-inmobiliaria/inmuebles/193/ficha/departamento-en-alquiler-en-rivadia-1030,2026-09-09,,730000.0,ARS,9125.0,80.0,80.0,3.0,2.0,1.0,Departamento,Alquiler,Excelente,8.0,Godoy Cruz,Mendoza,rivadia 1030,-32.87505096302248,-68.83456419,Garage,1.0,False,False,,,,,capello inmobiliaria,Inmobiliaria,False,False,,"Inmobiliaria Capello

ALQUILER DEPARTAMENTO - SIN AMOBLAR 

Ubicación:_ Rivadavia 1030 casi Ciclovía 
Godoy Cruz Mendoza 

Características:
- Dos Habitaciones 🛏️
- Baño y Ante Baño 🚽
- Complejo Privado Estacionamiento 🚪
- Dos Aires Calefactores, Luminarias y Cortinas ❄️🔥
- Apto Mascotas 🐾
- Bajas Expensas 🧾
-Con lugar de estacionamiento

PRECIO: $750.000 / mes

REQUISITOS 
GARANTES CON BONO DE SUELDO
GARANTES CON BONO DE PROPIEDAD 
SOLICITANTE CON INGRESOS",4620-193
inmoclick:4620-194,inmoclick,4620,194,https://inmoclick.com/4620-capello-inmobiliaria/inmuebles/194/ficha/departamento-en-alquiler-en-elpidio-gonzalez-4172,2026-09-09,,530000.0,ARS,10600.0,50.0,70.0,,1.0,1.0,Departamento,Alquiler,Excelente,,Guaymallen,Mendoza,ELPIDIO GONZALEZ 4172,,,Garage,,,,,20000.0,,,capello inmobiliaria,Inmobiliaria,False,False,,"Excelente departamento en primer piso dentro de barrio privado Rincón Veneto (Rincón Benetton), pensado para quienes buscan comodidad, seguridad y un entorno tranquilo. Espacios bien distribuidos que aprovechan la luz natural y ofrecen un ambiente cálido para vivir o comenzar un hogar.

Características principales:
- 🛏️ 1 habitación
- 🛋️ Living-comedor
- 🍽️ Cocina
- 🚿 1 baño
- 🌤️ Balcón
- 🚗 Cochera
- 🐾 Apto para animales
- 🏢 Primer piso

Beneficios destacados:
Vivir en este departamento implica disfrutar de un diseño funcional: el living-comedor integra la zona social permitiendo recibir visitas con comodidad, y el balcón suma un espacio al aire libre para tomar el café o relajarse. La cochera ofrece la practicidad y seguridad del estacionamiento propio. Al estar en barrio privado, se suma un entorno cuidado y tranquilidad, ideal para quien busca calidad de vida.

Condiciones y datos de alquiler:
- 💰 Alquiler: $600.000 mensuales
- 📄 Contrato por 2 años
- 📈 Reajuste: cada 6 meses según índice IPC
- ✅ Requisitos: garante con bono de sueldo o garante propietario

📲 Consultas y visitas por privado. Disponibilidad para coordinar mostraciones y responder dudas.",4620-194
inmoclick:46227-5,inmoclick,46227,5,https://inmoclick.com/46227-ramiro-alvarez/inmuebles/5/ficha/departamento-en-alquiler-en-francisco-moyano-1551,2026-09-09,,550.0,USD,12.22222222222222,45.0,60.0,,1.0,2.0,Departamento,Alquiler,Excelente,10.0,Capital,Mendoza,Francisco Moyano 1551,-32.88353300000001,-68.84987939999999,Garage,2.0,,,,190000.0,False,,ramiro alvarez,Dueno Directo,True,False,,"Dueño directo alquila Sky Loft 1 dormitorio, amoblado y equipado. Concebido para quienes buscan confort, diseño y seguridad en una excelente zona, sin comisión inmobiliaria.

Características principales:
- 🛏️ 1 dormitorio
- 🛁🛁 2 baños
- 🌇 Balcón
- 🪑 Amoblado y equipado 
- ❄️ Climatizado 
- 🕶️ Cortinas blackout automatizadas
- 🏢 Salón de usos múltiples (SUM)
- 🔒 Seguridad 24 hs
- 📅 Alquiler temporario mínimo cuatriestral consulte valor 
- 🚫 Sin comisión inmobiliaria
- 💡 Gastos no incluidos: expensas, luz, agua, municipalidad, gas, internet y cable

Descripción:
Viva la experiencia de un Sky Loft pensado para el confort y la practicidad: ambientes con carácter y una puesta en escena VIP que facilita instalarse desde el primer día. El dormitorio y los dos baños aportan privacidad y comodidad, mientras el balcón extiende el living para disfrutar momentos de relax. Las cortinas blackout automatizadas y la climatización ofrecen control total del ambiente, perfecto tanto para descansar como para trabajar desde casa.

Consulte por teléfono o por mail para coordinar visitas o solicitar más detalles.",46227-5
inmoclick:50307-1,inmoclick,50307,1,https://inmoclick.com/50307-franco-fausti/inmuebles/1/ficha/departamento-en-alquiler-en-avenida-colon-423,2026-09-09,,900000.0,ARS,10000.0,90.0,90.0,4.0,2.0,2.0,Departamento,Alquiler,Excelente,,Capital,Mendoza,Avenida Colon 423,-32.89377742543088,-68.84616837056963,Sin Cochera,,,False,,300000.0,False,,franco fausti,Dueno Directo,True,False,,"Propietario directo. 
- 🏢 Piso: 5º, vista frontal a calle Colón 
- 🛋️ Ambientes: amplio living-comedor 
- 🍳 Cocina: completa 
- 🛏️ Dormitorios: 2 con placares de piso a techo 
- 🚿 Baños: 2 
- 🔒 Seguridad: servicio 24 hs e ingreso con reconocimiento facial 
- 🎉 Amenities: SUM (salón de usos múltiples) 
- 💪 Salud y relax: gimnasio y sauna 
- 🏊‍♂️ Recreación: pileta 

Departamento en alquiler en Edificio Recoleta Colón, pensado para quienes buscan confort y seguridad en una ubicación con identidad urbana. El amplio living-comedor ofrece un espacio central ideal para recibir, trabajar desde casa o disfrutar en familia; Los dos dormitorios con placares piso a techo aseguran orden y capacidad de guardado, mientras que los dos baños aportan comodidad y privacidad para residentes e invitados.

El edificio brinda servicios y amenities de nivel, con seguridad 24 horas e ingreso mediante reconocimiento facial para mayor tranquilidad. Disfrute de momentos de esparcimiento en el SUM, 
Condiciones de alquiler: contrato por dos años con incrementos cuatrimestrales según índice de contrato de locación; depósito en garantía equivalente a un alquiler, más el mes de alquiler. Se requieren ingresos demostrables equivalentes al triple del alquiler para el titular y para cada garante; se solicitan dos garantes. Ideal para quienes valoran seguridad, comodidades y una vida práctica en pleno Recoleta.",50307-1
inmoclick:50561-1,inmoclick,50561,1,https://inmoclick.com/50561-maria-florencia-ferro/inmuebles/1/ficha/departamento-en-alquiler-en-espana-918,2026-09-09,,600000.0,ARS,12000.0,50.0,50.0,4.0,1.0,1.0,Departamento,Alquiler,Excelente,20.0,Capital,Mendoza,España 918,-32.8894587,-68.8458386,Sin Cochera,1.0,False,,,82000.0,False,,maria florencia ferro,Dueno Directo,True,False,,"Dueño alquila departamento semi amoblado frontal y muy luminoso en la intersección de calle España y Montevideo. Unidad funcional y de ambientes definidos, pensada para quienes buscan luz natural, comodidad y cercanías para las actividades diarias en el centro de Mendoza (super, farmacias, bares y restaurantes, entre otros puntos)

Características principales:
- 🛋️ Living: ambiente principal con buena entrada de luz natural
- 🍽️ Cocina: espacio práctico para organizar el día a día
- 🛏️ Habitación: dormitorio bien iluminado
- 🛁 Baño: baño completo
- ☀️ Frontal: orientación que favorece la luminosidad
- 📍 Ubicación: calle España y Montevideo
- 👤 Alquiler directo con dueño

Descripción:
El departamento se destaca por su luminosidad y disposición práctica: espacios cómodos que permiten una circulación agradable y un ambiente acogedor desde el ingreso. Al ser frontal, las habitaciones reciben luz durante gran parte del día, creando una sensación de amplitud y calidez. Es una opción ideal para una persona. Se entrega en condiciones listas para habitar. Consultar para coordinar visitas y conocer condiciones de alquiler.",50561-1
inmoclick:51139-2,inmoclick,51139,2,https://inmoclick.com/51139-agustin/inmuebles/2/ficha/departamento-en-alquiler-en-san-juan-790,2026-09-09,,600000.0,ARS,7058.823529411765,85.0,100.0,,2.0,2.0,Departamento,Alquiler,Muy Bueno,,Capital,Mendoza,San Juan 790,-32.8944938,-68.83767999999999,Sin Cochera,,,,,105000.0,False,,agustin,Dueno Directo,True,False,,"Dueño alquila departamento en el centro de la Ciudad de Mendoza, con cercanía a comercios, centros de estudio, iglesias, transporte. 
En la esquina de San Juan y Don Bosco, el departamento se ubica en el cuarto piso de un edificio cuidado y tranquilo.
Se accede por un acceso único al hall que distribuye hacia la cocina o el living comedor. La cocina es espaciosa, con mucho lugar de guardado y una despensa (o habitación de planchado), que comunica a la lavandería y baño de servicio. El living comedor se orienta al norte con un gran ventanal y piso de parquet recién plastificado. Este se extiende hasta las habitaciones brindando calidez a los espacios. Ambos dormitorios tienen amplios placares y entre ellas se encuentra el baño, generoso y ventilado.
Tiene todos los servicios (energía eléctrica, gas, agua corriente) y paga tasas municipales y expensas.",51139-2
inmoclick:52708-5787,inmoclick,52708,5787,https://inmoclick.com/52708-remax-chacras/inmuebles/5787/ficha/departamento-en-alquiler-en-gutierrez-y-estrada-2400,2026-09-09,,650000.0,ARS,7926.829268292683,82.0,111.0,,2.0,1.0,Departamento,Alquiler,,,Guaymallen,Mendoza,Gutierrez y Estrada 2400,-32.914408072274,-68.810348666571,Garage/Cochera,,,,,,,,remax chacras,Inmobiliaria,False,False,,"Corredor Responsable Sergio Alejandro Sanchez CCPIM 715 - 
Contacto Cintia Arcidiacono - MLS ID 421191105-44

DEPARTAMENTO 2 AMBIENTES EN ALQUILER GUAYMALLÉN MENDOZA 

Departamento ubicado frente a Club Alemán Guaymallén. 

Propiedad moderna con excelente distribución y luminosidad emplazada en esquina privilegiada de Gutierrez y Estrada.

CARACTERÍSTICAS PRINCIPALES

 Superficie total de 111 m 82 m cubiertos 29 m semicubiertos
 Ubicación Primer piso con acceso por escalera
 Año de construcción 2003
 Distribución 4 ambientes totales

DISTRIBUCIÓN INTERIOR

 2 habitaciones amplias con placares incorporados
 Baño completo con antebaño
 Cocina comedor integrada
 Diseño funcional que maximiza espacios

CONDICIONES DE ALQUILER

 Canon mensual 650.000
 Incremento trimestral por índice de precios al consumidor IPC

Propiedad ideal para profesionales o pequeñas familias que valoran ubicación funcionalidad y confort. Contacte a nuestros asesores para coordinar visita y conocer más detalles.

CORREDOR RESPONSABLE SERGIO SANCHEZ CCPIM 715
RAU S.R.L. no ejerce el corretaje inmobiliario. El presente sitio web es una plataforma en donde cada oficina inmobiliaria independiente que contrata los servicios RE/MAX puede publicar las propiedades a su cargo. Cada oficina es de propiedad y gestión independiente, por lo que RAU S.R.L. no interviene en los datos de la publicación, en la operación inmobiliaria, ni en la confección y/o firma del boleto de compraventa y/o escritura y/o contrato de alquiler. En cumplimiento de las leyes vigentes que regulan el corretaje inmobiliario, Ley Nacional 25.028, Ley 22.802 de Lealtad Comercial, Ley 24.240 de Defensa al Consumidor, las normas del Código Civil y Comercial de la Nación y Constitucionales, los agentes/gestores NO ejercen el corretaje inmobiliario. Todas las operaciones inmobiliarias son objeto de intermediación y conclusión por parte del corredor público inmobiliario colegiado a cargo de la publicación, cuyos datos se exhiben en la presente. La presente publicación describe las características esenciales del inmueble, debiéndose consultar al corredor público inmobiliario responsable de la operación por la eventual actualización de las medidas, descripciones arquitectónicas y funcionales, valores de expensas, servicios, impuestos, precios y demás información, cuyos valores son aproximados.",52708-5787
inmoclick:52708-5792,inmoclick,52708,5792,https://inmoclick.com/52708-remax-chacras/inmuebles/5792/ficha/departamento-en-alquiler-en-azcuenaga-0,2026-09-09,,900.0,USD,16.9811320754717,53.0,53.0,,1.0,1.0,Departamento,Alquiler,,,Lujan de Cuyo,Mendoza,Azcuénaga 0,-33.0362941,-68.8780919,,,,,,,,,remax chacras,Inmobiliaria,False,False,,"Corredor Responsable Sergio Alejandro Sanchez CCPIM 715 - 
Contacto Erica Miguez - MLS ID 421191126-57

AZCUENAGA 70 - LUJAN DE CUYO

Se alquila exclusivo departamento amoblado en el corazón de Luján de Cuyo. Se trata de un departamento de categoría totalmente amoblado luminoso cálido y funcional. Cuenta con un dormitorio con cama matrimonial living con smart tv comedor con gran ventanal y hermosa vista cocina completamente equipada con vajilla y electrodomésticos a estrenar. Ideal para ejecutivos profesionales y empresas
Alquiler de 6 meses a 1 año. Ideal para persona sola que viaje por trabajo empresas o parejas.
REQUISITOS
 Mes de depósito y mes de alquiler
 Ingresos demostrables
 2 garantes con bono de sueldo o
 Garantía con seguro de caución
 Comisión inmobiliaria

Escribime y agendá tu visita!

Ofrece el equipo de REMAX CHACRAS a cargo del Corredor Sergio Sánchez Mat. CCPIM 715.
RAU S.R.L. no ejerce el corretaje inmobiliario. El presente sitio web es una plataforma en donde cada oficina inmobiliaria independiente que contrata los servicios RE/MAX puede publicar las propiedades a su cargo. Cada oficina es de propiedad y gestión independiente, por lo que RAU S.R.L. no interviene en los datos de la publicación, en la operación inmobiliaria, ni en la confección y/o firma del boleto de compraventa y/o escritura y/o contrato de alquiler. En cumplimiento de las leyes vigentes que regulan el corretaje inmobiliario, Ley Nacional 25.028, Ley 22.802 de Lealtad Comercial, Ley 24.240 de Defensa al Consumidor, las normas del Código Civil y Comercial de la Nación y Constitucionales, los agentes/gestores NO ejercen el corretaje inmobiliario. Todas las operaciones inmobiliarias son objeto de intermediación y conclusión por parte del corredor público inmobiliario colegiado a cargo de la publicación, cuyos datos se exhiben en la presente. La presente publicación describe las características esenciales del inmueble, debiéndose consultar al corredor público inmobiliario responsable de la operación por la eventual actualización de las medidas, descripciones arquitectónicas y funcionales, valores de expensas, servicios, impuestos, precios y demás información, cuyos valores son aproximados.",52708-5792
inmoclick:52708-5956,inmoclick,52708,5956,https://inmoclick.com/52708-remax-chacras/inmuebles/5956/ficha/departamento-en-alquiler-en-benielli-c-2600,2026-09-09,,850000.0,ARS,8947.368421052632,95.0,95.0,,2.0,1.0,Departamento,Alquiler,,,Capital,Mendoza,Benielli C. 2600,-32.8726633,-68.8522755,Garage/Cochera,,,,,,,,remax chacras,Inmobiliaria,False,False,,"Corredor Responsable Sergio Alejandro Sanchez CCPIM 715 - 
Contacto Valeria Celeste Gatica - MLS ID 421191062-134

Duplex totalmente reciclado y amoblado en Sexta Sección ubicado sobre calle Benielli 2643 una de las zonas residenciales más buscadas de la Ciudad de Mendoza por su excelente conectividad tranquilidad y cercanía al microcentro. La propiedad se encuentra a minutos del Parque General San Martín universidades supermercados comercios transporte público y principales accesos de la ciudad combinando comodidad urbana con un entorno residencial consolidado.
La propiedad se destaca por su diseño funcional luminosidad y confort. Cuenta con 2 dormitorios ubicados en planta alta un escritorio ideal para home office y un baño completo. En planta baja dispone de un amplio living cocina integrada y una acogedora sala de estar que también puede utilizarse como tercer dormitorio o espacio multifuncional.
Además posee cochera patio terraza y lavandería brindando espacios cómodos tanto para la vida diaria como para reuniones y momentos de relax.
El dúplex se entrega totalmente amoblado listo para habitar siendo una excelente opción tanto para vivienda permanente como para inversión por su estratégica ubicación y estado impecable.
Contrato por 1 año a partir del mes de Junio se actualiza cada tres mese segun IPC
Corredor Inmobiliario Sergio Sanchez CCPIM 715
RAU S.R.L. no ejerce el corretaje inmobiliario. El presente sitio web es una plataforma en donde cada oficina inmobiliaria independiente que contrata los servicios RE/MAX puede publicar las propiedades a su cargo. Cada oficina es de propiedad y gestión independiente, por lo que RAU S.R.L. no interviene en los datos de la publicación, en la operación inmobiliaria, ni en la confección y/o firma del boleto de compraventa y/o escritura y/o contrato de alquiler. En cumplimiento de las leyes vigentes que regulan el corretaje inmobiliario, Ley Nacional 25.028, Ley 22.802 de Lealtad Comercial, Ley 24.240 de Defensa al Consumidor, las normas del Código Civil y Comercial de la Nación y Constitucionales, los agentes/gestores NO ejercen el corretaje inmobiliario. Todas las operaciones inmobiliarias son objeto de intermediación y conclusión por parte del corredor público inmobiliario colegiado a cargo de la publicación, cuyos datos se exhiben en la presente. La presente publicación describe las características esenciales del inmueble, debiéndose consultar al corredor público inmobiliario responsable de la operación por la eventual actualización de las medidas, descripciones arquitectónicas y funcionales, valores de expensas, servicios, impuestos, precios y demás información, cuyos valores son aproximados.",52708-5956
inmoclick:52708-5962,inmoclick,52708,5962,https://inmoclick.com/52708-remax-chacras/inmuebles/5962/ficha/departamento-en-alquiler-en-cochabamba-4500,2026-09-09,,600000.0,ARS,8571.42857142857,70.0,83.0,,2.0,1.0,Departamento,Alquiler,,,Guaymallen,Mendoza,Cochabamba 4500,-32.915628688324,-68.790195171871,Garage/Cochera,,,,,,,,remax chacras,Inmobiliaria,False,False,,"Corredor Responsable Sergio Alejandro Sanchez CCPIM 715 - 
Contacto Carlos Desimone - MLS ID 421191092-126

Este moderno departamento en San Francisco del Monte Guaymallén Mendoza ofrece un estilo de vida cómodo y práctico. Ubicado en un complejo cerrado de solo 4 unidades este hogar de 83 m 70 m cubiertos 13 m descubiertos se destaca por su distribución funcional y acabados de calidad.

Districución inteligente
 Amplio living comedor con cocina y lavadero integrados separados por un práctico desayunador
 2 cómodas habitaciones con placards
 1 baño completo

Comodidad y seguridad
 1 cochera privada
 Edificio construido en 2017
 Ubicado en una zona tranquila pero de rápido acceso a centros comerciales

Estilo de vida equilibrado.
Disfrutá de la tranquilidad de Jesús Nazareno Mendoza a pasos de todo lo que necesitas. Este departamento es la oportunidad perfecta para vivir en un entorno seguro y bien conectado. ¡No dejes pasar esta chance de tener tu nuevo hogar!
Remax Chacras a cargo de Corredor Inmobiliario Sergio Sánchez CPPIM 715

RAU S.R.L. no ejerce el corretaje inmobiliario. El presente sitio web es una plataforma en donde cada oficina inmobiliaria independiente que contrata los servicios RE/MAX puede publicar las propiedades a su cargo. Cada oficina es de propiedad y gestión independiente, por lo que RAU S.R.L. no interviene en los datos de la publicación, en la operación inmobiliaria, ni en la confección y/o firma del boleto de compraventa y/o escritura y/o contrato de alquiler. En cumplimiento de las leyes vigentes que regulan el corretaje inmobiliario, Ley Nacional 25.028, Ley 22.802 de Lealtad Comercial, Ley 24.240 de Defensa al Consumidor, las normas del Código Civil y Comercial de la Nación y Constitucionales, los agentes/gestores NO ejercen el corretaje inmobiliario. Todas las operaciones inmobiliarias son objeto de intermediación y conclusión por parte del corredor público inmobiliario colegiado a cargo de la publicación, cuyos datos se exhiben en la presente. La presente publicación describe las características esenciales del inmueble, debiéndose consultar al corredor público inmobiliario responsable de la operación por la eventual actualización de las medidas, descripciones arquitectónicas y funcionales, valores de expensas, servicios, impuestos, precios y demás información, cuyos valores son aproximados.",52708-5962
inmoclick:52775-468,inmoclick,52775,468,https://inmoclick.com/52775-geirealstate/inmuebles/468/ficha/departamento-en-alquiler-en-alem-1225,2026-09-09,,800000.0,ARS,14545.454545454546,55.0,65.0,,2.0,1.0,Departamento,Alquiler,Excelente,,Godoy Cruz,Mendoza,alem 1225,-32.941827,-68.83576,Garage/Cochera,,,,,60000.0,False,,geirealstate,Inmobiliaria,False,False,,"Departamento de categoría en calle Alem 1225, Godoy Cruz.

Ubicadisimo! Se encuentra al lado de Baker Hughes , y a metros de Carril Sarmiento y acceso sur.

- 2 habitaciones
- 1 baño (con ante baño)
- cocina independiente
- living
- patio
- cochera con portón automático
- de categoría
- Planta baja
- expensas",52775-468
inmoclick:52775-483,inmoclick,52775,483,https://inmoclick.com/52775-geirealstate/inmuebles/483/ficha/departamento-en-alquiler-en-9-de-julio-y-godoy-cruz,2026-09-09,,420000.0,ARS,9333.333333333334,45.0,46.0,,1.0,1.0,Departamento,Alquiler,Muy Bueno,,Capital,Mendoza,9 de julio y godoy cruz,-32.87505096302248,-68.83456419,Sin Cochera,,,,,80000.0,False,,geirealstate,Inmobiliaria,False,False,,"Departamento en ciudad de Mendoza.
Ubicadisimo en pleno centro, calle 9 de julio casi godoy cruz.

- 1 habitación
- 1 baño
- cocina comedor
- ascensor
-balcón
- tiene un pequeño lugar para poner una kitchenette.
- luz , gas , agus y cloacas
- apto habitacional, oficina o consultorio.
-sin cochera
-piso 3 - dpto 2",52775-483
inmoclick:5321-166,inmoclick,5321,166,https://inmoclick.com/5321-bait-servicios-inmobiliarios/inmuebles/166/ficha/departamento-en-alquiler-en-pasteur-950,2026-09-09,,490000.0,ARS,10652.173913043478,46.0,68.0,,2.0,1.0,Departamento,Alquiler,Muy Bueno,27.0,Guaymallen,Mendoza,Pasteur 950,-32.8953947448094,-68.82173250207273,Garage/Cochera,1.0,,,False,,False,,bait servicios inmobiliarios,Inmobiliaria,False,False,,"Amplio y luminoso departamento en alquiler ""sin expensas"" en la zona de San José, Guaymallén, ubicado en la planta alta, en un pequeño complejo cerrado y en muy buen estado de conservación. Al ingresar se encuentra un ambiente amplio que integra cocina, comedor y estar, equipado con aire acondicionado frío-calor, ideal para disfrutar de un espacio cómodo y funcional. Dispone de dos dormitorios con placard y un baño completo. Todo el departamento cuenta con rejas que brindan mayor seguridad, y una cochera frontal para un vehículo. La ubicación es estratégica: a metros del Hospital Italiano de Mendoza, a pocas cuadras de la Terminal de Ómnibus y cercano a la Universidad Maza y al Hospital Notti, facilitando la vida diaria y el acceso a servicios.

Características principales:
- 🛏️ 2 dormitorios con placard
- 🛁 1 baño completo
- 🏠 3 ambientes (integrados: cocina-comedor-estar)
- ❄️ Aire acondicionado frío-calor en el ambiente principal
- 🔒 Rejas en todo el departamento
- 🚗 Cochera frontal para 1 vehículo
- 📐 Superficie cubierta propia: 46 m²
- 📏 Superficie total con cochera: 68 m²
- 🏗️ Antigüedad: 27 años (muy buen estado de conservación)
- 🏘️ Complejo cerrado sin expensas
- 🚫 No se permiten mascotas en el complejo

Por su distribución y ubicación, esta propiedad resulta ideal para profesionales de la salud, estudiantes o parejas que priorizan la cercanía a centros educativos y sanitarios, la seguridad y la comodidad de no pagar expensas. Requisitos resumidos: ingresos del locatario equivalentes al triple del alquiler; garantías según condición (propietario y recibo de sueldo o dos recibos de sueldo); actualización cuatrimestral por IPC; depósito en garantía de 1 mes; honorarios profesionales según ley provincial. Una opción práctica y bien ubicada para quienes buscan mudarse sin complicaciones.
Para mayor información y/o coordinar visita comunicarse telefónicamente de lunes a viernes en horario de comercio: 8:30 a 12:30 o 16:30 a 20:30 hs. con Fanny Abeliansky, Corredora Público Inmobiliario Matrícula Nº 827.",5321-166
inmoclick:53710-214,inmoclick,53710,214,https://inmoclick.com/53710-noble-servicios-inmobiliarios/inmuebles/214/ficha/departamento-en-alquiler-en-federico-serpa-11,2026-09-09,,850000.0,ARS,11038.96103896104,77.0,100.0,3.0,2.0,1.0,Departamento,Alquiler,Excelente,5.0,Lujan de Cuyo,Mendoza,federico serpa 11,-33.0395093,-68.8882794,Garage,,,False,,110000.0,False,No,noble servicios inmobiliarios,Inmobiliaria,False,False,,"NOBLE Servicios Inmobiliarios ALQUILA DEPARTAMENTOS AMOBLADOS en Complejo LA CAVA:

UBICACIÓN:
El complejo de departamentos se encuentra en el centro de Luján de Cuyo, a metros de calle Roque Saez Peña y San Martín, dentro de un Barrio Semiprivado con portón automático.
Excelente ubicación. Próximo a los principales accesos de la cuidad, áreas comerciales y zona de bodegas.

CARACTERÍSTICAS del Edificio:
- 12 departamentos, 6 en planta baja y 6 en planta alta.
- SUM equipado para reuniones / eventos
- Churrasquera
- Terraza con hermosa vista a la Cordillera
- 2 jacuzzi exteriores en terraza
- Cochera techada
- Excelentes terminaciones y calidad constructiva
- Cámaras con monitoreo en todo el complejo
- Caja de seguridad

DISTRIBUCIÓN de cada Departamento:
- Cada departamento está completamente amoblado y equipado para 4 personas.
- Living - comedor
- Cocina
- Lavandería
- Dos dormitorios, con placard empotrado
- Un baño completo con bañera

REQUISITOS Y CONDICIONES:
- Actualizaciones CUATRIMESTRALES según el ICL
- Solo se alquila amoblado
- EL ALQUILER NO INCLUYE SERVICIOS. Los impuestos, servicios y expensas corren por cuenta del inquilino (el wi-fi esta incluido en la expensas)
- El alquiler no incluye ropa blanca.
- El canon del alquiler es por mes completo.
- No se aceptan mascotas.

Cualquier consulta estamos a disposición.",53710-214
inmoclick:53710-217,inmoclick,53710,217,https://inmoclick.com/53710-noble-servicios-inmobiliarios/inmuebles/217/ficha/departamento-en-alquiler-en-urquiza-364,2026-09-09,,610000.0,ARS,9384.615384615385,65.0,65.0,4.0,2.0,2.0,Departamento,Alquiler,Excelente,15.0,Guaymallen,Mendoza,Urquiza 364,-32.9052306,-68.7825218,Garage,,False,False,,65000.0,False,No,noble servicios inmobiliarios,Inmobiliaria,False,False,,"NOBLE Servicios Inmobiliarios ALQUILA DEPARTAMENTO en Villa Nueva

UBICACIÓN:
Departamento de Categoría en complejo Privado ""Cepas de Guaymallén"", en la calle Urquiza.
Excelente ubicación, zona comercial. Próximo a los principales puntos característicos de Villa Nueva.

DISTRIBUCIÓN:
- Living comedor
- Cocina integrada con lavandería
- Dos dormitorios, con placard empotrados
- Dos baños completos
- Patio de servicio
- Cochera techada

CARACTERÍSTICAS del Departamento:
- Excelentes terminaciones y calidad constructiva
- Primer piso por escalera.
- Dormitorios con amplios placares
- Calefacción por losa radiante
- Amplios espacios, muy luminosos

AMENITIES DEL CONDOMINIO:
- Seguridad privada las 24 hrs
- SUM con Churrasquera
- Locales comerciales en la entrada

CONDICIONES:
- No se alquila amoblado.
- No se admiten mascotas

REQUISITOS:
- Solicitante con comprobación de ingresos
- Dos garantes con bono de sueldo
- Un garante propietario

Cualquier consulta estamos a disposición.

NOBLE SERVICIOS INMOBILIARIOS",53710-217
inmoclick:53710-218,inmoclick,53710,218,https://inmoclick.com/53710-noble-servicios-inmobiliarios/inmuebles/218/ficha/departamento-en-alquiler-en-patricios-esquina-constitucion-lujan-de-cuyo-mendoza-argentina,2026-09-09,,580000.0,ARS,11372.549019607844,51.0,51.0,3.0,1.0,1.0,Departamento,Alquiler,Excelente,6.0,Lujan de Cuyo,Mendoza,"Patricios esquina constitucion, Luján de Cuyo, Mendoza, Argentina",-33.0317145,-68.8800323,Sin Cochera,,False,False,,45000.0,False,No,noble servicios inmobiliarios,Inmobiliaria,False,False,,"NOBLE Servicios Inmobiliarios ALQUILA DEPARTAMENTO en Luján de Cuyo

UBICACIÓN:
Es un edificio de Departamentos en la calle Patricios, esquina Constitución. Ubicado en el centro de Luján de Cuyo, con excelente ubicación, zona comercial, comercios en el mismo edificio. Próximo a los principales puntos característicos de Luján, con excelente conectividad.

DISTRIBUCIÓN:
- Living comedor
- Cocina integrada
- Lavandería independiente
- Un dormitorio, con placard empotrado de techo a piso
- Un baños completo

CARACTERÍSTICAS del Departamento:
- Amplios espacios, muy luminosos
- Excelentes terminaciones y calidad constructiva
- Primer piso por ascensor.
- Dormitorio con amplio placard
- Aire acondicionado frio/calor en el Living, y conexión para estufa.
- Cerco eléctrico perimetral en todo el complejo.

CONDICIONES:
- Actualizaciones Cuatrimestrales según el ICL (Indice de contratos de locación)
- No se admiten mascotas

REQUISITOS:
- Solicitante con comprobación de ingresos
- Dos garantes con bono de sueldo
- Un garante propietario

No dudes en programar tu visita!!
Cualquier consulta estamos a disposición.",53710-218
inmoclick:5389-5,inmoclick,5389,5,https://inmoclick.com/5389-orlando-toti/inmuebles/5/ficha/departamento-en-alquiler-en-peatonal-sarmiento-49,2026-09-09,,750000.0,ARS,10714.285714285714,70.0,70.0,,2.0,1.0,Departamento,Alquiler,Excelente,,Capital,Mendoza,Peatonal Sarmiento 49,-32.8903107,-68.8401118,Sin Cochera,,,,,105000.0,,,orlando toti,Dueno Directo,True,False,,"DUEÑO ALQUILA!! Departamento céntrico en plena peatonal y a 50 metros del kilómetro cero de Mendoza.

Consta de 2 habitaciones, living comedor, 1 baño con bañera, cocina y lavandería.
Aires acondicionado frio/calor.
Cortinas black out.

CONSULTAR OPCIÓN AMOBLADO, POR TEMPORADA O POR DIA

No se paga mes de comisión, ni certificación de firmas, solo se paga mes en curso y mes de deposito, requisitos solo dos garantes con bono de sueldo y/o titulo de propiedad.

Impuestos y servicios a cargo del inquilino.

IMPORTANTE..... ACTUALIZACION EN LA PUBLICACION: la disponibilidad del departamento y el inicio del periodo de alquiler será a partir de septiembre 2026, El valor del alquiler inicial es estimado, puede ser mayor o menor que el publicado.",5389-5
inmoclick:5586-486,inmoclick,5586,486,https://inmoclick.com/5586-marina-pittari-inmobiliaria/inmuebles/486/ficha/departamento-en-alquiler-en-edificio-presidente-mitre-756-ciudad,2026-09-09,,700000.0,ARS,14000.0,50.0,50.0,,1.0,1.0,Departamento,Alquiler,Excelente,10.0,Capital,Mendoza,"EDIFICIO PRESIDENTE, MITRE 756, CIUDAD.",-32.8934023,-68.84562869999999,Garage/Cochera,,,,,200000.0,,,marina pittari inmobiliaria,Inmobiliaria,False,False,,"MARINA PITTARI PROPIEDADES ALQUILA Espectacular Departamento, totalmente amoblado y equipado, ubicado en Edificio Presidente Recoleta Colón, sobre entrada por calle Mitre 756, en la Ciudad de Mendoza, zona residencial de excelencia y gran categoría, a metros del Centro cívico y Microcentro de la Provincia, a minutos de las principales vías de acceso, como Calle Boulogne Sur Mer, Emilio Civit y Corredor del Oeste.
Sup. Cubierta total: 50m2
Con una gran luminosidad y amplitud, el dpto. se encuentra ubicado en el 7mo. piso, con excelente vistas al a la cordillera y Ciudad de Mendoza, compuesto por living comedor, dormitorio con placard, Cocina, baño completo; amoblamientos y revestimientos de primera calidad bachas de apoyo grifería monomando de alta prestación.
Pisos madera flotante, carpintería externa de aluminio DVH, de piso a techo, carpintería interna de madera lustrada, marco cajón, A/C frio calor, anafe y extractor. 

COCHERA OPCIONAL.
MASCOTAS: SOLO GATOS
AMENITIES
Lobby de gran jerarquía, Seguridad 24 hs, Piscina, Clubhouse, Business Center, Gimnasio.
Locación mínimo 3 meses, MÁXIMO 2 AÑOS . Actualización trimestral IPC
Disponibilidad Inmediata",5586-486
inmoclick:5586-507,inmoclick,5586,507,https://inmoclick.com/5586-marina-pittari-inmobiliaria/inmuebles/507/ficha/departamento-en-alquiler-en-amigorena-ciudad,2026-09-09,,550000.0,ARS,6875.0,80.0,80.0,5.0,2.0,1.0,Departamento,Alquiler,Excelente,14.0,Capital,Mendoza,Amigorena Ciudad,-32.891894,-68.8389211,Sin Cochera,,,,,140000.0,,,marina pittari inmobiliaria,Inmobiliaria,False,False,,"MARINA PITTARI PROPIEDADES ALQUILA impecable Departamento en calle Amigorena 56 de Ciudad, a 50 metros de calle San Martín y a pasos de la Peatonal Sarmiento, en el corazón de la Capital Mendocina, con una ubicación inmejorable a pasos de los principales centros comerciales, entidades gubernamentales y accesos viales a la Provincia. Situado en Edificio de departamento residenciales en el primer piso con recepción de ingreso en planta baja, ascensor de alta prestación y calidad. Distinguido Estilo arquitectónico.
Totalmente amoblado y equipado, con un interiorismo elegante y refinado, consta de living comedor muy amplio y luminoso con salida al balcón frontal, totalmente cerrado con aberturas de vidrios, cocina separada completa con amoblamientos en bajo mesada y alacenas de madera lustrada, muebles de guardado, lavandería independiente, dos dormitorios con placares de piso a techo, uno principal y otro secundario baño completo, con bidet y receptáculo de ducha.
Los pisos de parquet, carpintería exterior de aluminio, carpintería interior madera lustrada. Todas las aberturas con rejas.
servicios: luz, gas, agua, municipalidad, expensas. 

DISPONIBILIDAD INMEDIATA",5586-507
inmoclick:5586-520,inmoclick,5586,520,https://inmoclick.com/5586-marina-pittari-inmobiliaria/inmuebles/520/ficha/departamento-en-alquiler-en-quintana-267-godoy-cruz,2026-09-09,,600000.0,ARS,12000.0,50.0,50.0,3.0,1.0,1.0,Departamento,Alquiler,Excelente,5.0,Godoy Cruz,Mendoza,QUINTANA 267 GODOY CRUZ,-32.9217738,-68.8450991,Garage/Cochera,2.0,,False,,40000.0,False,,marina pittari inmobiliaria,Inmobiliaria,False,False,,"MARINA PITTARI PROPIEDADES ALQUILA moderno departamento residencial en calle Quintana N°230, Godoy Cruz, a metros de plaza departamental y de Supermercado Carrefour, con una ubicación inmejorable y con una gran accesibilidad y conectividad a los principales Accesos a la Ciudad de Mendoza; forma parte de un complejo de 25 Departamentos, con acceso automatizado y amplios espacios comunes ofreciendo al edificio comodidad amplitud y luminosidad.
El dpto. se ubica en Segundo Piso por escalera, consta de living comedor, cocina integrada, con muebles bajo mesada y alacenas, un dormitorio con placares a medida, baño completo, bacha empotrada con griferías. Los pisos de porcelanatos, carpintería exterior simple, carpintería interior madera. Todas sus aberturas con rejas. La cochera en Planta baja techada, con salida independiente.
Se alquila con cocina 4 hornallas a gas, Termotanque, portero eléctrico, campana extractor, Calefactor a gas natural, luminarias, cortinas A/C.
Actualización trimestral IPC
Disponibilidad inmediata",5586-520
inmoclick:5587-651,inmoclick,5587,651,https://inmoclick.com/5587-pani-sar-sar-inmobiliaria/inmuebles/651/ficha/departamento-en-alquiler-en-don-bosco-137,2026-09-09,,480000.0,ARS,10909.09090909091,44.0,44.0,5.0,2.0,1.0,Departamento,Alquiler,Muy Bueno,50.0,Capital,Mendoza,DON BOSCO 137,-32.8944392,-68.8380753,Sin Cochera,,,,,60000.0,False,,pani sar sar inmobiliaria,Inmobiliaria,False,False,,"PANI SAR SAR INMOBILIARIA ALQUILA DEPARTAMENTO EN PLENO CENTRO DE LA CIUDAD DE MENDOZA, EN EL EDIFICIO DE LA UNIÓN DE TRABAJADORES GASTRONÓMICOS, SOBRE CALLE DON BOSCO 137.

EL DEPARTAMENTO SE UBICA EN SEGUNDO PISO CON ACCESO POR ACSENSOR Y CUENTA CON LIVING COMEDOR, COCINA POR SEPARADA, 2 DORMITORIOS Y 1 BAÑO.

 TIENE 44 M2 CUBIERTOS PROPIOS.

LA CONSTRUCCIÓN ES TRADICIONAL DE LADRILLOS Y ESTÁ EN MUY BUEN ESTADO.

POSEE CAÑERÍAS Y CERÁMICAS RENOVADAS.

TODOS LOS SERVICIOS 

LOS CONTRATOS SE REALIZAN POR 2 AÑOS CON REAJUSTES CUATRIMESTRALES CONFORME AL ÍNDICE DE CONTRATOS DE LOCACIÓN.

REQUISITOS PARA ALQUILAR:
- TENER RECIBO DE SUELDO, MONOTRIBUTO O SER RESPONSABLE INSCRIPTO.
- DOS GARANTES CON LOS MISMOS REQUISITOS.
- MES DE ALQUILER.
- MES DE DEPÓSITO EN GARANTÍA.
- HONORARIOS PARA INMOBILIARIA.
-CERTIFICACIÓN DE FIRMAS A CARGO DE LOCATARIO",5587-651
inmoclick:5587-654,inmoclick,5587,654,https://inmoclick.com/5587-pani-sar-sar-inmobiliaria/inmuebles/654/ficha/departamento-en-alquiler-en-agustin-alvarez-177,2026-09-09,,380000.0,ARS,12666.666666666666,30.0,30.0,3.0,1.0,1.0,Departamento,Alquiler,Muy Bueno,,San Martin,Mendoza,AGUSTÍN ALVAREZ 177,,,Garage/Cochera,,,,,20000.0,False,,pani sar sar inmobiliaria,Inmobiliaria,False,False,,"PANI SAR SAR INMOBILIARIA ALQUILA DEPARTAMENTO EN EL CENTRO DE SAN MARTÍN, SOBRE CALLE AGUSTÍN ÁLVAREZ 177 EN COMPLEJO CERRADO.

EL MISMO CUENTA CON COCINA COMEDOR, 1 DORMITORIO CON PLACAR, BAÑO Y COCHERA.

POSEE COCINA CON GAS ENVASADO Y TERMOTANTQUE ELÉCTRICO.

NO TIENE GAS NATURAL

EXPENSAS: $20.000

CONDICIONES PARA ALQUILAR:

LOS CONTRATOS SE REALIZAN POR 2 AÑOS CON REAJUSTES CUATRIMESTRALES CONFORME AL ÍNDICE DE CONTRATOS DE LOCACIÓN.

REQUISITOS PARA ALQUILAR:
- TENER RECIBO DE SUELDO, MONOTRIBUTO O SER RESPONSABLE INSCRIPTO.
- DOS GARANTES CON LOS MISMOS REQUISITOS.
- MES DE ALQUILER.
- MES DE DEPÓSITO EN GARANTÍA.
- HONORARIOS PARA INMOBILIARIA.
-CERTIFICACIÓN DE FIRMAS A CARGO DE LOCATARIO.",5587-654
inmoclick:5587-655,inmoclick,5587,655,https://inmoclick.com/5587-pani-sar-sar-inmobiliaria/inmuebles/655/ficha/departamento-en-alquiler-en-gutierrez-251,2026-09-09,,530000.0,ARS,8833.333333333334,60.0,100.0,,2.0,1.0,Departamento,Alquiler,Muy Bueno,15.0,San Martin,Mendoza,GUTIÉRREZ 251,-33.08817614969964,-68.47091695078738,Garage/Cochera,1.0,,,False,,,,pani sar sar inmobiliaria,Inmobiliaria,False,False,,"PANI SAR SAR INMOBILIARIA ALQUILA DEPTO O PEQUEÑA CASA EN EN CENTRO DE SAN MARTÍN, SOBRE CALLE GUTIÉRREZ 251.

EL INMUEBLE CUENTA CON COCHERA Y PATIO FRONTAL, COCINA COMEDOR INTEGRADA, 2 DORMITORIOS AMPLIOS CON PLACARES, BAÑO Y PATIO TRASERO.

TODOS LOS SERVICIOS. ( LUZ, AGUA, CLOACAS Y GAS NATURAL)

LOS CONTRATOS SE REALIZAN POR 2 AÑOS CON REAJUSTES CUATRIMESTRALES CONFORME AL ÍNDICE DE CONTRATOS DE LOCACIÓN.

REQUISITOS PARA ALQUILAR:
- TENER RECIBO DE SUELDO, MONOTRIBUTO O SER RESPONSABLE INSCRIPTO.
- DOS GARANTES CON LOS MISMOS REQUISITOS.
- MES DE ALQUILER.
- MES DE DEPÓSITO EN GARANTÍA.
- HONORARIOS PARA INMOBILIARIA.
-CERTIFICACIÓN DE FIRMAS A CARGO DE LOCATARIO",5587-655
inmoclick:5639-1,inmoclick,5639,1,https://inmoclick.com/5639-irina-schugurensky/inmuebles/1/ficha/departamento-en-alquiler-en-vicente-gil-352,2026-09-09,,1000000.0,ARS,12500.0,80.0,122.0,,2.0,1.0,Departamento,Alquiler,Excelente,19.0,Capital,Mendoza,Vicente Gil 352,-32.8971953,-68.85618269999999,Garage/Cochera,2.0,,,,92000.0,,,irina schugurensky,Dueno Directo,True,False,,"🏡 ALQUILER – EXCELENTE DEPARTAMENTO EN QUINTA SECCIÓN, CIUDAD DE MENDOZA

📍 Ubicado sobre calle Vicente Gil, entre Olascoaga y Martínez de Rosas, en una de las zonas más buscadas de la Ciudad de Mendoza, a pocos minutos del Parque General San Martín, la Avenida Arístides Villanueva y todos los servicios.

✨ Características principales:
✅ 2 dormitorios con placares
✅ 1 baño completo con antebaño
✅ Amplio living-comedor
✅ Cocina independiente
✅ Lavadero separado
✅ Recién pintado
✅ 80 m² cubiertos propios
✅ Cochera techada en planta baja
✅ Baulera privada

🌳 Espacios comunes:
🏊 Piscina
🍖 Churrasquera
🌿 Áreas de uso común

💰 Alquiler: $1.000.000 mensuales + expensas.
📋 Expensas actuales: $92.000 aproximadamente.

Ideal para familias, profesionales o quienes buscan vivir en una ubicación privilegiada, con comodidad y todos los servicios cerca.

📞 Consultas y visitas por mensaje privado.",5639-1
inmoclick:59318-237,inmoclick,59318,237,https://inmoclick.com/59318-inmobiliaria-gustavo-torres/inmuebles/237/ficha/departamento-en-alquiler-en-carril-urquiza-216,2026-09-09,,580000.0,ARS,9666.666666666666,60.0,60.0,,1.0,1.0,Departamento,Alquiler,Excelente,,Guaymallen,Mendoza,CARRIL URQUIZA 216,-32.9106731,-68.7848801,Garage,,,,,120000.0,False,,inmobiliaria gustavo torres,Inmobiliaria,False,False,,"GUSTAVO A. TORRES MAT 1612 CCPIM ALQUILA ESPECTACULAR DPTO EN BARRIO PRIVADO.

Se trata de un moderno departamento de 1 dormitorio ubicado en barrio El Calden de Guaymallén. El Barrio se encuentra sobre carril Urquiza a metros del Acceso Este y cuenta con seguridad privada las 24 horas, cámaras de vigilancia y portal de acceso controlado. Por su ubicación esta rodeado de complejos comerciales, colegios, supermercados, posee excelentes vías de acceso y medios de transporte en la puerta.

El Departamento se entrega en excelentes condiciones,.se ubica en planta alta por escalera. Posee Cochera cubierta, Living Comedor con balcon, integrado con la Cocina totalmente equipada con alacenas, termotanque y cocina con horno a gas (espacio para lavarropas bajo mesada en cocina). Cuenta con un ante baño y baño completo y 1 dormitorio con amplio placard. El Departamento posee estufa a gas en living comedor, pre instalación para equipos de Aire Acondicionado y artefactos de iluminación led.

EXPENSAS ACTUALES $ 120.000 (Incluye Imp. Municipal y Aguas Mendocinas).
NO SE ACEPTAN MASCOTA EXCLUYENTE
DEPOSITO DE GARANTIA USD 400",59318-237
inmoclick:59318-241,inmoclick,59318,241,https://inmoclick.com/59318-inmobiliaria-gustavo-torres/inmuebles/241/ficha/departamento-en-alquiler-en-julio-a-roca-684,2026-09-09,,320000.0,ARS,12800.0,25.0,25.0,,,1.0,Departamento,Alquiler,Excelente,,Capital,Mendoza,JULIO A. ROCA 684,-32.8881863,-68.8597605,Sin Cochera,1.0,,False,,30000.0,False,,inmobiliaria gustavo torres,Inmobiliaria,False,False,,"GUSTAVO A. TORRES MAT. 1612 CCPIM ALQUILA MONOAMBIENTE 5TA SECCION

Se trata de un monoambiente ubicado a metros del Parque Gral. San Martín, sobre calle Julio A. Roca. 
La zona se destaca por sus excelentes condiciones residenciales y servicios disponibles.

La propiedad es un MONOAMBIENTE, con pequeña kitchinette, un baño completo y dormitorio con placard. 
Se entrega con Aire Acondicionado - Soporte para TV - Heladera y Cortina black out en dormitorio.

El dpto se ubica en planta alta ( 1º Piso ) por escalera. El edificio posee Terraza de uso común.

Requisitos Tener ingresos demostrables con bono de sueldo y dos garantes con bono de sueldo. Contrato por 2 años - Ajustes por IPC cada 4 meses. NO Mascotas.-",59318-241
inmoclick:59318-242,inmoclick,59318,242,https://inmoclick.com/59318-inmobiliaria-gustavo-torres/inmuebles/242/ficha/departamento-en-alquiler-en-primitivo-de-la-reta-1084,2026-09-09,,300000.0,ARS,6666.666666666667,45.0,45.0,2.0,1.0,1.0,Departamento,Alquiler,Muy Bueno,,Capital,Mendoza,PRIMITIVO DE LA RETA 1084,-32.8911118,-68.83839549999999,Sin Cochera,,,,,40000.0,False,,inmobiliaria gustavo torres,Inmobiliaria,False,False,,"GUSTAVO A. TORRES MAT. 1612 CCPIM ALQUILA MONOAMBIENTE 5TA SECCION

Se trata de un dpto de 2 ambientes ubicado a 20 metros del Kilómetro 0 de la Ciudad de Mendoza (Peatonal y San Martin).
 
La zona se destaca por sus excelentes ubicación en el microcentro y servicios disponibles.

La propiedad es un 2 AMBIENTES, sala comedor, pequeña kitchinette, un baño completo y dormitorio

El dpto se ubica en planta baja.

Requisitos Tener ingresos demostrables con bono de sueldo y dos garantes con bono de sueldo. Contrato por 2 años - Ajustes por IPC cada 4 meses. NO Mascotas.-",59318-242
inmoclick:59318-245,inmoclick,59318,245,https://inmoclick.com/59318-inmobiliaria-gustavo-torres/inmuebles/245/ficha/departamento-en-alquiler-en-formosa-esquina-san-juan,2026-09-09,,330000.0,ARS,13200.0,25.0,25.0,,,1.0,Departamento,Alquiler,Muy Bueno,,Capital,Mendoza,FORMOSA ESQUINA SAN JUAN,-32.9025135,-68.8416632,Sin Cochera,1.0,,False,,10000.0,False,,inmobiliaria gustavo torres,Inmobiliaria,False,False,,"GUSTAVO A. TORRES MAT 1612 CCPIM ALQUILA MONOAMBIENTE MICROCENTRO

Se trata de un excelente monoambiente ubicado en calla San Juan esquina Formosa.
El dpto. se encuentra en planta baja con ventana a calle Formosa.
Posee un amplio y luminoso salón con placard, kitchinete y un baño. Cuenta con gas natural, se entrega con anafe y calefón.
Apto para 1 persona sola sin mascota.
Requisitos
Poseer ingresos demostrables con recibo de sueldo y dos garantes con recibo de sueldo
Gastos
Mes de Alquiler 330.000
Depósito de Garantía 330.000 (se puede pagar en dos veces)
Honorarios y Certificación de firmas 480.000
CONTRATO POR 2 AÑOS CON AJUSTES CADA 4 MESES.-",59318-245
inmoclick:59939-15,inmoclick,59939,15,https://inmoclick.com/59939-zeballos-estudio-juridico-e-inmobiliaria/inmuebles/15/ficha/duplex-en-alquiler-en-gargantini-395,2026-09-09,,800000.0,ARS,,,200.0,,2.0,1.0,Duplex,Alquiler,Excelente,,Maipu,Mendoza,Gargantini 395,,,Garage,,,,,,False,,zeballos estudio juridico e inmobiliaria,Inmobiliaria,False,False,,"ZEBALLOS Ofrece en alquiler: Dúplex 2 dormitorio, 2 baños, Cochera ubicado en Calle Gargantini al 395 metros Rivadavia Maipú.
$ 800.000 más expensas actualiza cada 3 meses por IPC
A metros de Rivadavia con muy buen acceso a Ciudad y centro Maipú con una gran variedad de comercios en la zona.
Compuesto:
Planta Alta:
✔️ 2 dormitorios con placares y aires acondicionados, uno con balcón.
✔️ Hall de distribución con calefactor
✔️ Ante Baño y Baño con inodoro, bidet y ducha.
Planta Baja.
✔️ Cocina con amoblamiento de mesada, bajo mesada, alacena y campana con cocina y horno.
✔️ Living comedor amplio y luminoso con calefactor y Aire Acondicionado.
✔️ Lavandería con mesada bajo mesada y espacio para colocar lavarropa automático.
✔️ Patio con churrasquera.
✔️ Cochera.
Requisitos:
▪️Demostrar ingresos familiares.
▪️ Que no sean más de 4 personas las que vivan en la propiedad.
▪️ Garante pueden ser: Propietario y bono de sueldo o con bonos de sueldo (2,3,4), Recibimos Seguros de Caución y Garantía de Alquiler.
En Dinero:
▪️ Mes Alquiler
▪️ Depósito en Garantía (Su equivalente en dólares redondeado)
▪️ Honorarios Inmobiliaria
▪️ Certificaciones de Firmas ($40.000 c/u Inquilinos y garantes) este valor hoy puede aumentar al momento de la firma del contrato.",59939-15
inmoclick:59939-18,inmoclick,59939,18,https://inmoclick.com/59939-zeballos-estudio-juridico-e-inmobiliaria/inmuebles/18/ficha/departamento-en-alquiler-en-olascoaga-1348,2026-09-09,,400000.0,ARS,4444.444444444444,90.0,100.0,,2.0,1.0,Departamento,Alquiler,Bueno,,Las Heras,Mendoza,Olascoaga 1348,,,Sin Cochera,,,,False,,False,,zeballos estudio juridico e inmobiliaria,Inmobiliaria,False,False,,"🏡 ¡DEPARTAMENTO EN ALQUILER EN LAS HERAS! 🔑✨

Ubicación estratégica y ambientes amplios para tu comodidad. Te presentamos este excelente departamento en planta alta, listo para mudarte.

📍 Ubicación: Calle Olascoaga 1348 (esquina Martín Fierro), Las Heras, Mendoza.

🔹 Características de la Propiedad:
📐 Planta alta (excelente iluminación y ventilación).

🛏️ 2 Dormitorios amplios con placares incorporados.

🍽️ Cocina-comedor grande y funcional.

🛁 Baño completo.

☀️ Terraza tendedero de uso exclusivo.

💰 Canon mensual: $400.000

📋 Requisitos y Condiciones:
👤 Ocupación máxima: Hasta 4 personas.

📄 Demostración de ingresos del titular.

Garantías a presentar (a elección):

🏡 Garante Propietario.

💼 Garantes con bono de sueldo.

🛡️ Seguro de caución.

🏦 Aval Bancario.

Conceptos de ingreso:

1️⃣ Mes de alquiler por adelantado.

1️⃣ Mes de depósito en garantía.

📋 Honorarios inmobiliarios: 2,5% del total del contrato.

🖋️ Certificación de firmas: $40.000 por firma (inquilinos y garantes) (monto sujeto a variación al momento de la firma).",59939-18
inmoclick:59939-26,inmoclick,59939,26,https://inmoclick.com/59939-zeballos-estudio-juridico-e-inmobiliaria/inmuebles/26/ficha/departamento-en-alquiler-en-beltran-939,2026-09-09,,500000.0,ARS,5555.555555555556,90.0,90.0,5.0,1.0,1.0,Departamento,Alquiler,Muy Bueno,,Godoy Cruz,Mendoza,Beltrán 939,-32.913869,-68.85078299999999,Garage/Cochera,,,,,,False,,zeballos estudio juridico e inmobiliaria,Inmobiliaria,False,False,,"¡NUEVO PRECIO! 🔥ZEBALLOS mat 134-135 Alquila departamento, un dormitorio, Godoy cruz.

Calle Beltrán 939, Godoy Cruz. Primer piso.

Con un muy buen acceso al centro tanto en vehículo como en transporte público. Varios negocios en la zona.

$500.000 (más expensas) actualiza cada 3 meses por IPC.

Compuesto:
Planta Alta.
Un dormitorios con placard.
Baño con lavamanos, inodoro, bidet y ducha.
Cocina comedor con mesada, bajo mesada, alacena.
Cochera.

Requisitos:
-Demostrar ingresos familiares como que pueden pagar el alquiler.
-Que no sean más de 3 personas las que vivan en la propiedad.
-2 garantes si hay uno propietario. O pueden ser garantes con bonos de sueldo (2/3/4). O garantía de alquiler/seguro de caución.
En dinero:
Mes alquiler.
Mes de Depósito
Honorarios Inmobiliaria
Certificaciones de firmas ($35.000 c/u inquilinos y garantes). HOY este valor puede cambiar al momento de firmarse el contrato",59939-26
inmoclick:59939-29,inmoclick,59939,29,https://inmoclick.com/59939-zeballos-estudio-juridico-e-inmobiliaria/inmuebles/29/ficha/departamento-en-alquiler-en-sargento-cabral-953,2026-09-09,,550000.0,ARS,9166.666666666666,60.0,60.0,5.0,1.0,1.0,Departamento,Alquiler,Muy Bueno,,Godoy Cruz,Mendoza,Sargento Cabral 953,,,Garage/Cochera,,,,,,False,,zeballos estudio juridico e inmobiliaria,Inmobiliaria,False,False,,"Excelente departamento ubicado en calle Sargento Cabral 953, en una zona súper práctica y accesible. 📍

Características de la propiedad:
▪️ 2° piso (acceso por escalera)
▪️ 1 dormitorio equipado con placard amplio y aire acondicionado 🛏️❄️
▪️ Cocina-comedor con desayunador y aire acondicionado 🍳🛋️
▪️ Antebaño y baño completo 🚿
▪️ Balcón cerrado ☀️
▪️ Cochera incluida 🚗

💰 Valor: $550.000 + expensas

Requisitos para ingresar:
▪️ Demostrar ingresos familiares.
▪️ Capacidad máxima: hasta 4 personas.
▪️ Garantías: Propietaria + bono de sueldo, o bien 2 a 4 bonos de sueldo. (Aceptamos Seguros de Caución y Garantías de Alquiler).

Gastos de ingreso:
▪️ Mes de alquiler
▪️ Depósito en garantía (su equivalente en USD redondeado)
▪️ Honorarios inmobiliarios
▪️ Certificación de firmas ($45.000 c/u inquilinos y garantes — valor sujeto a ajuste al momento de la firma).",59939-29
inmoclick:60096-208,inmoclick,60096,208,https://inmoclick.com/60096-santos-angeles-inmobiliaria/inmuebles/208/ficha/departamento-en-alquiler-en-san-juan-1163-mendoza-capital,2026-09-09,,360000.0,ARS,20000.0,18.0,18.0,,1.0,1.0,Departamento,Alquiler,Bueno,,Capital,Mendoza,San Juan 1163 – Mendoza Capital,,,Sin Cochera,,,,,,False,,santos angeles inmobiliaria,Inmobiliaria,False,False,,"🏡 DEPARTAMENTO EN ALQUILER | IDEAL ESTUDIANTES
✨ Si buscás una propiedad cómoda, segura y bien ubicada, este departamento es una excelente oportunidad.
📍 San Juan 1163 – Mendoza Capital
Ubicado en el séptimo piso de un edificio con cámaras de seguridad e ingreso mediante chip electrónico, ofrece tranquilidad, funcionalidad y una excelente ubicación para estudiantes, profesionales o personas que desean vivir cerca de todo.
Características
✅ Séptimo piso
✅ Ventanal con vista panorámica
✅ Placard
✅ Ventilador de techo
✅ Excelente iluminación natural
✅ Edificio con cámaras de seguridad
✅ Ingreso controlado mediante chip
Beneficios destacados
✅ Ideal para estudiantes
✅ Bajas expensas
✅ Muy buena ubicación
✅ Edificio seguro
✅ Depósito de garantía financiado
Condiciones
💰 Alquiler mensual: $360.000
✅ Honorarios inmobiliarios
✅ Certificación de firmas
✅ Depósito de garantía financiado
📸 Las imágenes publicadas son de carácter ilustrativo y/o referenciales, pudiendo no reflejar el estado actual de la propiedad.
Servicios a cargo del locatario
✅ Expensas
✅ Ecogas
✅ Edemsa
✅ Aguas Mendocinas
✅ Tasas Municipales correspondientes
Requisitos
✔️ Locatario con DNI y último recibo de sueldo o ingresos comprobables
✔️ DNI de todas las personas que residirán en la propiedad
✔️ Dos garantes con recibo de sueldo
✔️ DNI de los garantes
✔️ Factura de servicio para acreditar domicilio
📞 Coordiná tu visita y conocé esta excelente oportunidad de alquiler.
SANTOS ÁNGELES INMOBILIARIA® – Matr. 1400 🏡✨",60096-208
inmoclick:60376-23,inmoclick,60376,23,https://inmoclick.com/60376-aconcagua-propiedades/inmuebles/23/ficha/departamento-en-alquiler-en-ozamis-100,2026-09-09,,900000.0,ARS,10000.0,90.0,110.0,,,2.0,Departamento,Alquiler,,,Maipu,Mendoza,Ozamis 100,-32.98573596759697,-68.79085063934328,Garage/Cochera,,,,,,,,aconcagua propiedades,Inmobiliaria,False,False,,"Alquiler de Departamento 2 Dormitorios en Maipu

Ubicación y entorno: Ubicado sobre calle Ozamis, en una zona estratégica de Maipú, con excelente accesibilidad y cercanía a comercios, servicios y principales vías de circulación.

Características principales:

- Superficie cubierta: 90 m²

- Superficie total: 110 m²

- Primer piso

- 2 dormitorios con placards

- 2 baños 

- Cocina equipada con artefacto de cocina y campana

- Living 

- Gran balcón

- Cochera para 1 vehículo con ingreso automatizado

- Ascensor

- Portero con visor

- Termotanque

- Todos los servicios

VALOR PUBLICADO + EXPENSAS 

XINTEL (INA-INA-105)",60376-23
inmoclick:60376-31,inmoclick,60376,31,https://inmoclick.com/60376-aconcagua-propiedades/inmuebles/31/ficha/departamento-en-alquiler-en-mercedes-tomasa-300,2026-09-09,,980000.0,ARS,10315.78947368421,95.0,100.0,,,2.0,Departamento,Alquiler,,,Maipu,Mendoza,Mercedes Tomasa  300,-32.9810383,-68.7928182,Garage/Cochera,,,,,,,,aconcagua propiedades,Inmobiliaria,False,False,,"Alquiler de Duplex 2 Dormitorios en Maipú, Maipú 
 
 

Ubicado sobre calle Mercedes Tomasa de San Martín 350, Dúplex 10 de Maipú. Excelente entorno residencial, con cómodos accesos y cercanía a comercios, servicios y principales vías de circulación.

Características principales:

- Superficie cubierta: 95 m²

- Superficie total: 100 m²

- Living luminoso

- Cocina equipada con artefacto de cocina y termotanque

- 2 dormitorios con placard

- Baño principal completo

- Baño de visita

- Patio

- Cochera techada para un vehículo

- Calefacción por radiadores

- Luminarias instaladas

- Rejas y portón automatizado

- Conexiones listas para instalar aires acondicionados

- Espacios comunes parquizados

- Luz, gas, agua y cloacas.

VALOR PUBLICADO + EXPENSAS 

XINTEL (INA-INA-140)",60376-31
inmoclick:61179-294,inmoclick,61179,294,https://inmoclick.com/61179-branko-molinari/inmuebles/294/ficha/departamento-en-alquiler-en-rivadavia-530,2026-09-09,,750000.0,ARS,7500.0,100.0,100.0,4.0,3.0,2.0,Departamento,Alquiler,Excelente,25.0,Capital,Mendoza,Rivadavia 530,-32.8908456,-68.8466901,Sin Cochera,1.0,False,False,False,,False,,branko molinari,Inmobiliaria,False,False,,"Se alquila semi piso de 3 dormitorios. 

Ubicado a metros de plaza Independencia sobre calle Rivadavia 530, ciudad de Mendoza, segundo piso por ascensor y escalera, cuenta con una superficie de 100 m cubiertos. 

•	Living comedor luminoso con ventanal y salida al balcón, 3 habitaciones con piso de parquet y placares empotrados de gran capacidad, 2 baños en total, uno completo con bañera y un baño de visitas con ducha. 

•	Cocina independiente y sector de lavanderías separado. 

•	No cuenta con cochera. 

Condiciones del contrato:

•	Canon mensual: $750.000 pesos. 
•	Duración: 2 años. Actualización ajuste trimestral por IPC. 

Restricciones: no se aceptan mascotas. 

Requisitos:
•	justificación de ingresos del inquilino.
•	Dos (2) garantías con solvencia comprobable. 

Conceptos a abonar: 
•	Mes de ingreso, honorarios inmobiliarios y certificación de firmas.",61179-294
inmoclick:61179-334,inmoclick,61179,334,https://inmoclick.com/61179-branko-molinari/inmuebles/334/ficha/departamento-en-alquiler-en-coronel-rodriguez-y-clark,2026-09-09,,600000.0,ARS,11538.46153846154,52.0,62.0,3.0,2.0,1.0,Departamento,Alquiler,Excelente,20.0,Capital,Mendoza,Coronel rodriguez y clark,-32.8937966,-68.8532488,Sin Cochera,1.0,False,False,False,,False,,branko molinari,Inmobiliaria,False,False,,"Alquiler en la Quinta Sección, Mendoza: Departamento en Planta Baja sin Expensas.

Ubicado en la prestigiosa esquina de Rodríguez y Clark, en el corazón de la Quinta Sección, este departamento combina una ubicación inmejorable con la practicidad de la planta baja. 

Con una superficie cubierta propia 52,95 m2 y 
superficie cubierta total de 62,33 m2.

Distribuido en living-comedor, incluye un práctico espacio de guardado (baulera) integrado, cocina independiente con buena ventilación, dos dormitorios cómodos, ambos equipados con placares empotrados y un baño completo. 

Acceso a terraza de uso común.

Sin cochera.",61179-334
inmoclick:62143-3,inmoclick,62143,3,https://inmoclick.com/62143-gaby-quagliariello/inmuebles/3/ficha/departamento-en-alquiler-en-patricias-mendocinas-559,2026-09-09,,690000.0,ARS,10615.384615384615,65.0,80.0,4.0,2.0,1.0,Departamento,Alquiler,Excelente,30.0,Godoy Cruz,Mendoza,Patricias Mendocinas 559,-32.9052605,-68.8511973,Sin Cochera,1.0,False,,False,,,,gaby quagliariello,Dueno Directo,True,False,,"Dueño directo

Dueña alquila, departamento tipo casa en planta baja. Muy luminoso, dos dormitorios, living, cocina comedor, baño, dos patios internos de uso exclusivo, amplio placard, sin cochera. Amoblado y equipado con vajilla completa, y algunos enseres. 

Ubicado en Barrio Bombal, sobre calle Patricias Mendocinas a media cuadra de Beltrán. Zona muy tranquila y segura de Godoy Cruz, cercana al Centro Cívico, y al Parque Gral. San Martín, la zona cuenta con servicios de colectivos, ciclovía y metrotranvía. 
No paga expensas.
Superficie: 80 metros total/65 metros cubiertos
Requisitos: un solicitante con bono o ingresos comprobables, dos garantes con bono o propiedad, mes de alquiler, mes de depósito. Contrato por 12 a 36 meses, con aumentos trimestrales.
(Por mascotas, consultar).",62143-3
inmoclick:63262-17,inmoclick,63262,17,https://inmoclick.com/63262-g-m/inmuebles/17/ficha/departamento-en-alquiler-en-lavalle-35,2026-09-09,,450000.0,ARS,10000.0,45.0,45.0,2.0,1.0,1.0,Departamento,Alquiler,Muy Bueno,,Capital,Mendoza,Lavalle 35,-32.88885457760803,-68.8379703693115,Sin Cochera,,,,,45000.0,,,g m,Dueno Directo,True,False,,"---DUEÑO ALQUILA----Departamento DOS AMBIENTES CON MUCHA LUMINOSIDAD , dormitorio matrimonial con Amplio Placard , Estar Amplio separado de la cocina, ubicado en Pleno centro de Mendoza a 150 mtros del KM CERO (Peatonal y Av. San Martin ) Edificio seguro , Monitoriado 24hs 

Bajas Expensas

REQUISITOS: Solicitante con ingresos justificables, y 2 garantes con bono de sueldoonsultá directamente con el propietario para coordinar visitas y conocer condiciones.",63262-17
inmoclick:64706-2,inmoclick,64706,2,https://inmoclick.com/64706-juan-pablo-chiodini/inmuebles/2/ficha/departamento-en-alquiler-en-pasaje-nobel-2902,2026-09-09,,450000.0,ARS,8181.818181818182,55.0,55.0,4.0,2.0,1.0,Departamento,Alquiler,Muy Bueno,6.0,Guaymallen,Mendoza,Pasaje nobel 2902,-32.904870988595064,-68.80481614900539,Sin Cochera,,,,False,,,,juan pablo chiodini,Inmobiliaria,False,False,,"DUEÑO ALQUILA DEPARTAMENTO
SE ENCUENTRA EN PRIMER PISO POR ESCALERA. CUENTA CON: COCINA COMEDOR - BAÑO COMPLETO - DOS DORMITORIOS. SIN COCHERA.
UBICADO EN EL BARRIO UNIMEV (VILLANUEVA, GUAYMALLÉN) - BUENOS ACCESOS - TRANSPORTE PÚBLICO - SUPERMERCADOS - FARMACIAS - ETC...",64706-2
inmoclick:6600-330,inmoclick,6600,330,https://inmoclick.com/6600-quercetti-propiedades/inmuebles/330/ficha/departamento-en-alquiler-en-catamarca-135,2026-09-09,,390000.0,ARS,13000.0,30.0,30.0,,1.0,1.0,Departamento,Alquiler,Bueno,50.0,Capital,Mendoza,Catamarca 135,-32.8898299,-68.83646529999999,Sin Cochera,,,False,,38000.0,False,,quercetti propiedades,Inmobiliaria,False,False,,"QUERCETTI PROPIEDADES ALQUILA MONOAMBIENTE EN EXCELENTE UBICACION DEL MICROCENTRO MENDOCINO - BAJAS EXPENSAS:

- Ubicación: calle Catamarca N° 135, entre Rioja y San Juan, lindante Universidad del Aconcagua, Ciudad de Mendoza

- Cuarto Piso por Ascensor:
* Kitchenette con termotanque eléctrico, con placard grande de 4 puertas y baulera
* Baño completo
* Pisos de parquet
* Sin Cochera

- Canon: $390.000
- Expensas: $38.000

Más información a:
QUERCETTI PROPIEDADES (Mat. 313 - Mat. 1.523)",6600-330
inmoclick:6600-508,inmoclick,6600,508,https://inmoclick.com/6600-quercetti-propiedades/inmuebles/508/ficha/departamento-en-alquiler-en-urquiza-364,2026-09-09,,650000.0,ARS,8125.0,80.0,100.0,3.0,2.0,2.0,Departamento,Alquiler,Excelente,,Guaymallen,Mendoza,Urquiza 364,,,Garage/Cochera,,,,,,False,,quercetti propiedades,Inmobiliaria,False,False,,"QUERCETTI PROPIEDADES alquila hermoso departamento en "" Complejo CEPAS"", ubicado en calle Urquiza Nº 364, Villa Nueva, Guaymallén, Mendoza. Excelente zona de complejos y barrios privados, a metros de Bandera de los Andes y Lateral Acceso Este. Salida rápida al Acceso, a metros de parada de colectivos y con un pequeño centro comercial.

Descripción de la propiedad:
- Primer piso por escalera
- Estar - comedor
- Cocina
- Lavandería
- 2 habitaciones con placares
- 2 baños completo.
- Patio
- Cochera techada
- Amplios espacios comunes.

Canon Mensual $650.000 + Expensas

Quercetti Propiedades (Mat. 313 - 1523)",6600-508
inmoclick:6600-531,inmoclick,6600,531,https://inmoclick.com/6600-quercetti-propiedades/inmuebles/531/ficha/departamento-en-alquiler-en-mexico-489,2026-09-09,,650000.0,ARS,11818.181818181818,55.0,55.0,,2.0,1.0,Departamento,Alquiler,Muy Bueno,,Guaymallen,Mendoza,Mexico 489,,,Cochera Pasante,,,,,,False,,quercetti propiedades,Inmobiliaria,False,False,,"Quercetti Propiedas Alquila hermoso departamento ubicado en calle México Nº489, Dorrego, Guaymallen, a metros de Universidad Mazza ( 2 cuadras Acc. Este y 4 Cuadras Acc. Sur).
-La propiedad se encuentra en Planta Baja, cuenta con 2 dormitorios, un Living-comedor, Cocina, 1 baño, patio, cochera techada y portón automático. También con servicio de Sum y Terraza.
- Canon Inicial $650.000,00
- Se pagan expensas que incluyen servicios.

QUERCETTI PROPIEDADES (Mat. )
Mail: quercettipropiedades@gmail.com
Cel. Nº:",6600-531
inmoclick:6600-540,inmoclick,6600,540,https://inmoclick.com/6600-quercetti-propiedades/inmuebles/540/ficha/departamento-en-alquiler-en-maipu-166,2026-09-09,,550000.0,ARS,13750.0,40.0,40.0,,,1.0,Departamento,Alquiler,Excelente,1.0,Godoy Cruz,Mendoza,Maipú 166,-32.91183228718901,-68.84717518280333,Garage,1.0,False,,,50000.0,False,,quercetti propiedades,Inmobiliaria,False,False,,"Monoambiente amplio y listo para habitar en Bombal Sur, Godoy Cruz, ubicado en planta baja sobre calle Maipú. Con aproximadamente 40 m² cubiertos, este departamento se destaca por su luminosidad y distribución funcional, ideal para quien busca comodidad y practicidad en una de las zonas más tradicionales y conectadas de la ciudad.

Características principales:
- 🛏️ Superficie cubierta: aprox. 40 m² 
- ☀️ Estar super luminoso 
- 🍽️ Cocina integrada
- 🧺 Espacio para lavarropas 
- 🚿 Baño completo amplio con antebaño separado 
- 👗 Dormitorio integrado con placard 
- 🚗 Estacionamiento disponible 
- ❄️ Aire acondicionado frío/calor 

Equipamiento y confort:
- 💡 Artefactos de iluminación y cortinas

Seguridad y acceso:
- 🔒 Portón automático domotizado (apertura desde celular) 
- 🎥 Cámaras de vigilancia con acceso remoto

Ubicación estratégica: a pasos del Metrotranvía, a 2 cuadras de calle San Martín y con rápido acceso al centro de Mendoza. Próximo a supermercados, comercios, centros médicos, instituciones educativas, espacios verdes, gimnasios, paradas de colectivo y una destacada oferta gastronómica. Un espacio luminoso, funcional y totalmente equipado que ofrece una experiencia de vivienda práctica y confortable desde el primer día.",6600-540
inmoclick:6600-543,inmoclick,6600,543,https://inmoclick.com/6600-quercetti-propiedades/inmuebles/543/ficha/departamento-en-alquiler-en-25-de-mayo-y-lateral-sur-acceso-este,2026-09-09,,660000.0,ARS,8250.0,80.0,80.0,,3.0,1.0,Departamento,Alquiler,Muy Bueno,,Guaymallen,Mendoza,25 De Mayo y Lateral Sur Acceso Este,,,Garage/Cochera,,,,,,False,,quercetti propiedades,Inmobiliaria,False,False,,"QUERCETTI PROPIEDADES ALQUILA DEPARTAMENTO EN TORRES DEL BARRIO UNIMEV, GUAYMALLEN:

- Ubicación: Barrio Unimev, Torre T-6, Guaymallén. Excelente ubicación y rápidos accesos.

- Superficies:
* Cubierta Propia: 80,82 m2
* Superficie Cubierta Común: 19,03 m2
* Superficie Cubierta Total: 99,85 m2

- QUINTO PISO POR ASCENSOR:
* Living Comedor con Estufa
* Cocina Comedor con Lavandería Integrada y Aparato de Cocina
* Tres Dormitorios con Placares
* Un Baño
* El edificio cuenta con playa de estacionamiento sin techar y sin cochera designada

- Canon: $660.000 + Expensas

Más información a:
QUERCETTI PROPIEDADES (Mat. 313/1523)
Celular: (Whatsapp)",6600-543
inmoclick:6600-544,inmoclick,6600,544,https://inmoclick.com/6600-quercetti-propiedades/inmuebles/544/ficha/departamento-en-alquiler-en-arenales-416,2026-09-09,,380000.0,ARS,10857.142857142857,35.0,35.0,,1.0,1.0,Departamento,Alquiler,Muy Bueno,,Guaymallen,Mendoza,Arenales 416,,,Sin Cochera,,,,False,,False,,quercetti propiedades,Inmobiliaria,False,False,,"QUERCETTI PROPIEDADES ALQUILA MONOAMBIENTE EN EXCELENTE UBICACIÓN DE VILLA NUEVA:

- Ubicación: calle Arenales Nº416 a metros de Bandera de los Andes, Villa Nueva, Guaymallén

- MONOAMBIENTE FRONTAL A ARENALES:
* Estar amplio con ventanal a la calle
* Cocina con mesada, estante, bacha y bajo mesada
* Baño completo con calefón eléctrico

* Todos los servicios
* Sin Cochera
* Sin expensas

- Canon Mensual: $ 380.000

Más información a:

QUERCETTI PROPIEDADES (Mat. 313)
España N° 985, 2do Piso Dpto B, Ciudad de Mendoza
Cel: (00 (WhatsApp)
Mail: quercettipropiedades@gmail.com",6600-544
inmoclick:66533-4,inmoclick,66533,4,https://inmoclick.com/66533-carolina-dominguez/inmuebles/4/ficha/departamento-en-alquiler-en-juan-cruz-vera-673,2026-09-09,,540000.0,ARS,12000.0,45.0,46.0,,1.0,1.0,Departamento,Alquiler,Muy Bueno,12.0,Capital,Mendoza,Juan Cruz Vera 673,,,Sin Cochera,1.0,,,False,,False,,carolina dominguez,Dueno Directo,True,False,,"Alquiler departamento cuarta sección para una o dos personas adultas:

-opción 1: contrato por 1 año. $ x mes, impuestos aparte, aumentos trimestrales según IPC. Mes de alquiler y mes de depósito. Se pide solicitante con bono y dos garantes con bono 

-opción 2: contrato temporario por un mes 
$ incluye amoblamiento, impuestos e internet. Luz incluye hasta 120kw, si se gasta más, se paga aparte. 
Para ingresar se pide DNI , mes de alquiler y $60000 de garantía para la luz.",66533-4
inmoclick:672-372,inmoclick,672,372,https://inmoclick.com/672-correa-servicios-inmobiliarios/inmuebles/372/ficha/departamento-en-alquiler-en-rufino-ortega-210,2026-09-09,,1200000.0,ARS,12000.0,100.0,140.0,4.0,2.0,2.0,Departamento,Alquiler,Excelente,19.0,Capital,Mendoza,Rufino Ortega 210,-32.891520956841475,-68.8535327721533,Garage,1.0,False,False,,80000.0,False,,correa servicios inmobiliarios,Inmobiliaria,False,False,,"CORREA Servicios Inmobiliarios ALQUILA:
Magnifico departamento semipiso frontal, en excelente estado, espaciosos y luminosos, con amplio living comedor, cochera propia, el mismo se ubica próximo al centro de Mendoza, cuenta con living comedor, cocina comedor, dos dormitorios, dos baño, uno completo otro de visitas, cochera con acceso automatizado, terraza con churrasquero y amplia baulera 
Equipado, posee aire acondicionado, luminarias, los cortinados, rejas de seguridad en todas sus aberturas, mobiliario de cocina completo, extractor purificador, termotanque y cocina. 
BAJAS EXPENSAS 
1 REQUISITOS del solicitante: pueden sumar ingresos los conyugues.
DNI y demostración de ingresos reales con bonos de sueldo.
2 REQUISITOS de los Garantes (mínimo dos)
DNI y demostración de ingresos reales con bonos de sueldo.
Boleta de impuesto o servicios para verificar domicilio real 
3 IMPORTANTE en todos los casos el ingreso a demostrar debe ser acorde al canon a afrontar y al grupo familiar conviviente, tener como mínimo un año de antigüedad laboral comprobable.",672-372
inmoclick:672-661,inmoclick,672,661,https://inmoclick.com/672-correa-servicios-inmobiliarios/inmuebles/661/ficha/departamento-en-alquiler-en-av-colon-452,2026-09-09,,700000.0,ARS,10000.0,70.0,100.0,5.0,3.0,2.0,Departamento,Alquiler,Excelente,35.0,Capital,Mendoza,Av. Colon 452,-32.8940206,-68.8465685,Sin Cochera,1.0,False,False,,80000.0,False,,correa servicios inmobiliarios,Inmobiliaria,False,False,,"CORREA Servicios Inmobiliarios ALQUILA:
Magnifico departamento, en excelente estado, espaciosos y luminosos, con balcón y, el mismo se ubica en calle Colon casi Mitre, y cuenta con living comedor con salida al balcón, cocina en línea tipo americana vinculad al balcón, tres dormitorios con placares, un baño completo y baño de visitas. 
EXCELNTE ESTADO 
PORTERIA Y VIGILANCIA 24 HS , CAMARAS DE SEGURIDAD 
POSIBILIDADES DE DISPONER DE COCHERA 
1 REQUISITOS del solicitante: pueden sumar ingresos los cónyuges.
DNI y demostración de ingresos reales con bonos de sueldo.
2 REQUISITOS de los Garantes (mínimo dos)
DNI y demostración de ingresos reales con bonos de sueldo.
Boleta de impuesto o servicios para verificar domicilio real 
3 IMPORTANTE en todos los casos el ingreso a demostrar debe ser acorde al canon a afrontar y al grupo familiar conviviente, tener como mínimo un año de antigüedad laboral comprobable.
4 CONDICIONES de la locación
Contrato por dos años, ajuste cada 4 meses ICL, se debe abonar mes en curso, depósito en garantía (se podría abonar en dos veces), honorarios inmobiliarios y certificaciones de firma de solicitantes y garantes.",672-661
inmoclick:672-673,inmoclick,672,673,https://inmoclick.com/672-correa-servicios-inmobiliarios/inmuebles/673/ficha/departamento-en-alquiler-en-barrio-inka-rio-salado-esquina-las-acacias,2026-09-09,,560000.0,ARS,8000.0,70.0,80.0,,2.0,1.0,Departamento,Alquiler,Excelente,2.0,Guaymallen,Mendoza,"Barrio Inka, Río Salado esquina Las Acacias",-32.926981,-68.76870989999999,Garage,,,,False,,False,,correa servicios inmobiliarios,Inmobiliaria,False,False,,"CORREA Servicios Inmobiliarios ALQUILA:
Departamento en planta alta por escalera en Barrio Inka. 
Posee living comedor amplio, cocina, balcón con churrasquera, baño con ante baño, dos dormitorios con placares y cochera para un vehículo.

SIN EXPENSAS

REQUISITOS
1 SOLCITANTE/ES
DNI de las personas que habitaran el inmueble.
Demostración de ingresos reales de los aportantes, bonos de sueldo

2 GARANTES (Se podrán solicitar más de dos de ser necesario)
DNI y bono de sueldo.
Escritura de inmueble a nombre del garante.

3 IMPORTANTE en todos los casos
El ingreso a justificar debe ser acorde al canon a pagar.
Poseer como mínimo de 2 años de antigüedad laboral
4 Contrato por 2 años ajuste cuatrimestral ICL

Se abona mes en curso, depósito en garantía (podría ser en dos veces), honorarios inmobiliarios y certificación de firmas.",672-673
inmoclick:672-674,inmoclick,672,674,https://inmoclick.com/672-correa-servicios-inmobiliarios/inmuebles/674/ficha/duplex-en-alquiler-en-zeballos-145,2026-09-09,,680000.0,ARS,8500.0,80.0,120.0,3.0,2.0,2.0,Duplex,Alquiler,Muy Bueno,10.0,Godoy Cruz,Mendoza,Zeballos 145,-32.9400775,-68.8495847,Garage,,,,,10000.0,False,,correa servicios inmobiliarios,Inmobiliaria,False,False,,"CORREA Servicios Inmobiliarios ALQUILA: Dúplex en complejo cerrado, compuesto en planta baja por cocina comedor amplia, baño de visitas o toillette; en planta alta posee dos dormitorios con placares completos, y un baño completo con bañera. Posee cochera.
El complejo tiene portón automatizado. Expensas bajas.

REQUSITOS
1 SOLICITANTE/ES
DNI y demostración de ingresos reales, bonos de sueldo.

2 GARANTES
Se podrán solicitar más de dos de ser necesario.
DNI y bono de sueldo.
Escritura de inmueble a nombre del garante.

3 IMPORTANTE en todos los casos
El ingreso a justificar debe ser acorde al canon a afrontar.
Poseer como mínimo de 2 años de antigüedad laboral.

4 Contrato por 2 años ajuste cuatrimestral.

5 Se abona mes en curso, depósito en garantía, honorarios inmobiliarios y certificación de firmas.",672-674
inmoclick:75479-30,inmoclick,75479,30,https://inmoclick.com/75479-lucia/inmuebles/30/ficha/departamento-en-alquiler-en-dr-orfila-s-n-entre-dr-perinetti-y-dr-gainza,2026-09-09,,980000.0,ARS,13066.666666666666,75.0,90.0,,2.0,1.0,Departamento,Alquiler,Excelente,,Las Heras,Mendoza,Dr. Orfila S/N (entre Dr. Perinetti y Dr. Gainza),-32.863665703886646,-68.8790303360928,Garage,,,,,50000.0,,,lucia,Dueno Directo,True,False,,"COMPLEJO A ESTRENAR!!!
Para quienes buscan vivir bien, en un ambiente tranquilo, seguro y de calidad premium.

- Departamentos planta baja: $980.000. Cochera techada, dos dormitorios completos con amplios placares, cocina con alacena y muebles instalados, gran baño, galería y jardín con churrasquera. 

- Departamentos planta alta: $880.000. Cochera techada, dos dormitorios completos con amplios placares, cocina con alacena y muebles instalados, gran baño y balcón con churrasquera.

El complejo cuenta solo con cuatro unidades. Todos los departamentos están equipados con piso VITE ARECA de primera categoría, rejas de calidad en todas las aberturas, doble vidrio para aislamiento térmico y acústico, grifería FV y artefactos eléctricos instalados. Portón automático de rápida apertura independiente para cada cochera y cerco eléctrico perimetral para garantizar la seguridad del complejo.

Expensas aproximadas: $50.000 (incluye seguro contra incendio, luz y agua de espacios comunes y limpieza semanal de cocheras, ingreso y áreas en común).",75479-30
inmoclick:76316-16,inmoclick,76316,16,https://inmoclick.com/76316-jorge-borque/inmuebles/16/ficha/departamento-en-alquiler-en-reconquista-199-godoy-cruz,2026-09-09,,680000.0,ARS,11333.333333333334,60.0,76.0,4.0,2.0,1.0,Departamento,Alquiler,Excelente,8.0,Godoy Cruz,Mendoza,Reconquista 199 Godoy  Cruz,-32.9206845,-68.8500521,Garage/Cochera,1.0,False,False,False,,False,No,jorge borque,Dueno Directo,True,False,,"DUEÑO DIRECTO ALQUILA HERMOSO DEPARTAMENTE EN LA MEJOR ZONA RESIDENCIAL DE GODOY CRUZ
A 150 metros del calle San Martín y a la mano de todos los servicios.
Hermoso living comedor, 2 dormitorios con placares y bauleras, excelente baño completo, todos los ambientes con gran luminosidad y ventolación.
Cocheratotalmente cerrada. Todas las aberturas con rejas, seguridad total, además hsy seguridad privada en la zona
TAMBIEN ES MUY APROPIADO PARA OFICINA/CONSULTORIO.-",76316-16
inmoclick:76974-389,inmoclick,76974,389,https://inmoclick.com/76974-acl-propiedades/inmuebles/389/ficha/departamento-en-alquiler-en-beltran-y-maipu,2026-09-09,,550000.0,ARS,15714.285714285714,35.0,35.0,,1.0,1.0,Departamento,Alquiler,Excelente,,Godoy Cruz,Mendoza,Beltrán y Maipú,-32.87505096302248,-68.83456419,Garage/Cochera,,,False,False,,False,,acl propiedades,Inmobiliaria,False,False,,"TACL PROPIEDADES - ALQUILA DPTO APTO OFICINA O VIVIENDA- TODO ELÉCTRICO - EN CALLE BELTRAN Y MAIPÚ - CUENTA CON COCINA COMEDOR, DORMITORIO, BAÑO, COCHERA Y BAULERA. Calefacción por radiadores. sin expensas por el momento. Canon mensual: $550.000 ajuste cada 4 meses por ICP (casa propia)
REQUISITOS:
- CANON MENSUAL
- DEPÓSITO EN GARANTÍA
- CERTIFICACIÓN DE FIRMAS
- HONORARIOS INMOBILIARIOS
- SIN MASCOTAS
- DEMOSTRAR SOLVENCIA
NO DUDES EN COORDINAR UNA VISITA",76974-389
inmoclick:76974-495,inmoclick,76974,495,https://inmoclick.com/76974-acl-propiedades/inmuebles/495/ficha/departamento-en-alquiler-en-25-de-mayo-1229,2026-09-09,,1400000.0,ARS,14000.0,100.0,129.0,,2.0,3.0,Departamento,Alquiler,Excelente,,Capital,Mendoza,25 de mayo 1229,-32.8879153,-68.846597,Garage/Cochera,,,False,,300000.0,False,,acl propiedades,Inmobiliaria,False,False,,"ACL PROPIEDADES - ALQUILA DPTO DE CATEGORÍA EN TORRE LAUREANA - SIN MUEBLES (fotos ilustrativas) - SEGURIDAD CON PERSONAL 24hs Y MONITOREADA POR CIRCUITO CERRADO - SUM - PISCINA - Bellísimo Loby de Recepción. Cuenta con amplio living comedor, cocina separada, lavandería, toilette, 2 balcones que le otorgan una excelente iluminación al inmueble, 2 dormitorios y cada uno de ellos cuenta con baño en suite. Cochera con portón automatizado. Detalles importantes: Todas los ambientes tienen sus cortinas blackout. Roller en cocina y lavandería. 2 camas de 1 plaza y 1 queen. Luminaria en cocina, lavandería y habitaciones. Opción de entregar con las camas. No se aceptan mascotas. Canon mensual $1.400.000 + expensas ($300.000) - CONTRATO POR 1 o 2 años con ajustes trimestrales x ICL
Requisitos:
- Solicitante y garantes demostrar ingresos 
- Mes de alquiler 
- Depósito en garantía 
- Honorarios Inmobiliarios 
- Certificación de firmas
- Seguro contraincendios 
 No dudes en coordinar una visita",76974-495
inmoclick:76974-580,inmoclick,76974,580,https://inmoclick.com/76974-acl-propiedades/inmuebles/580/ficha/departamento-en-alquiler-en-brasil,2026-09-09,,680000.0,ARS,9714.285714285714,70.0,70.0,,2.0,1.0,Departamento,Alquiler,Excelente,,Lujan de Cuyo,Mendoza,Brasil,-32.96466237554578,-68.85160241132398,Garage/Cochera,,,False,,25000.0,False,,acl propiedades,Inmobiliaria,False,False,,"ACL PROPIEDADES- DPTO EN ALQUILER EN CARRODILLA - Muy bien ubicado con accesos rápidos a la ciudad y a diferentes puntos de la provincia. PRIMER PISO POR ESCALERA - Cuenta con living comedor, cocina con amoblamiento completo, balcón, 2 dormitorios con placares, baño y cochera. CANON MENSUAL $680.000 (ajuste cuatrimestral por ICL) Expensas $25.000
Requisitos:
- Solicitantes y garantes demostrar ingresos suficientes
- Al ingresar deben abonar: mes de alquiler, depósito en garantía, honorarios inmobiliarios y certificación de firmas.
- No se aceptan mascotas
- No dudes en coordinar una visita",76974-580
inmoclick:76974-582,inmoclick,76974,582,https://inmoclick.com/76974-acl-propiedades/inmuebles/582/ficha/departamento-en-alquiler-en-felix-bogado-67,2026-09-09,,450000.0,ARS,10000.0,45.0,45.0,,1.0,1.0,Departamento,Alquiler,Excelente,,Capital,Mendoza,Felix Bogado 67,-32.8696932,-68.83475609999999,Garage/Cochera,,,,,3000.0,False,,acl propiedades,Inmobiliaria,False,False,,"ACL PROPIEDADES - ALQUILA HERMOSO DPTO. En ciudad a metros de Av. San Martín. Excelente ubicación y con amplias líneas de transporte, el departamento se encuentra en primer piso por escalera, cuenta con amplio living comedor “muy iluminado”, un dormitorio con placar, baño completo y cochera. Expensas: $3000 (tres mil) - CANON MENSUAL: $450.000 - ajustes cada 4 meses por ICL
REQUISITOS:
 - Solicitante y garantes demostrar ingresos.
- Canon mensual 
- Depósito en garantía 
- Seguro contraincendios 
- Certificación de firmas
- Honorarios Inmobiliarios 
NO DUDES EN COORDINAR UNA VISITA",76974-582
inmoclick:76974-583,inmoclick,76974,583,https://inmoclick.com/76974-acl-propiedades/inmuebles/583/ficha/departamento-en-alquiler-en-25-de-mayo-1158,2026-09-09,,350000.0,ARS,8750.0,40.0,40.0,,1.0,1.0,Departamento,Alquiler,Muy Bueno,,Las Heras,Mendoza,25 de mayo 1158,-32.8542853,-68.8315897,Sin Cochera,,,False,,20000.0,,,acl propiedades,Inmobiliaria,False,False,,"ACL PROPIEDADES- ALQUILA DPTO EN PLANTA BAJA - LAS HERAS - Se desarrolla en 2 plantas: Cuenta con living comedor con cocina integrada, en planta alta posee un baño y 1 dormitorio, sin cochera. Todos los servicios. Canon mensual $350.000 ajustes cada 4 meses por ICL - contrato por 2 años 

REQUISITOS:
- Solicitante y garantes con bonos de sueldo
- Canon mensual
- Depósito en garantía
- Certificación de firmas
- Honorarios Inmobiliarios
- Seguro contraincendios
- Se acepta mascota pequeña 
No dudes en coordinar una visita",76974-583
inmoclick:76974-587,inmoclick,76974,587,https://inmoclick.com/76974-acl-propiedades/inmuebles/587/ficha/departamento-en-alquiler-en-balcarce-657,2026-09-09,,750000.0,ARS,10000.0,75.0,80.0,,2.0,1.0,Departamento,Alquiler,Muy Bueno,,Godoy Cruz,Mendoza,Balcarce 657,-32.918352,-68.84053300000001,Garage/Cochera,,,False,,40000.0,,,acl propiedades,Inmobiliaria,False,False,,"ACL PROPIEDADES - ALQUILA HERMOSO DPTO EN PLANTA BAJA - Ubicado en un complejo cerrado, excelente zona, se distribuye en una sola planta, cuenta con amplio living comedor, cocina, 2 dormitorios con placar, patio y cochera. Se entrega con 2 calefactores, artefacto de cocina y caloventor. Canon mensual: $750.000 + expensas $40.000 (contrato por 2 años y ajustes cada 4 meses por ICL)
Requisitos:
- Solicitantes y garantes demostrar ingresos
- Canon mensual, depósito en garantía 
- Certificación de firmas
- Honorarios Inmobiliarios 
- Se debe contratar seguro contraincendios 
- Se acepta mascota 

No dudes en coordinar una visita",76974-587
inmoclick:76989-37,inmoclick,76989,37,https://inmoclick.com/76989-roma-propiedades/inmuebles/37/ficha/departamento-en-alquiler-en-martinez-de-rozas,2026-09-09,,990000.0,ARS,11000.0,90.0,120.0,,2.0,2.0,Departamento,Alquiler,Excelente,,Capital,Mendoza,Martinez de Rozas,-32.89773199234249,-68.85677918102552,Garage/Cochera,,,,,90000.0,False,,roma propiedades,Inmobiliaria,False,True,,"Roma Propiedades alquila este excelente departamento, ubicado en calle Martinez de Rosas, en el corazón de 5ta. Sección. A escasas cuadras de calle Aristides Villanueva.
Departamento en 3° piso, cuenta con dos dormitorios con placares; baño instalado completo; amplio estar comedor con vistas y gran balcón-terraza; baño de visita; amplia cocina – lavadero. Cochera cubierta y baulera.
El complejo cuenta con portón eléctrico, ascensor. Amenities: SUM en terraza con churrasquera, baño y excelentes vistas.",76989-37
inmoclick:76989-40,inmoclick,76989,40,https://inmoclick.com/76989-roma-propiedades/inmuebles/40/ficha/duplex-en-alquiler-en-manzana-d-lote-6,2026-09-09,,690000.0,ARS,9200.0,75.0,110.0,,2.0,2.0,Duplex,Alquiler,Muy Bueno,,Maipu,Mendoza,manzana D - lote 6,-32.97584308129162,-68.80861403812828,Garage/Cochera,,,,False,,False,,roma propiedades,Inmobiliaria,False,False,,"Roma Propiedades alquila un Dúplex, con las siguientes comodidades: Planta Baja: Cochera; Living - comedor; Cocina - Lavandería, Baño de servicio, amplio Patio; Planta Alta: Dos dormitorios y baño instalado completo.

Requisitos:
Solicitante y tres garantes
Documentación:
últimos 3 bonos de sueldo
DNI
Actualización:
Trimestral según ICL",76989-40
inmoclick:79085-280,inmoclick,79085,280,https://inmoclick.com/79085-shelter-propiedades/inmuebles/280/ficha/departamento-en-alquiler-en-o-higgins-1460-casi-pellegrini,2026-09-09,,530000.0,ARS,13250.0,40.0,40.0,2.0,1.0,1.0,Departamento,Alquiler,Excelente,4.0,Godoy Cruz,Mendoza,O'Higgins 1460 casi Pellegrini,-32.90881830587404,-68.85355656750029,Garage/Cochera,1.0,False,False,,50000.0,False,,shelter propiedades,Inmobiliaria,False,False,,"Alquiler de departamento en complejo privado sobre calle Ohiggings n° 1460 casi Pellegrini, Godoy Cruz. Excelente ubicación y entorno, a tan solo 1 cuadras de la ciclovia y la parada del tranvía, gran variedad de lineas de colectivos, haciendo que sea muy ameno dirigirse a cualquier punto cardinal.

El departamento se encuentra en un complejo privado en un primer piso por escalera.

El inmueble constas de
1 dormitorio con Placard
Cocina
Living comedor
1 baño completo
Cochera para 1 vehículo

No sé aceptan mascotas por reglamento del consorcio. 

Requisitos:
Demostración de ingresos de quién vaya a ser el inquilino (bono de sueldo o Monotributo)
2 garantes con bono de sueldo o con propiedad.

Contrato por 2 años con aumento cuatrimestral según IPC.",79085-280
inmoclick:79085-304,inmoclick,79085,304,https://inmoclick.com/79085-shelter-propiedades/inmuebles/304/ficha/departamento-en-alquiler-en-condominios-dalvian,2026-09-09,,1000.0,USD,14.285714285714286,70.0,70.0,4.0,2.0,2.0,Departamento,Alquiler,Excelente,12.0,Las Heras,Mendoza,Condominios Dalvian,-32.85937615322473,-68.89155220701709,Sin Cochera,1.0,,False,,460000.0,False,,shelter propiedades,Inmobiliaria,False,False,,"Alquiler de precioso de departamento en Condominios Dalvian, excelente ubicación y entorno, siendo uno de los mejores y más prestigioso Barrio Privado de la Provincia, teniendo incalculable beneficios y prestaciones para sus habitantes.
Se encuentra a 10 minutos del centro de Mendoza, a 5 minutos del Parque General San Martín, frente al centro comercial Lomas dónde existe gran variedad de negocios de todos los rubros y un centro Médico, aledaño supermercados, colegios, etc. 

El Barrio consta de: 

-Canchas de Golf, futbol, básquet, tenis, etc
- Caballerizas
- Jardín de niños.
- Transfer con destino al centro de Mendoza.
- Club house con piscina.
- Gimnasio 
- SUM con parrilla para eventos sociales.

El edificio posee:

- Guardia las 24hs.
- Gimnasio 
- Piscina
- Solárium.

El Departamento se encuentra en un segundo piso y tiene:

- 2 dormitorios (1 con baño en suite con vestidor y el otro solamente con vestidor)
- Amplio living comedor.
- Cocina. 
- Lavandería.
- 2 baños ( 1 en suite y el otro con amplios placares en su ante baño).
- Gigantesco balcón donde todos los ambientes dan al mismo a través de puertas ventanas con una maravillosa vista a la ciudad.
- Calefacción central por radiadores.
- Carpinteria doble vidrio (dvh) de primera calidad.
- Aires acondicionados en todos los ambientes.
-Todas las luminarias.
- Cortinado completo de diseño en todos los ventanales.",79085-304
inmoclick:79085-307,inmoclick,79085,307,https://inmoclick.com/79085-shelter-propiedades/inmuebles/307/ficha/duplex-en-alquiler-en-juan-b-justo-949-entre-renato-zanzin-y-necochea,2026-09-09,,730000.0,ARS,7300.0,100.0,80.0,4.0,2.0,2.0,Duplex,Alquiler,Excelente,10.0,Godoy Cruz,Mendoza,Juan B. Justo 949 entre Renato Zanzin y Necochea,-32.90627850242177,-68.85538084835073,Sin Cochera,2.0,False,False,,10000.0,False,,shelter propiedades,Inmobiliaria,False,False,,"Alquiler de duplex ubicado sobre calle Juan B. justo n° 949 entre Renato Zanzin y Necochea, excelente ubicación y entorno, a tan solo 2 cuadra del metrotranvia y la ciclovía que vincula la ciudad de Mendoza con Lujan, gran variedad de lineas de colectivos, supermercados aledaños, amplia gama de negocios de ramos generales. Cómo también se encuentra a 4 cuadras de calle Moreno, y estando muy cerca del Parque Gral. San Martin.

El duplex posee

Planta Baja:

Amplio Living comedor
Cocina Comedor
1 baño tipo toilette
Patio con jardín

Planta Alta:

2 dormitorios con Placard
1 baño amplio

No posee Cochera

Requisitos:
-Demostración de ingresos de quién vaya a ser el inquilino que puede ser con bono de sueldo o con certificación de ingresos.
-2 garantes con bono de sueldo o con propiedad.",79085-307
inmoclick:80446-96,inmoclick,80446,96,https://inmoclick.com/80446-tonelli-propiedades/inmuebles/96/ficha/departamento-en-alquiler-en-ugarte,2026-09-09,,370000.0,ARS,370000.0,1.0,1.0,,1.0,1.0,Departamento,Alquiler,Excelente,,San Martin,Mendoza,Ugarte,-33.09036008852015,-68.46775601395933,Sin Cochera,,,,,1.0,False,,tonelli propiedades,Inmobiliaria,False,False,superficie fuera de rango,"Departamento en Alquiler.
Ubicacion: Calle Ugarte ( a metros de calle Pirovano) , San Martin, Mendoza.
1 Dormitorio
Baño
Cocina y Comedor
Sin Cochera
Precio: $370.000
www.tonellipropiedades.com.ar / Redes: Tonelli Propiedades
Descripcion: Excelente ubicacion en San Martin, a metros de Calle Pirovano. Complejo de 4 Departamentos. 
Departamento en Primer Piso (Por Escalera). No se Reciben Mascotas! 
Todo Electrico.
Requisitos: 2 Garantes con Bono de Sueldo, Monotributista o con propiedades.
Mes de Alquiler + Mes de Deposito + Honorarios Inmobiliaria",80446-96
inmoclick:81181-15,inmoclick,81181,15,https://inmoclick.com/81181-maxi-caratti/inmuebles/15/ficha/departamento-en-alquiler-en-jofre-81,2026-09-09,,550000.0,ARS,12222.222222222224,45.0,45.0,2.0,1.0,1.0,Departamento,Alquiler,Excelente,15.0,Capital,Mendoza,Jofré 81,-32.899907485501515,-68.8622661740918,Sin Cochera,2.0,,False,,45000.0,False,,maxi caratti,Inmobiliaria,False,False,,"Dueño. Oportunidad de alquiler un departamento de 1 dormitorio en el hermoso edificio Marlisa, ubicado a 1 cuadra del parque Gral. San Martín. El departamento se ubica en un primer piso y se desarrolla en 2 plantas. En la primer planta cuenta con la cocina, estar comedor y la escalera para subir al piso superior donde encontramos un baño completo y un dormitorio con pisos de parquet y placard. La unidad cuenta con aire acondicionado y calefacción por estufa a gas. Por favor interesados contactarse por whatsapp al número de contacto. Gracias.",81181-15
inmoclick:84401-170,inmoclick,84401,170,https://inmoclick.com/84401-romina-porolli/inmuebles/170/ficha/departamento-en-alquiler-en-boedo-y-vieytes-cerca-chacras-de-coria,2026-09-09,,1300000.0,ARS,20967.74193548387,62.0,,3.0,2.0,1.0,Departamento,Alquiler,Excelente,,Lujan de Cuyo,Mendoza,"Boedo y Vieytes, cerca Chacras de Coria",-32.9894567,-68.8257631,,1.0,,,,,,,romina porolli,Inmobiliaria,False,False,,"HERMOSO DEPARTAMENTO 2 DORMITORIOS DISPONIBLE CON Y SIN AMOBLAR. *

Disponible a partir de JULIO 2026

Rincones de Boedo es un conjunto residencial con características sustentables, espacios amplios, cómodos, luminosos y funcionales. Se sitúa en la emblemática esquina de calles Boedo y Vieytes, lo cual permite estar a poca distancia de centros comerciales o paseos de compra como Vía Boedo, Álamo y Jumbo, además de la cercanía a Chacras de Coria y las principales bodegas de renombre de los caminos del vino.
 
Se trata de un espacio habitacional diseñado respetando el contexto natural priorizando la integración con los espacios verdes y una arquitectura pensada para maximizar la iluminación y ventilación natural en todos los ambientes.

La unidad ofrecida corresponde a la tipología B y cuenta con una superficie aproximada de 62 mtrs cubiertos.

Distribución de la unidad B ubicada en 2do Piso

Cocina equipada con isla con horno y anafe
Estar comedor de diario con vista al interior del complejo
2 dormitorios con placard
Antebaño y baño completo
Balcón
Cochera

Características y amenities:

– SUM
– Bike parking
– Cocheras
– Áreas verdes forestadas
– Pasarelas entre árboles
– Control de ingresos
– Ascensor
– Airbnb friendly
– PET friendly

VALOR MENSUAL:

SIN AMOBLAR: $1.300.000
AMOBLADO: $1.500.000(consultar amoblamiento)

Condiciones para el ingreso:

1 garante con bono de sueldo + 1 con titulo de propiedad (o seguro de caución)
1 mes de depósito en garantía
1 mes de alquiler adelantado

AJUSTE SEMESTRAL ICL

No se paga comisión inmobiliaria.

*Nota: hay imágenes del exterior e interior que contienen amoblamiento interior y paisajismo virtual a modo ilustrativo para visualizar el potencial de la propiedad.

Contáctenos para coordinar una visita.",84401-170
inmoclick:8483-705,inmoclick,8483,705,https://inmoclick.com/8483-lo-bello-propiedades/inmuebles/705/ficha/departamento-en-alquiler-en-natania-58,2026-09-09,,650000.0,ARS,13000.0,50.0,60.0,,1.0,1.0,Departamento,Alquiler,Excelente,,Lujan de Cuyo,Mendoza,NATANIA 58,-33.0146008,-68.8615272,Garage,,,,,50000.0,,,lo bello propiedades,Inmobiliaria,False,False,,"Lo bello propiedades alquila departamento a estrenar en barrio Natania 58 de Luján de Cuyo. El mismo consta de cocina comedor integrado , patio con churrasquera, baño completo , un dormitorio con placard, estacionamiento para un vehículo. Se admite mascota pequeña.

Requisitos : solicita.te y dos garantes todos con bonos de sueldo",8483-705
inmoclick:8483-711,inmoclick,8483,711,https://inmoclick.com/8483-lo-bello-propiedades/inmuebles/711/ficha/departamento-en-alquiler-en-cervantes-2452,2026-09-09,,670000.0,ARS,11166.666666666666,60.0,65.0,,2.0,1.0,Departamento,Alquiler,Excelente,,Godoy Cruz,Mendoza,CERVANTES 2452,-32.954706,-68.84848,Garage/Cochera,,,,,50000.0,,,lo bello propiedades,Inmobiliaria,False,False,,"Lo Bello Propiedades alquila hermoso departamento en complejo, planta alta , sobre carril cervantes. El mismo consta de cocina comedor ( no tiene artefacto de cocina) patio interno, baño completo, dos dormitorios con placard. Posee Cochera.

Requisitos : solicitantes y dos garantes todos con bonos de sueldo",8483-711
inmoclick:8483-713,inmoclick,8483,713,https://inmoclick.com/8483-lo-bello-propiedades/inmuebles/713/ficha/departamento-en-alquiler-en-cacheuta-956,2026-09-09,,600000.0,ARS,13333.333333333334,45.0,45.0,,1.0,1.0,Departamento,Alquiler,Excelente,,Godoy Cruz,Mendoza,cacheuta 956,-32.9339481,-68.8308277,Garage/Cochera,,,,,25000.0,False,,lo bello propiedades,Inmobiliaria,False,False,,"En esta oportunidad, Lo Bello Propiedades tiene el placer de presentar en alquiler un hermoso departamento ubicado en Godoy Cruz, Mendoza. Este acogedor espacio se encuentra en un primer piso por escalera y cuenta con un luminoso living comedor con cocina integrada, ideal para disfrutar de agradables momentos en familia o con amigos. Además, dispone de un dormitorio con placard empotrado, perfecto para organizar tus pertenencias de manera práctica y ordenada.

La propiedad cuenta con un baño completo, garantizando comodidad y privacidad para sus habitantes. Además, incluye una cochera descubierta, lo que brinda la comodidad de tener un espacio seguro para estacionar tu vehículo.

Con una superficie total de 45m2 y una superficie cubierta de igual medida, este departamento es ideal para parejas o personas solas que buscan un lugar acogedor para llamar hogar.
Por otro lado, no se aceptan mascotas en la propiedad.

Requisitos: solicitante y dos garantes todos con bonos de sueldo.

Disponible a partir del 01 de septiembre",8483-713
inmoclick:85329-122,inmoclick,85329,122,https://inmoclick.com/85329-outeda-bienes-raices/inmuebles/122/ficha/departamento-en-alquiler-en-huarpes-casi-sobremonte,2026-09-09,,800.0,USD,11.428571428571429,70.0,70.0,4.0,1.0,1.0,Departamento,Alquiler,Excelente,5.0,Capital,Mendoza,HUARPES CASI SOBREMONTE,,,Garage/Cochera,1.0,False,,,139000.0,,,outeda bienes raices,Inmobiliaria,False,False,,"Outeda Bienes Raíces alquila | Exclusivo departamento a metros del Parque y Arístides.

Viví Mendoza desde una ubicación privilegiada, a pasos del Parque General San Martín y de la reconocida calle Arístides Villanueva, rodeada de bares y restaurantes.

Este elegante departamento combina diseño moderno, luminosidad y confort, ubicado en un complejo residencial de categoría que ofrece tranquilidad y seguridad.

El departamento:
Ambientes amplios y cuidadosamente equipados, con excelente ingreso de luz natural. La habitación principal, orientada al corazón de manzana, garantiza descanso y privacidad.

Características principales:

- Dormitorio con cama matrimonial, aire acondicionado y Smart TV.
- Baño completo con bañera.
- Living comedor luminoso con mobiliario confortable.
- Cocina totalmente equipada (horno, microondas, cafetera, pava eléctrica y vajilla completa).
- Lavadero independiente con lavarropas.
- Balcón privado con vista abierta.
- Cochera techada con ingreso automatizado.

Confort y equipamiento:

- Wifi y espacio de trabajo.
- TV con plataformas de streaming (Netflix, Prime Video, Disney+, HBO, Apple TV).
- Ropa de cama y toallas de calidad.
- Calefacción y aire acondicionado.
- Ascensor.

Ubicación privilegiada
En una de las zonas más buscadas de Mendoza:

- A metros del Parque General San Martín.
- Cercano a la exclusiva propuesta gastronómica de Arístides Villanueva.
- Rápido acceso al centro y principales puntos turísticos.

Una propiedad ideal para quienes buscan calidad, ubicación y una experiencia superior.
Disponibilidad a partir de los primeros días de junio.",85329-122
inmoclick:85329-124,inmoclick,85329,124,https://inmoclick.com/85329-outeda-bienes-raices/inmuebles/124/ficha/departamento-en-alquiler-en-leonidas-aguirre-casi-martinez-de-rozas,2026-09-09,,950000.0,ARS,8878.504672897196,107.0,125.0,,2.0,2.0,Departamento,Alquiler,Excelente,,Capital,Mendoza,Leónidas Aguirre casi Martínez de Rozas,-32.8851739,-68.8548522,Garage Doble,1.0,False,False,,130000.0,False,,outeda bienes raices,Inmobiliaria,False,False,,"Planta baja luminosa en la 5ta Sección de Ciudad de Mendoza, ubicada en un complejo seguro y de excelente entorno. Ideal para quienes buscan comodidad sin renunciar a espacios funcionales: ambientes con mucha luz natural, detalles de categoría y distribución práctica que invita a vivir y recibir con tranquilidad.

Características principales:
- 🛏️ 2 dormitorios con pisos de parquet y amplios placares 
- 🪟 Dormitorio principal con ventanal hacia patio interno 
- 🛁 2 baños completos (ambos con ducha y otro zonificado con bañera) 
- 🍽️ Cocina equipada con bajo mesada, alacena y campana extractora 
- 🧺 Lavandería independiente 
- ♨️ Calefacción por radiadores (caldera incluida) y termotanque 
- ❄️ Aire acondicionado 
- 🌳 Patio interno privado 
- 🖥️ Escritorio muy luminoso con salida al patio 
- 🔒 Complejo seguro con portón de ingreso automatizado 
- 🚗 Cochera doble (una techada) 
- 🛗 Ascensor y escalera de acceso 
- 🎉 SUM vidriado, totalmente equipado con vista espectacular 
- ♨️ Churrasquera independiente

El departamento combina confort y funcionalidad: sus pisos de parquet generan calidez, los placares brindan amplio espacio de guardado y el patio interno aporta privacidad y luz. El SUM vidriado ofrece un espacio ideal para eventos con vista, mientras que la cochera doble y la seguridad del complejo suman comodidad y tranquilidad para el día a día. Una opción completa y bien resuelta en una ubicación privilegiada de Mendoza.",85329-124
inmoclick:85329-131,inmoclick,85329,131,https://inmoclick.com/85329-outeda-bienes-raices/inmuebles/131/ficha/departamento-en-alquiler-en-serpa-casi-constitucion,2026-09-09,,950000.0,ARS,13571.42857142857,70.0,70.0,5.0,2.0,2.0,Departamento,Alquiler,Excelente,5.0,Lujan de Cuyo,Mendoza,SERPA CASI CONSTITUCIÓN,,,Garage/Cochera,1.0,,False,False,,,,outeda bienes raices,Inmobiliaria,False,False,,"Outeda Bienes Raíces alquila hermoso departamento en planta baja, ideal para quienes buscan comodidad, seguridad y tranquilidad en Luján de Cuyo. Ubicado en un complejo privado con seguridad, este inmueble ofrece espacios prácticos y un patio interno que suma luz y un lugar al aire libre propio para disfrutar momentos de relax.
EXPENSAS INCLUIDAS

Características principales:
- 🛏️ 2 dormitorios
- 🚽 2 baños
- 🍽️ Cocina comedor
- 🚗 Cochera
- 🌿 Patio interno
- 🏠 Planta baja
- 🔐 Complejo privado con seguridad
- 💧🔧 Expensas, agua e impuestos municipales incluidos en el alquiler.

El diseño favorece la vida cotidiana: la cocina comedor propone un espacio central para cocinar y compartir, mientras que el patio interno brinda privacidad y una extensión al aire libre sin salir del departamento. La cochera facilita el estacionamiento y la planta baja asegura fácil acceso y movilidad.

Condiciones de alquiler:
- Locatario con ingresos comprobables
- Dos garantes con recibo de sueldo o un garante con propiedad libre de gravamen.

Una opción perfecta para parejas, familias pequeñas o profesionales que valoran la seguridad y la comodidad. 
Consultanos para más información o para coordinar una visita y conocer personalmente todos los detalles.",85329-131
inmoclick:85329-133,inmoclick,85329,133,https://inmoclick.com/85329-outeda-bienes-raices/inmuebles/133/ficha/departamento-en-alquiler-en-leonidas-aguirre-347,2026-09-09,,900000.0,ARS,10588.235294117649,85.0,100.0,5.0,2.0,2.0,Departamento,Alquiler,Excelente,,Capital,Mendoza,Leonidas Aguirre 347,,,Cochera Pasante,1.0,,False,,130000.0,,,outeda bienes raices,Inmobiliaria,False,False,,"OUTEDA BIENES RAÍCES alquila hermoso departamento en un segundo piso – 5.ª Sección, Ciudad de Mendoza.
Características principales:
🛏️ 2 dormitorios con pisos de parquet y amplios placares.
🚪 Puerta divisoria que independiza el sector de dormitorios del living-comedor, brindando mayor privacidad.
🔐 Caja de seguridad en el dormitorio principal.
🛁 2 baños completos (ambos con ducha; uno con bañera zonificada).
🍽️ Cocina totalmente equipada con bajo mesada, alacenas, campana extractora y barra desayunadora.
🧺 Lavandería independiente.
♨️ Calefacción central por radiadores con caldera incluida.
💧 Termotanque.
❄️ Aire acondicionado en todos los ambientes.
☀️ Balcón luminoso.
🚗 Cochera.
🛗 Ascensor y escalera.
🔒 Complejo con portón de ingreso automatizado.
📹 Portero con cámara para mayor seguridad y control de acceso.
🎉 SUM vidriado completamente equipado con una vista espectacular.
🔥 Churrasquera independiente.
Outeda Bienes Raíces alquila este hermoso departamento ubicado en un segundo piso, en una de las zonas más exclusivas de la 5.ª Sección de Ciudad de Mendoza.
La propiedad combina diseño, confort y funcionalidad. Sus pisos de parquet aportan calidez y elegancia, mientras que los amplios placares y la caja de seguridad del dormitorio principal brindan practicidad y tranquilidad. Además, cuenta con una puerta divisoria que separa el área privada de los dormitorios del living-comedor, ofreciendo mayor privacidad y una distribución más funcional.
La cocina, completamente equipada y con barra desayunadora, se integra perfectamente a los espacios sociales, creando un ambiente ideal para compartir. 
La lavandería independiente y los dos baños completos aportan comodidad a la vida cotidiana, mientras que la calefacción por radiadores con caldera, el termotanque y el aire acondicionado en todos los ambientes garantizan confort durante todo el año.
El edificio completa la experiencia con cochera, portero con cámara, portón automatizado, ascensor y un espectacular SUM vidriado totalmente equipado con churrasquera independiente, ideal para reuniones y celebraciones.
Una excelente oportunidad para vivir con comodidad, seguridad y calidad, en una ubicación privilegiada de la Ciudad de Mendoza.",85329-133
inmoclick:89971-40,inmoclick,89971,40,https://inmoclick.com/89971-martinez-lopez/inmuebles/40/ficha/departamento-en-alquiler-en-san-luis-200,2026-09-09,,500000.0,ARS,16666.666666666668,30.0,30.0,,,1.0,Departamento,Alquiler,Excelente,8.0,Capital,Mendoza,san luis 200,-32.8847509,-68.8354466,Sin Cochera,1.0,False,,,20000.0,False,,martinez lopez,Inmobiliaria,False,False,,"Monoambiente ubicado en calle san Luis, zona céntrica mendoza, departamento amueblado cómodo y luminoso, requisitos y detalles al WhatsApp. MN:1682",89971-40
inmoclick:9059-33,inmoclick,9059,33,https://inmoclick.com/9059-federico/inmuebles/33/ficha/departamento-en-alquiler-en-ballofet-640,2026-09-09,,620000.0,ARS,6888.888888888889,90.0,98.0,,2.0,1.0,Departamento,Alquiler,Muy Bueno,,Las Heras,Mendoza,Ballofet 640,,,Garage,,,,False,,False,,federico,Dueno Directo,True,False,,"DUEÑO ALQUILA DPTO 
PLANTA ALTA 
2 DORMITORIOS 
1 BAÑO 
LAVANDERÍA 
COCINA COMEDOR 
COCHERA
NO SE ACEPTAN MASCOTAS 
REQUISITOS 
2 GARANTES CON BONO DE SUELDO 
MES DE DEPÓSITO 
MES DE ALQUILER 
AJUSTE TRIMESTRAL IPC",9059-33
inmoclick:91853-1,inmoclick,91853,1,https://inmoclick.com/91853-brisa-lezcano/inmuebles/1/ficha/departamento-en-alquiler-en-godoy-cruz-7370,2026-09-09,,580000.0,ARS,10175.438596491227,57.0,70.0,5.0,1.0,2.0,Departamento,Alquiler,Excelente,2.0,Guaymallen,Mendoza,Godoy cruz 7370,-32.90608553579421,-68.75358307744608,Garage Doble,2.0,,False,,90000.0,,,brisa lezcano,Dueno Directo,True,False,,"Dúplex en alquiler – Barrio Privado “El Prado”

Se ofrece en alquiler dúplex ubicado en barrio privado, en una zona estratégica, con excelente acceso y entorno tranquilo.

La propiedad se distribuye de la siguiente manera:

Planta baja:
• Cocina comedor
• Un baño
• Patio con churrasquera

Planta alta:
• Un dormitorio amplio con baño en suite

Requisitos:

• Depósito en dos pagos 
• Gastos de redacción de contrato a cargo del inquilino ($580.000) se puede abonar en dos veces 
• Se acepta mascota pequeña
• Actualización trimestral según Índice de Contratos de Locación (ICL)

• Se requieren dos garantes y locatario con bono de sueldo o monotributo.
• Contrato por un año.

Expensas: $90.000

Ideal para quien busque comodidad, seguridad y buena ubicación.",91853-1
inmoclick:919-1378,inmoclick,919,1378,https://inmoclick.com/919-linderos-chacras/inmuebles/1378/ficha/departamento-en-alquiler-en-libertad-800,2026-09-09,,550000.0,ARS,11000.0,50.0,50.0,,1.0,1.0,Departamento,Alquiler,Excelente,,Guaymallen,Mendoza,Libertad 800,-32.8993956,-68.7876224,Garage/Cochera,,,False,,20000.0,False,,linderos chacras,Inmobiliaria,False,False,,"Alquiler Departamento.- 

Ubicado en calle Libertad de Guaymallén, excelente punto con fáciles accesos 

El mismo posee cocina comedor, cocina completa con artefacto de cocina, mesada, alacena y bajo mesada. Habitación frontal, con placard de melanina y baño completo equipado. Cochera dentro del edificio",919-1378
inmoclick:919-1379,inmoclick,919,1379,https://inmoclick.com/919-linderos-chacras/inmuebles/1379/ficha/departamento-en-alquiler-en-civit-879,2026-09-09,,550000.0,ARS,11000.0,50.0,50.0,,2.0,1.0,Departamento,Alquiler,Excelente,,Guaymallen,Mendoza,Civit 879,-32.88724418157633,-68.81980057116392,Sin Cochera,,,,False,,False,,linderos chacras,Inmobiliaria,False,False,,"Alquila Departamento.- 

Ubicado en calle Civit de San José, Guaymallén.- 

Posee cocina comedor con entrada frontal independiente, muebles de cocina bajo mesada. Dos dormitorios con placard, un baño completo y patio interno.",919-1379
inmoclick:919-1387,inmoclick,919,1387,https://inmoclick.com/919-linderos-chacras/inmuebles/1387/ficha/departamento-en-alquiler-en-alem-25,2026-09-09,,550000.0,ARS,12222.222222222224,45.0,45.0,,1.0,1.0,Departamento,Alquiler,Excelente,,Capital,Mendoza,Alem 25,-32.89309753009909,-68.8393978,Sin Cochera,,False,,,30000.0,False,,linderos chacras,Inmobiliaria,False,False,,"Linderos Chacras — Departamento en alquiler en pleno centro de Mendoza. 

Ubicación estratégica con accesos rápidos y una amplia oferta de comercios.

Características principales:
- 📍 Pleno Centro de Mendoza
- 🍽️ Cocina comedor integrada
- 🛏️ 1 dormitorio con placard
- 🛁 Baño completo
- ☀️ Muy luminoso
- 🏢 Sexto piso
- 🔼 Ascensor
- 🛍️ Rodeado de comercios y servicios

Descripción:
Este departamento ofrece una distribución práctica y funcional: una cocina comedor que facilita la integración del día a día, un dormitorio con placard y un baño completo. 

Consulta para coordinar una visita y conocer personalmente su potencial.",919-1387
inmoclick:9198-427,inmoclick,9198,427,https://inmoclick.com/9198-c-fainstein-rosas-negocios-inmobiliarios/inmuebles/427/ficha/departamento-en-alquiler-en-av-colon,2026-09-09,,580000.0,ARS,8285.714285714286,70.0,70.0,5.0,2.0,2.0,Departamento,Alquiler,Bueno,30.0,Capital,Mendoza,Av. Colon,-32.8940483,-68.8457258,Sin Cochera,,False,False,,65000.0,False,,c fainstein rosas negocios inmobiliarios,Inmobiliaria,False,False,,"✨ Amplio y luminoso departamento en una de las avenidas principales del Centro de Mendoza, a solo una cuadra del Centro Cívico y muy próximo a Arístides Villanueva, Parque General San Martín y Avenida San Martín. Rodeado de una variada oferta gastronómica, comercial, bancaria, cultural y educativa, ofrece comodidad urbana y excelente conectividad.

Características principales:
- 2 dormitorios con placares empotrados 
- 1 baño completo con bañera 
- Living comedor amplio con piso de parque y gran ventanal que aporta mucha luz 
- Cocina con ingreso independiente 
- Lavandería independiente 
- Dependencia de servicio 
- Segundo piso, contra frente (espacio más tranquilo y luminoso) 
- Contrato por 2 años con ajuste semestral según Índice ICL

Descripción:
El departamento ofrece ambientes generosos y luminosos que invitan a vivir cómodamente en el corazón de la ciudad. El living comedor con su piso de parquet y ventanal se convierte en el punto central para recibir amigos o disfrutar de tardes serenas. La cocina con entrada independiente y la lavandería aportan funcionalidad diaria, mientras que la dependencia de servicio brinda versatilidad según sus necesidades. Al estar en contrafrente, se disfruta de mayor tranquilidad sin perder la cercanía a servicios y vida urbana.

Ideal para quienes buscan vivir con calidad en una ubicación estratégica, con fácil acceso a espacios verdes, gastronomía y todos los servicios esenciales. Contrato por dos años con actualización semestral por ICL.",9198-427
inmoclick:92489-46,inmoclick,92489,46,https://inmoclick.com/92489-ruben-ramirez-propiedades/inmuebles/46/ficha/departamento-en-alquiler-en-maza-1082,2026-09-09,,440000.0,ARS,8800.0,50.0,50.0,2.0,1.0,1.0,Departamento,Alquiler,Muy Bueno,,Guaymallen,Mendoza,maza 1082,-32.9066937,-68.8359956,Sin Cochera,,,,False,,,,ruben ramirez propiedades,Inmobiliaria,False,False,,"Alquiler ... Dorrego ... Depto
-----------------------------------
ZONA ... Brasil y Costanera
... (Maza y Berutti)
-----------------------------------
AMBIENTES
- 1 Dormitorio
- 1 Baño
- Cocina-Comedor
- SIN EXPENSAS
- SE ACEPTAN MASCOTAS
-----------------------------------
- Alquiler inicial ................... $ 440.000
- Honorarios Inmobiliaria... $ 440.000
- Depósito efectivo ............ $ nada
- Se firma documento en Garantía del Contrato.
- Duracion Contrato ... 24 meses.
- Ajuste alquiler ... Cada 3 meses.
- Por Indice Contrato Locacion - ICL
- Firmas en Escribanía del Contrato Alquiler, con el costo a cargo del Inquilino.
- Servicios a cargo Inquilino: Luz, Gas, Agua, Municipalidad. ... SIN EXPENSAS
- Garantes: 3 personas con bono de sueldo o Profesionales.
-----------------------------------
RUBEN LORENZO RAMIREZ
Martillero Publico - Matrícula 2740
Corredor Inmobiliario - Matrícula 318
Perito Tasador",92489-46
inmoclick:92489-47,inmoclick,92489,47,https://inmoclick.com/92489-ruben-ramirez-propiedades/inmuebles/47/ficha/departamento-en-alquiler-en-espejo-949,2026-09-09,,440000.0,ARS,5500.0,80.0,100.0,,2.0,1.0,Departamento,Alquiler,Bueno,,Las Heras,Mendoza,espejo 949,-32.8526073,-68.845849,Sin Cochera,,,,False,,,,ruben ramirez propiedades,Inmobiliaria,False,False,,"Alquiler ... Las Heras ... Depto
----------------------------------------
ZONA ... Peru y Espejo
----------------------------------------
AMBIENTES
- 2 Dormitorios
- Cocina- Comedor
- Living
- 1 Baño con bañadera
- 2 Patios
- Ambientes Amplios
- Muy luminoso
- SE ACEPTAN MASCOTAS
- SIN EXPENSAS
----------------------------------------
- Alquiler inicial ......................... $ 440.000
- Honorarios Inmobiliaria .. $ 440.000
- Depósito efectivo .............. $ nada
- Se firma documento en Garantía del Contrato.
- Ajuste alquiler: Cada 3 meses.
- Por Indice Contrato Locacion (ICL)
- Duracion contrato: 24 meses.
- Firmas en Escribanía del Contrato Alquiler, con el costo a cargo del Inquilino.
- Servicios a cargo Inquilino: Luz, Gas, Agua, Municipalidad.
- Garantes: 3 personas con bono de sueldo o Profesionales.
----------------------------------------
RUBEN LORENZO RAMIREZ
Martillero Publico - Matrícula 2740
Corredor Inmobiliario - Matrícula 318
Perito Tasador",92489-47
inmoclick:94253-56,inmoclick,94253,56,https://inmoclick.com/94253-claudia/inmuebles/56/ficha/departamento-en-alquiler-en-elpidio-gonzalez-y-azcuenaga,2026-09-09,,650000.0,ARS,9285.714285714286,70.0,70.0,3.0,2.0,1.0,Departamento,Alquiler,Excelente,,Guaymallen,Mendoza,ELPIDIO GONZALEZ Y AZCUENAGA,,,Garage/Cochera,1.0,False,False,,59000.0,False,,claudia,Dueno Directo,True,False,,"ALQUILO DEPARTAMENTO A ESTRENAR EN PLANTA ALTA DE 2 HABITACIONES, LIVING COMEDOR, COCINA, BAÑO COMPLETO, BALCÓN Y COCHERA TECHADA. NO SE ACEPTAN MASCOTAS",94253-56
inmoclick:97164-168,inmoclick,97164,168,https://inmoclick.com/97164-laura-gola-propiedades/inmuebles/168/ficha/departamento-en-alquiler-en-urquiza-mercedes-sosa,2026-09-09,,580000.0,ARS,8923.076923076924,65.0,65.0,,2.0,1.0,Departamento,Alquiler,Excelente,2.0,Guaymallen,Mendoza,Urquiza & Mercedes Sosa,,,Garage/Cochera,1.0,False,False,,,False,,laura gola propiedades,Inmobiliaria,False,False,,"Departamento en alquiler – Barrio Chillcani, Guaymallén
Excelente departamento en alquiler, ubicado en el Barrio Chillcani, sobre calle Mercedes Sosa, en una zona residencial tranquila y de fácil acceso, con cercanía a comercios, transporte público y todos los servicios necesarios para el día a día.
La propiedad cuenta con una superficie aproximada de 65 m², distribuidos de manera funcional. Dispone de un amplio y luminoso living-comedor integrado, ideal para disfrutar de un ambiente cómodo y acogedor. La cocina se integra al espacio principal, brindando practicidad y buena circulación.
Posee dos dormitorios, ambos con excelente ventilación e iluminación natural, y un baño completo en muy buen estado.
Además, el departamento incluye cochera, aportando mayor comodidad y seguridad.
Una excelente opción para quienes buscan un hogar confortable, en una ubicación estratégica de Guaymallén.
Requisitos de ingreso: dos garantes con bono de sueldo, un garante propietario. Mes de alquiler, mes de depósito y honorarios inmobiliarios
Contrato a 3 años
Ajustes trimestrales x IPC

El precio indicado en este anuncio, así como las medidas y distancias, son solo referenciales y sujetos a cambios sin una anterior notificación. Los datos aquí presentados en esta página web o publicación podrían contener errores y no tienen validez contractual, por lo que se recomienda verificar la información con nuestro corredor inmobiliario antes de tomar cualquier decisión",97164-168
inmoclick:99989-613,inmoclick,99989,613,https://inmoclick.com/99989-bondar-negocios-inmobiliarios/inmuebles/613/ficha/departamento-en-alquiler-en-beltran-godoy-400,2026-09-09,,600000.0,ARS,11764.70588235294,51.0,51.0,,,1.0,Departamento,Alquiler,,,Godoy Cruz,Mendoza,"Beltrán, Godoy  400",-32.9191007868369,-68.8505845067266,Garage/Cochera,,,,,,,,bondar negocios inmobiliarios,Inmobiliaria,False,False,,"DEPARTAMENTO AMOBLADO EN ALQUILER - 1 DORMITORIO + COCHERA DOBLE

Comodidad, seguridad y excelente ubicación en Godoy Cruz

Excelente departamento totalmente amoblado y equipado, ideal para quienes buscan comodidad y tranquilidad, ya sea para una estadía temporaria o para una permanencia prolongada.

Ubicado en calle Beltrán 411, Edificio Natania 50, Godoy Cruz, a pocas cuadras de Av. San Martín y a tan solo 10 minutos del microcentro de la Ciudad de Mendoza.

Su ubicación permite un rápido acceso a comercios, supermercados, gimnasios, transporte público y Metrotranvía, convirtiéndolo en una excelente alternativa tanto para vivienda como para estadías por trabajo o estudio.

SEGURIDAD Y TRANQUILIDAD 24 HORAS

El edificio cuenta con:

- Guardia de seguridad las 24 horas.

- Cámaras de vigilancia.

- Ascensor.

- Portón automático para acceso a cocheras.

Además, el departamento dispone de:

- Alarma.

- Caja de seguridad.

DISTRIBUCIÓN:

Ubicado en primer piso, el departamento se encuentra compuesto por:

- Cocina-comedor.

- 1 dormitorio.

- 1 baño completo.

- Balcón.

- Cochera doble en subsuelo.

- Totalmente amoblado y equipado.

CONDICIONES:

- Actualización: trimestral, según índice IPC.

- Expensas: $160.000 aprox.

- Servicios e impuestos: no incluidos en el valor del alquiler.

Una excelente oportunidad para quienes buscan un departamento cómodo, funcional, seguro y completamente equipado, en una ubicación estratégica de Godoy Cruz.

Consultanos para conocer disponibilidad, condiciones de ingreso y coordinar una visita. 

XINTEL (BDA-BDA-4)",99989-613
inmoup:10177-664,inmoup,10177,664,https://inmoup.com.ar/10177-mc-negocios-inmobiliarios/inmuebles/664/ficha/departamentos-en-alquiler-en-peru-2453,2026-09-09,2026-05-19 17:03:54,450000.0,ARS,10000.0,45.0,45.0,,1.0,1.0,,Alquiler,Muy Bueno,,Capital,Mendoza,Perú 2453,-32.87426284614614,-68.8441314285214,Sin Cochera,,,,True,40000.0,False,,MC negocios inmobiliarios,Inmobiliaria,False,False,,"MC NEGOCIOS INMOBILIARIOS ALQUILA 

En TORRE DEL PARQUE CENTRAL, ubicada en las inmediaciones de COTO, se encuentra este hermoso departamento de un dormitorio. El mismo cuenta con un baño completo, un luminoso living comedor y una cocina con lavandería integrada. 

El estado de conservación de la propiedad es muy bueno, con una superficie cubierta de 45m2 y una superficie total de 45m2. Además, el departamento cuenta con expensas, cuyo valor es de $40000. 

El contrato de alquiler es por 2 años, con incremento trimestral ajustado por IPC. Se requiere un solicitante y dos garantes para la operación. 

En cuanto a las condiciones de ingreso, se solicita abonar el primer mes de alquiler, honorarios inmobiliarios y un depósito, que puede ser abonado en dos veces. 

Este departamento no cuenta con cochera y no se aceptan mascotas. 

Si buscas un lugar cómodo y bien ubicado en Mendoza Capital, ¡esta puede ser tu oportunidad! No dudes en contactarnos para más información. MC Negocios Inmobiliarios estará encantado de acompañarte en el proceso de alquiler de esta propiedad.",
inmoup:10302-4,inmoup,10302,4,https://inmoup.com.ar/10302-silvina-gallisa/inmuebles/4/ficha/departamentos-en-alquiler-en-general-paz-326,2026-09-09,2026-03-04 13:07:45,500.0,USD,5.555555555555555,90.0,100.0,,2.0,2.0,,Alquiler,Muy Bueno,,Capital,Mendoza,GENERAL PAZ 326,-32.88455250000001,-68.8421491,Sin Cochera,1.0,,True,False,,False,,Silvina Gallisa,Inmobiliaria,False,False,,"Se alquila departamento amoblado ( q partir de Septiembre) amplio en pleno centro de Mendoza, cercano a mercado Central. supermercados y todo tipo de tiendas. 
Alquiler con contrato temporal o fijo un año, con posibilidad de renovación. El mismo se encuentra amoblado.
Consta de amplio livinig con cocina integrada, con salida a patio (6x2,50 mts). Cocina completa con horno y hornallas, microondas, heladera. Utencillos varios. Dos dormitorios con parquet y amplios placares. Aire frío calor en habitación principal, estufa. baño completo y otro tipo toilette.
SIN EXPENSAS. 

Requisitos: mes de alquiler, mes de deposito, ingresos demostrables.",
inmoup:1049-158,inmoup,1049,158,https://inmoup.com.ar/1049-ricardo-cavagnaro/inmuebles/158/ficha/departamentos-en-alquiler-en-urquiza-651-barrio-la-juana,2026-09-09,2026-08-02 19:47:02,560000.0,ARS,8615.384615384615,65.0,78.0,6.0,2.0,1.0,,Alquiler,Excelente,10.0,Guaymallen,Mendoza,urquiza 651- Barrio La Juana,-32.9144965,-68.7871602,Garage/Cochera,1.0,False,False,True,55000.0,False,Si,Ricardo Cavagnaro,Inmobiliaria,False,False,,"R,CAVAGNARO Alquila departamento en el reconocido Barrio La Juana de carril Urquiza al 651 de Guaymallen.- Es un barrio con ambiente familiar, seguro, cerca del centro por los Accesos, con buena infraestructura de servicios. A 500 mts del Colegio Portezuelo.- El departamento está en Primer Piso por escaleras. Cuenta con un estar comedor amplio, cocina con lavandería, dos dormitorios con grandes placares, un baño amplio y completo, Hay un balcón para tendedero y una cochera cubierta en Planta Baja.-Contrato de dos años con ajuste cuatrimestral por ICL. Requisitos: Ingresos alrededor de 1.800.000 cada uno, para el Locatario y dos garantes, con bonos de sueldo.- Se ingresa con un mes de alquiler, un mes de Depósito y un mes de Honorarios, mas certificación de firmas por el Escribano.-",
inmoup:113353-576,inmoup,113353,576,https://inmoup.com.ar/113353-inkasa-soluciones-inmobiliarias/inmuebles/576/ficha/departamentos-en-alquiler-en-civit-1629,2026-09-09,2025-06-04 12:32:04,750000.0,ARS,11029.411764705885,68.0,80.0,4.0,2.0,1.0,,Alquiler,Excelente,4.0,Godoy Cruz,Mendoza,Civit 1629,-32.9396159849485,-68.85044286736814,Garage,,,False,True,10000.0,True,,INKASA Soluciones Inmobiliarias,Inmobiliaria,False,False,,"INKASA INMOBILIARIA - ALQUILA DEPARTAMENTO EN GODOY CRUZ.

Ubicación: Civit 1629 - Godoy Cruz - Mendoza

En la zona de Godoy Cruz, Mendoza, se encuentra este hermoso departamento en alquiler a través de INKASA Soluciones Inmobiliarias. Ubicado en un primer piso dentro de un complejo cerrado, ofrece tranquilidad y seguridad para sus residentes. Al ingresar, te recibirá una amplia sala de estar que se integra de manera armoniosa con una cocina totalmente equipada. El departamento cuenta con dos dormitorios, ambos con sus respectivos placares y balcones que brindan luminosidad y ventilación a los ambientes. Además, dispone de un antebaño y un baño completo para mayor comodidad. 

Una de las ventajas de esta propiedad es su cochera techada, brindando un espacio seguro y conveniente para estacionar tu vehículo. Además, su excelente ubicación frente a la ciclovia de Godoy Cruz ofrece un entorno ideal para disfrutar de actividades al aire libre y estar conectado con la naturaleza. Se encuentra cerca del Centro Comercial Palmares. 

No pierdas la oportunidad de vivir en este hermoso departamento en Godoy Cruz. ¡Contacta a INKASA Soluciones Inmobiliarias para más información y agendar una visita!

DISPONIBLE SETIEMBRE 2026

MAT 1721",
inmoup:113353-613,inmoup,113353,613,https://inmoup.com.ar/113353-inkasa-soluciones-inmobiliarias/inmuebles/613/ficha/departamentos-en-alquiler-en-eusebio-blanco-esquina-ejercito-de-los-andes,2026-09-09,2025-09-08 15:55:46,780000.0,ARS,11142.857142857143,70.0,70.0,,2.0,1.0,,Alquiler,Excelente,,Guaymallen,Mendoza,Eusebio Blanco esquina Ejercito de los Andes,-32.91155296275477,-68.83775429073792,Garage,,,,False,,False,,INKASA Soluciones Inmobiliarias,Inmobiliaria,False,False,,"INKASA INMOBILIARIA - ALQUILA HERMOSO DEPARTAMENTO EN CORONEL DORREGO. PLANTA BAJA - DISPONIBLE OCTUBRE 2026

Ubicacion: Eusebio Blanco y Av Ejercito de los Andes.

En esta oportunidad, presentamos un hermoso departamento a estrenar en la zona de Dorrego, ubicado en la intersección de Eusebio Blanco y la Av Ejército de los Andes. Este inmueble se destaca por su excelente estado de conservación y sus modernas instalaciones.

Al ingresar al departamento, nos encontramos con un luminoso living-comedor con cocina integrada totalmente equipada, ideal para disfrutar de agradables momentos en familia o con amigos. Además, cuenta con dos dormitorios, cada uno con su respectivo placard, ofreciendo espacio y comodidad para sus ocupantes.

El departamento también dispone de un ante baño y un baño completo, que brindan funcionalidad y confort. Destacamos también un patio interno donde se puede disfrutar de momentos al aire libre y de hermosas vistas.

Detalle: dispone de un garage para mayor comodidad de los residentes. Cabe mencionar que la antigüedad de la propiedad es de 8 meses, lo que garantiza un ambiente moderno y actual. Ubicado en una zona estrategica, con cercania al Centro Comercial Easy y Jumbo, a metros de los ingresos al acceso. 

No dude en contactarnos para más información o para coordinar una visita. ¡Estamos a su disposición para ayudarlo a encontrar su hogar ideal!",
inmoup:113353-657,inmoup,113353,657,https://inmoup.com.ar/113353-inkasa-soluciones-inmobiliarias/inmuebles/657/ficha/departamentos-en-alquiler-en-25-de-mayo-1635,2026-09-09,2026-01-09 15:40:49,950000.0,ARS,13571.42857142857,70.0,70.0,4.0,2.0,1.0,,Alquiler,Excelente,,Capital,Mendoza,25 de mayo 1635,-32.88221416468128,-68.84518573769896,Garage/Cochera,2.0,,True,False,,False,,INKASA Soluciones Inmobiliarias,Inmobiliaria,False,False,,"INKASA INMOBILIARIA - ALQUILA DEPARTAMENTO EN CAPITAL

Ubicacion: 25 de Mayo 1635 - Capital , Mendoza.

Al ingresar al departamento, nos encontramos con un luminoso living-comedor, cocina totalmente equipada. Además, cuenta con dos dormitorios, cada uno con su respectivo placard. El departamento posee un baño completo. Cuenta con un amplio balcon. Posee cochera techada para un vehiculo. 

El inmueble se alquila amoblado e incluye en el valor las expensas. 

Detalle: Ubicado en una zona estrategica, rodeada de locales comerciales, paradas de colectivo, entre otros.

INKASA INMOBILIARIA
Mat 1721",
inmoup:113353-716,inmoup,113353,716,https://inmoup.com.ar/113353-inkasa-soluciones-inmobiliarias/inmuebles/716/ficha/departamentos-en-alquiler-en-elpidio-gonzalez-y-azcuenaga,2026-09-09,2026-08-14 13:18:27,600000.0,ARS,9230.76923076923,65.0,65.0,3.0,2.0,1.0,,Alquiler,Excelente,,Guaymallen,Mendoza,Elpidio Gonzalez y Azcuenaga,-32.92079971507215,-68.80095874418029,Garage/Cochera,,,,True,60.0,True,Si,INKASA Soluciones Inmobiliarias,Inmobiliaria,False,False,,"INKASA INMOBILIARIA - ALQUILA DEPARTAMENTO EN BARRIO PRIVADO RINCON VENETO- GUAYMALLEN.

Ubicación: Elpidio Gonzalez y Azcuenaga 

Detalles: La propiedad se encuentra ubicada en planta baja. La misma cuenta con living - comedor, cocina integrada, dos dormitorios con plarcad, baño completo, patio interno. Cochera techada para un vehiculo.

Ajuste Trimestral por el Indice del IPC 

Observaciones: Seguridad las 24 hs, zona muy comercial.

MAT 1721
Inkasa Inmobiliaria.",
inmoup:116242-1,inmoup,116242,1,https://inmoup.com.ar/116242-federico/inmuebles/1/ficha/departamentos-en-alquiler-en-dr-miyara-b-las-condes,2026-09-09,2024-05-16 19:48:16,530000.0,ARS,11777.777777777776,45.0,60.0,2.0,1.0,1.0,,Alquiler,Muy Bueno,7.0,Capital,Mendoza,Dr miyara. B las condes,,,Garage/Cochera,,,False,True,,False,,Federico ,Inmobiliaria,False,False,,"Particular. Alquilo departamento dos ambientes. (Una habitacion). Cochera.
Calefaccion, aire acondicionado frio- calor. Complejo cerrado.",
inmoup:119376-535,inmoup,119376,535,https://inmoup.com.ar/119376-cl-inmobiliaria/inmuebles/535/ficha/departamentos-en-alquiler-en-barcala-354,2026-09-09,2026-09-01 09:56:35,710000.0,ARS,11833.333333333334,60.0,60.0,3.0,2.0,1.0,,Alquiler,Muy Bueno,4.0,Capital,Mendoza,BARCALA 354 ,-32.8819578,-68.8418246,Sin Cochera,1.0,False,True,True,60.0,False,Si,Cl Inmobiliaria,Inmobiliaria,False,False,,"CL/Inmobiliaria ofrece Departamento en alquiler en Primera Sección, ideal para profesionales. Cuenta con 3 ambientes, living comedor, 1 dormitorios y 1 baño. La propiedad, de 50 m² construidos y , es muy luminosa y posee aire acondicionado, calefacción e internet/wifi. .
Ubicado en una zona residencial, este departamento ofrece cercanía a diversos servicios. En los alrededores se encuentran supermercados, farmacias y bancos, facilitando el día a día. Además, la zona cuenta con acceso a transporte público, incluyendo autobuses, lo que permite una fácil conexión con el resto de la ciudad. Para aquellos que buscan opciones recreativas, hay parques y espacios verdes en las cercanías. El edificio tiene 2 pisos.
El canon mensual abarca ,municipalidad , agua y internet.
Canon de Alquiler $710.000
Expensas $60.000
Condiciones:
- Justificación de ingresos de el/los titular/es de contrato
- Garantes: dos o tres con bono de sueldo (que el neto triplique aproximadamente el valor del alquiler);

-Ajustes cuatrimestrales

Para ingresar se pide:
- mes de alquiler
- Mes de depósito
- certificación de firmas
- honorarios inmobiliarios
- Duracion 24 meses
Mat 1722
Tu consulta no molesta.",
inmoup:123167-173,inmoup,123167,173,https://inmoup.com.ar/123167-rosa-carrabba/inmuebles/173/ficha/departamentos-en-alquiler-en-barrio-dalvian,2026-09-09,2026-08-03 15:30:29,1000.0,USD,11.627906976744184,86.0,105.0,6.0,2.0,2.0,,Alquiler,Muy Bueno,10.0,Capital,Mendoza,Barrio DALVIAN,-32.87117891384322,-68.89457428354649,Garage/Cochera,1.0,True,,True,430000.0,False,Si,ROSA CARRABBA,Inmobiliaria,False,False,,"Inmobiliaria Rosa Carrabba Mat. 1720 alquila!

Hermoso departamento en Complejo Ayres de Dalvian!

El inmueble se encuentra en el 2do piso (por ascensor) con orientación al norte.

Cuenta con:
.Cocina cerrada
.2 baños
.Living-comedor
.2 habitaciones (1 de ellas en suite con vestidor y baño)
.Balcón de 9m2
.Cochera

.Además posee calefacción central por losa radiante, muy buena iluminación y ventilación, carpinterías de aluminio de doble vidrio, porcelanatos rectificados.

El complejo cuenta con amenities como: salones de usos múltiples de hasta 24 personas completamente equipados y piscina.

Y el barrio Dalvian cuenta con centro comercial, centro medico, club, gimnasio, piscinas comunes, transporte, etc.

Si este hermoso inmueble te interesa no dudes en contactarte al WhatsApp publicado!",
inmoup:131226-78,inmoup,131226,78,https://inmoup.com.ar/131226-gustavo-ortelli-mat-2064/inmuebles/78/ficha/departamentos-en-alquiler-en-lateral-norte-juan-jose-paso-y-nahuel-huapi,2026-09-09,2026-09-03 13:37:08,600000.0,ARS,12000.0,50.0,55.0,,2.0,1.0,,Alquiler,Excelente,,Godoy Cruz,Mendoza,Lateral Norte Juan José Paso y Nahuel Huapi,-32.9653055,-68.8543511,Garage,,,False,True,40000.0,False,,Gustavo Ortelli Mat 2064,Inmobiliaria,False,False,,"Amplio departamento en alquiler de dos dormitorios y COCHERA TECHADA, en primer piso por escalera. Churrasquera.

El costo de las expensas ascienden a $40,000 mensuales. No se aceptan mascotas.

Es importante destacar que se requiere demostrar ingresos para poder acceder a la propiedad, así como presentar dos garantes con bono de sueldo o propietarios.
Contrato por dos años, con actualizaciones cuatrimestrales por IPC.
Se debe abonar mes de alquiler, mes de depósito (puede ser en dos veces) y honorarios de inmobiliaria.",
inmoup:131226-79,inmoup,131226,79,https://inmoup.com.ar/131226-gustavo-ortelli-mat-2064/inmuebles/79/ficha/departamentos-en-alquiler-en-fernando-fader-365,2026-09-09,2026-09-03 21:13:58,610000.0,ARS,13555.555555555557,45.0,45.0,,2.0,1.0,,Alquiler,Muy Bueno,,Godoy Cruz,Mendoza,Fernando Fader 365,-32.90669311327824,-68.83979374232788,Sin Cochera,,,,True,,False,,Gustavo Ortelli Mat 2064,Inmobiliaria,False,False,,"Hermoso y amplio departamento en planta baja de dos dormitorios, baño, lavandería, living comedor y cocina. 
SIN COCHERA

El costo de las expensas apraximado a $50.000 mensuales.
No se aceptan mascotas.

Es importante destacar que se requiere demostrar ingresos para poder acceder a la propiedad, así como presentar dos garantes con bono de sueldo o propietarios.

Se acepta seguro de caución.

Contrato por dos años, con actualizaciones cuatrimestrales por IPC.
Se debe abonar mes de alquiler, mes de depósito (puede ser en dos veces) y honorarios de inmobiliaria",
inmoup:13317-187,inmoup,13317,187,https://inmoup.com.ar/13317-cecilia-gonzalez/inmuebles/187/ficha/departamentos-en-alquiler-en-renato-zanzin-2151,2026-09-09,2026-02-19 16:10:15,720000.0,ARS,13584.90566037736,53.0,53.0,4.0,1.0,1.0,,Alquiler,Excelente,14.0,Godoy Cruz,Mendoza,Renato Zanzin 2151,-32.9026351,-68.8554379,Garage/Cochera,,False,False,True,190000.0,False,,Cecilia Gonzalez,Inmobiliaria,False,False,,"Descripción
Edificio Aquarella.
Inmejorable ubicación pegado a la 5° Sección.
Departamento de 1 dormitorio con vestidor, orientación Este, cocina comedor, baño completo con bañadera, balcón con puertas ventanas en el living comedor .
Totalmente equipado:
Cocina de acero inóxidable Domec, extractor de aire de acero inóxidable Domec, aires acondicionados frío calor York y estufa tiro balanceado Emege.
Cochera y baulera.

El edificio cuenta con seguridad las 24 hs., gimnasio, lavandería, SUM, sala de reuniones y escritorio, terraza con Deck solarium, churrasqueras.

VIGENCIA POR 24 MESES, CON AUMENTOS TRIMESTRALES POR IPC

REQUISITOS SOLICITADOS
INQUILINO: Ultimo recibo de sueldo- DNI- (en caso de no tener recibo de suelo, presentar ingresos comprobables).
GARANTES:
a) Propietario: DNI- Escritura del Inmueble, el mismo debe encontrarse sin gravámenes (hipotecas, embargo, bien de familia etc.)
b) Con Bono: DNI- último recibo de sueldo.
c) Opción, en caso de no tener garante con propiedad presentar 3 garantes con bono. Los garantes con bono deben como mínimo duplicar el monto de alquiler y tener antigüedad.
Se abonara para ingresar:
- Mes de alquiler
- Deposito en garantía.
- Certificaciones de firmas
- Servicios inmobiliarios.",
inmoup:138369-77,inmoup,138369,77,https://inmoup.com.ar/138369-rg-inmobiliaria/inmuebles/77/ficha/departamentos-en-alquiler-en-perito-moreno-1933,2026-09-09,2026-08-18 09:43:27,650000.0,ARS,9848.484848484848,66.0,470.0,,3.0,1.0,,Alquiler,Muy Bueno,40.0,Godoy Cruz,Mendoza,Perito Moreno 1933,-32.946747,-68.8494359,Cochera Pasante,1.0,,,False,,False,,RG INMOBILIARIA,Inmobiliaria,False,False,,"RG INMOBILIARIA ALQUILA

En una ubicación privilegiada en Godoy Cruz, se encuentra este hermoso departamento de 3 dormitorios en perfecto estado de conservación. Con una antigüedad de 40 años, esta propiedad ofrece un ambiente seguro y cómodo en un vecindario muy tranquilo.

El departamento cuenta con un baño completo y una cochera pasante para mayor comodidad. Con una superficie cubierta de 66 m2 y una superficie total de 470 m2, esta propiedad de una planta es ideal para familias que buscan amplitud y confort.

El estado de conservación es muy bueno, lo que garantiza un ambiente agradable y acogedor para sus habitantes. Además, no tiene expensas, lo que significa un ahorro adicional para los inquilinos. 

En cuanto a las mascotas, lamentablemente no se aceptan en esta propiedad. Sin embargo, esto asegura un ambiente limpio y ordenado para todos los residentes.",
inmoup:152890-6,inmoup,152890,6,https://inmoup.com.ar/152890-oscar/inmuebles/6/ficha/departamentos-en-alquiler-en-berutti-2556,2026-09-09,2026-09-05 21:09:02,850000.0,ARS,,0.0,110.0,4.0,3.0,2.0,,Alquiler,Excelente,15.0,Guaymallen,Mendoza,Berutti 2556,-32.90773774257984,-68.8100966899519,Garage/Cochera,2.0,False,False,True,,False,Si,oscar ,Inmobiliaria,False,False,superficie fuera de rango,"DÚPLEX EN ALQUILER – DUEÑO DIRECTO
Se alquila excelente dúplex ubicado en un complejo cerrado. La propiedad se encuentra en excelente estado de conservación y ofrece espacios amplios, cómodos y bien distribuidos.
Cuenta con tres dormitorios con amplios placares y cortinas black out, dos de ellos con balcón, dos baños (uno con bañera), living comedor, cocina y lavandería. En el exterior dispone de un patio con churrasquera y cochera techada.
La propiedad también cuenta con aires acondicionados, dos estufas, radiador, luminarias, cocina, termotanque y alarma.
Su ubicación es uno de sus principales atractivos, ya que se encuentra próxima al Barrio Unimev, Club Alemán, Acceso Este y Acceso Sur, a centros comerciales (Mendoza Plaza Shopping, La Barraca y supermercados) y paradas de colectivos cercanas.
Una propiedad que reúne comodidad, seguridad y una excelente ubicación.
Alquiler directo con el dueño, sin intermediarios.",
inmoup:162854-1,inmoup,162854,1,https://inmoup.com.ar/162854-jose-luis-millan/inmuebles/1/ficha/departamentos-en-alquiler-en-9-de-julio-951,2026-09-09,2025-05-22 10:23:53,600000.0,ARS,10000.0,60.0,60.0,,2.0,1.0,,Alquiler,Excelente,,Capital,Mendoza,9 de Julio 951,-32.8920207,-68.8409331,Sin Cochera,,False,False,True,70000.0,False,Si,José Luis Millán,Inmobiliaria,False,False,,"DUEÑO ALQUILA

¡Departamento en el Centro de Mendoza! 🍷✨

Ubicación premium, moderno y con la tranquilidad que buscás. Al ser primer piso interno, te garantiza silencio absoluto en pleno centro.

📍 Ubicación Inmejorable

A media cuadra de Plaza España.
A una cuadra de la Peatonal Sarmiento (cafés, restaurantes y comercios a mano).

🏢 Características Destacadas

100% Reciclado a nuevo (instalaciones y terminaciones impecables).
2 Dormitorios amplios y cómodos.
Amplio Living-Comedor luminoso y versátil.
Cocina equipada funcional.
1 Baño completo moderno.
Lavadero en el último piso.

📋 Requisitos de Ingreso

Mes de alquiler + Mes de depósito 
Garantías: 2 garantes con bono de sueldo comprobable.

Contactanos hoy mismo y coordinamos tu visita. 📲🔑",
inmoup:163394-68,inmoup,163394,68,https://inmoup.com.ar/163394-sabina-bonadeo/inmuebles/68/ficha/departamentos-en-alquiler-en-modesto-lima-esquina-cordoba-terruar,2026-09-09,2026-09-08 13:04:21,950000.0,ARS,9500.0,100.0,114.0,,3.0,2.0,,Alquiler,Excelente,,Lujan de Cuyo,Mendoza,"Modesto Lima, esquina Córdoba, TERRUAR",-33.0376379,-68.8891577,Garage/Cochera,,True,,True,1.0,False,,SABINA BONADEO,Inmobiliaria,False,False,,"Departamento en alquiler en exclusivo complejo en Luján de Cuyo. Ideal para turismo, cerca de bodegas, en el corazón del camino del vino.
El departamento es muy amplio y luminoso, con tres habitaciones y dos baños. 
El complejo cuenta con seguridad 24 horas y todo tipo de amentties:

- Piscina con solarium
- churrasquera
- Gimnasio
- Restaurante
- Recepción 24 horas
- Estacionamiento

Sup total: 114 m2
Superficie cubierta: 100 m2

El departamento está distribuído en living comedor, cocina integrada, dos baños, tres habitaciones y balcón.
Cuenta con cochera.

Cualquier consulta estamos a su disposición.

MAT. 1666",
inmoup:16449-192,inmoup,16449,192,https://inmoup.com.ar/16449-diego-estalles/inmuebles/192/ficha/departamentos-en-alquiler-en-correa-saa-506,2026-09-09,2026-06-09 11:36:35,600000.0,ARS,5714.285714285715,105.0,120.0,5.0,2.0,2.0,,Alquiler,Muy Bueno,,Guaymallen,Mendoza,correa saa 506,-32.88299140000001,-68.82220728836059,Garage/Cochera,,,,True,60000.0,False,,Diego Estalles,Inmobiliaria,False,False,,"DIEGO ESTALLES ALQUILA

Te presentamos este hermoso duplex tipo casa ubicado en San José, Guaymallén, Mendoza. Con fácil y rápido acceso a diferentes puntos de la ciudad, esta propiedad es ideal para aquellos que buscan comodidad y funcionalidad. 

El duplex cuenta con una superficie total de 120 m2, distribuidos en cocina, living comedor, dos amplios dormitorios, dos baños, cochera y un patio perfecto para disfrutar al aire libre. Además, la propiedad se encuentra en excelente estado de conservación, lo que garantiza un espacio acogedor y listo para habitar.

 ¡Contáctanos para más información y para agendar una visita!",
inmoup:16797-1319,inmoup,16797,1319,https://inmoup.com.ar/16797-provivienda-inmobiliaria/inmuebles/1319/ficha/departamentos-en-alquiler-en-av-godoy-cruz-648,2026-09-09,2026-05-20 15:09:37,270000.0,ARS,12272.727272727272,22.0,22.0,,1.0,1.0,,Alquiler,Muy Bueno,,Capital,Mendoza,Av Godoy Cruz 648,-32.8828087,-68.8460837,Sin Cochera,,,,True,16000.0,False,,PROVIVIENDA INMOBILIARIA,Inmobiliaria,False,True,,"Av Godoy Cruz 648, entre 25 de Mayo y Peru. Planta baja. Monoambiente. 1 baño. Kichinette. NO MASCOTAS. Expensas $ 16.000 Contacto Armando / Javier",
inmoup:18056-1,inmoup,18056,1,https://inmoup.com.ar/18056-fernando-avecilla/inmuebles/1/ficha/departamentos-en-alquiler-en-calle-peru-2425,2026-09-09,2026-08-06 13:21:44,800000.0,ARS,14545.454545454546,55.0,55.0,2.0,1.0,1.0,,Alquiler,Excelente,12.0,Capital,Mendoza,Calle Perú 2425,-32.8750411,-68.8443942,Garage/Cochera,1.0,True,False,True,135000.0,False,,Fernando Avecilla,Inmobiliaria,False,True,,"DUEÑO DIRECTO (sin comisión) 
Departamento en alquiler en ATHENEA PARK TOWER 
Sin amoblar | Piso 12 | 1 dormitorio | Cochera

Viví con comodidad, luz natural y una vista privilegiada a la ciudad, en uno de los edificios modernos más destacados de la zona.

Departamento ubicado en el piso 12, muy luminoso y con excelentes vistas. Cuenta con:
• 1 dormitorio con grandes ventanales y vista a la ciudad y a la montaña.
• Living comedor amplio, con un gran ventanal doble, salida al balcón y vistas espectaculares.
•Baño completo,con gran ventana
•Calefacción central por radiadores en todos los ambientes.
• 2 aires acondcionados, cortinas en la pieza instalados 
•Cochera muy amplia y cómoda en el primer subsuelo.

El edificio ofrece excelentes amenities:
. Seguridad/Guardias 24 hs.
• Piscina, SUM, Lavandería (con lavarrolas y secaropas), y terraza en el piso 13, con increíbles vistas panorámicas.
• Gimnasio.
• Espacios comunes modernos y confortables.

Ubicación privilegiada: a una cuadra del Parque Central, a 2 cuadras del supermercado Coto y a tan solo 10 cuadras del centro de la Ciudad de Mendoza.

Una excelente opción para quienes buscan tranquilidad, comodidad, seguridad y cercanía al centro, sin renunciar a una vista única de la montaña.

Alquiler directo con el propietario, sin comisión inmobiliaria.
Requisitos: 
locatario que acredite ingresos
2 garantes (una con inmueble otro con bono de sueldo)
Mes de alquiler y mes de depósito en garantía.
Actualización: IPC cada 3 meses",
inmoup:18064-61,inmoup,18064,61,https://inmoup.com.ar/18064-tauro-inmobiliaria/inmuebles/61/ficha/departamentos-en-alquiler-en-bolivia-731,2026-09-09,2026-09-08 21:20:34,990000.0,ARS,,0.0,120.0,,3.0,2.0,,Alquiler,Muy Bueno,,Lujan de Cuyo,Mendoza,BOLIVIA 731,-32.9645828,-68.8452413,Garage/Cochera,2.0,,,False,,True,,TAURO INMOBILIARIA,Inmobiliaria,False,False,superficie fuera de rango,"HERMOSO DUPLEX - CARRODILLA
Barrio AGUA Y ENERGIA (PLAN 21)
3 Dormitorios con placares
2 baños (uno toilete y otro completo)
Cocina y living comedor, patio con churrasquera
Cochera simple.
📌 Requisitos:
Inquilino: Bono de sueldo o demostrar ingresos.
Garantes: Mínimo 2 con bonos y/o propiedades.
Pagos iniciales: Mes de alquiler, mes de inmobiliaria.
Deposito en Garantia en tres 3 cuotas",
inmoup:194030-473,inmoup,194030,473,https://inmoup.com.ar/194030-mosso-inmobiliaria/inmuebles/473/ficha/departamentos-en-alquiler-en-san-lorenzo-170,2026-09-09,2026-07-07 11:03:32,950000.0,ARS,7916.666666666667,120.0,120.0,6.0,2.0,2.0,,Alquiler,Muy Bueno,50.0,Capital,Mendoza,San Lorenzo 170,-32.893387153499354,-68.84211229259034,Sin Cochera,1.0,,False,True,90000.0,False,Si,MOSSO inmobiliaria,Inmobiliaria,False,False,,"MOSSO INMOBILIARIA ALQUILA – AMPLIO DEPARTAMENTO EN CALLE SAN LORENZO 170

Excelente departamento ubicado en una de las zonas más buscadas de la Ciudad de Mendoza, con fácil acceso a comercios, servicios, transporte público y espacios de recreación.

La propiedad se encuentra en primer piso por ascensor y cuenta con una superficie cubierta de 120 m², distribuidos de manera funcional y confortable.

Características:
* 2 dormitorios
* 3 baños
* Amplio living-comedor
* Cocina independiente
* Lavandería separada
* Despensa
* Primer piso por ascensor
* Muy luminoso y con excelentes espacios de guardado

Ideal para quienes buscan amplitud, comodidad y una ubicación estratégica en el corazón de la ciudad.

Consúltanos para coordinar una visita.
MOSSO INMOBILIARIA",
inmoup:200757-149,inmoup,200757,149,https://inmoup.com.ar/200757-farro-inmobiliaria/inmuebles/149/ficha/departamentos-en-alquiler-en-25-de-mayo-5-163-lateral-sur-acceso-este,2026-09-09,2026-08-19 20:24:18,630000.0,ARS,7875.0,80.0,85.0,,2.0,1.0,,Alquiler,Muy Bueno,8.0,Guaymallen,Mendoza,25 de mayo 5.163 lateral sur acceso este,-32.90883478543397,-68.78084885277748,Garage Doble,1.0,False,False,True,35.0,False,Si,FARRO INMOBILIARIA,Inmobiliaria,False,False,,"COMBINACIÓN PERFECTA: PLANTA BAJA, COMPLEJO DE SOLO 4 DEPARTAMENTOS ( privacidad ) y COCHERA ✨️
 
📍 LATERAL SUR ACCESO ESTE N° 5.163 - GUAYMALLÉN - MENDOZA 

💰 actualización cuatrimestral 

Ideal para 2 personas que deseen disfrutar de una nueva vida en un lugar tranquilo, funcional y práctico.
 Este departamento posee: 

🔹️ Amplio Estar Comedor con Cocina integrada de exquisito diseño
🔹 2 dormitorios con placard .Puertas ventanas que dan a un . . . 
🔹 Patiecito con leonera
🔹️ Baño equipado completo

➡️ Recién pintado en su totalidad
➡️ Calefactor 
➡️ Cochera doble pasante, techada con portón automatizado
➡️ Baulera

🚫 No se aceptan mascotas 

 EXPENSAS : $ 35.000

📝 REQUISITOS : 

✔️ 1 o 2 Solicitantes con bono de sueldo o certificación de ingresos comprobable
✔️ GARANTES:
Opción 1: 2 garantes con bono de sueldo 
Opción 2: 1 garante con bono de sueldo y seguro de caución . 
- Los bonos de sueldo deben duplicar el canon del alquiler

💰PAGOS A LA FIRMA DEL CONTRATO 

✔️ Certificación de firmas 
✔️ Mes en curso o días proporcionales 
✔️ Mes de depósito en garantía ( puede ser en dólares) 
✔️ Honorarios Inmobiliarios 
 .
COORDINEMOS TU VISIT. 
VALE LA PENA CONOCERLO. . . !

 🍀 CON VOS Y PARA VOS, SIEMPRE 🍀

 MARIELA FARRO
 Negocios inmobiliarios
 Mat. 1804",
inmoup:2018-6190,inmoup,2018,6190,https://inmoup.com.ar/2018-construcciones/inmuebles/6190/ficha/departamentos-en-alquiler-en-depto-3-dorm-frnte-a-la-plaza-godoy-cruz-piso-2-depto-6,2026-09-09,2026-08-14 17:52:00,650000.0,ARS,8125.0,80.0,100.0,4.0,3.0,2.0,,Alquiler,Excelente,30.0,Godoy Cruz,Mendoza,"DEPTO 3 DORM, FRNTE A LA PLAZA GODOY CRUZ Piso 2 Depto 6",-32.925625808423,-68.843509873126,Sin Cochera,,False,False,True,168000.0,False,No,CONSTRUCCIONES,Inmobiliaria,False,False,,"¡Encontrá tu nuevo hogar en el corazón del centro de Godoy Cruz! Este espacioso departamento, ubicado en el segundo piso que se accede por ascensor te ofrece el equilibrio perfecto entre comodidad y conveniencia.

Situado en el conocido edificio Buci sobre calle Perito Moreno 72, la torre se encuentra frente a la plaza departamental, rodeado de una amplia variedad de servicios y comodidades. Desde zonas comerciales hasta transporte público, hipermercados y escuelas, tenés todo al alcance de tu mano.

Con 80m² cubiertos, este hogar cuenta con una distribución perfecta, incluyendo tres dormitorios, dos baños completos, un luminoso living comedor y una cocina independiente con lavandería integrada. Además, podrás disfrutar de la vida al aire libre en dos amplios balcones, donde podrás relajarte y disfrutar del agradable clima de la zona.

Cuenta con caldera y calefacción por radiadores en todos sus ambientes.

No pierdas la oportunidad de hacer de este departamento tu nuevo hogar. ¡Contáctanos hoy mismo para más información y agendemos una visita!

OCUPACIÓN INMEDIATA
RECIÉN PINTADO
EXPENSAS: $168.000",
inmoup:2184-588,inmoup,2184,588,https://inmoup.com.ar/2184-campanello-propiedades/inmuebles/588/ficha/departamentos-en-alquiler-en-anzorena,2026-09-09,2026-08-06 18:43:07,460000.0,ARS,11500.0,40.0,40.0,,1.0,1.0,,Alquiler,Muy Bueno,,Godoy Cruz,Mendoza,ANZORENA,-32.9157808829684,-68.84740979018251,Sin Cochera,,,,False,,False,,Campanello Propiedades,Inmobiliaria,False,False,,"“INMOBILIARIA CAMPANELLO PROPIEDADES”

EXCELENTE UBICACION...!!!!

ALQUILER DE DEPARTAMENTO UBICADO SOBRE CALLE ANZORENA, DE GODOY CRUZ, ENTRE SAN MARTIN Y ALMIRANTE BROWN !! ZONA HOSPITAL ESPAÑOL...!!!

CUADRA BARRIO BANCARIO, CILOVIA Y METROTRANVIA....!!!!!

EL MISMO SE ENCUENTRA EN SEGUNDO PISO POR ESCALERAS Y CUENTA CON:

-COCINA COMEDOR
-BAÑO CON ANTE BAÑO
-UN DORMITORIO CON PLACAR
-BALCON

NO POSEE COCHERA
MASCOTAS (CONSULTAR)
NO PAGA EXPENSAS",
inmoup:2184-594,inmoup,2184,594,https://inmoup.com.ar/2184-campanello-propiedades/inmuebles/594/ficha/departamentos-en-alquiler-en-calle-beltran-esquina-juan-b-justo,2026-09-09,2026-09-03 14:10:54,450000.0,ARS,11250.0,40.0,40.0,,1.0,1.0,,Alquiler,Muy Bueno,,Godoy Cruz,Mendoza,CALLE BELTRAN ESQUINA JUAN B. JUSTO,-32.90662814439181,-68.85151275704058,Sin Cochera,,,,False,,False,,Campanello Propiedades,Inmobiliaria,False,False,,"“INMOBILIARIA CAMPANELLO PROPIEDADES”

ALQUILA EN BARRIO BOMBAL, EPARTAMENTO UBICADO SOBRE CALLE BELTRAN ESQUINA JUAN B. JUSTO, DE GODOY CRUZ...!!

CUADRA CICLOVIA, METROTANVIA, INCREIBLE UBICACION....!!!!

LA PROPIEDAD CUENTA CON:

-COCINA COMEDOR
-BAÑO COMPLETO
-UN DORMITORIO CON PLACAR
-BALCON
-EXPENSAS INCLUIDAS

NO SE ACEPTAN MASCOTAS
NO POSEE COCHERA
40 METROS CUADRADOS

EXCELENTE UBICACION…!!!",
inmoup:238414-140,inmoup,238414,140,https://inmoup.com.ar/238414-lp-servicios-inmobiliarios/inmuebles/140/ficha/departamentos-en-alquiler-en-av-godoy-cruz-277,2026-09-09,2026-05-18 20:55:55,800000.0,ARS,10000.0,80.0,80.0,4.0,3.0,2.0,,Alquiler,Excelente,2.0,Capital,Mendoza,AV. GODOY CRUZ 277,-32.8833363,-68.8410797,Garage/Cochera,,,,True,100000.0,False,Si,LP SERVICIOS INMOBILIARIOS,Inmobiliaria,False,False,,"***LP SERVICIOS INMOBILIARIOS MAT. CCPIM 2112 ALQUILA HERMOSO DEPARTAMENTO ***

En el corazón de Mendoza Capital, en la 1.ª Sección de Parque Central, se encuentra este hermoso departamento de disponibilidad inmediata. Con una antigüedad de 2 años desde su restauración, el inmueble cuenta con cañerías de agua, gas y electricidad totalmente nuevas, pisos de parquet recién restaurados y se encuentra recién pintado.

El departamento dispone de 3 dormitorios con pisos de parquet y ventiladores, 2 baños (uno principal con ducha y otro de visita), una habitación despensa, un amplio living comedor con piso de parquet y una cocina equipada con bajo mesada, alacena, mesada de mármol, calefón a gas, y pisos de porcelanato y cerámicos. Con una superficie cubierta de 80 m², este departamento ofrece todas las comodidades necesarias para una vida confortable en una ubicación estratégica de la ciudad.

Ubicado en un cuarto piso con acceso por ascensor, el edificio —de estilo antiguo— se encuentra en excelente estado de conservación y seguridad. Es importante destacar que no se permiten juntadas masivas, priorizando la tranquilidad y buena convivencia entre vecinos.

La propiedad se encuentra en una zona comercial muy completa, con supermercados, bancos y tiendas en los alrededores, cuenta con excelente conectividad, con múltiples líneas de colectivo en la puerta y se encuentra en Zona Escolar.

El departamento también incluye cochera y tiene expensas mensuales de $100.000. El valor del alquiler es de $900.000 mensuales, con contrato por 2 años y actualización cuatrimestral según índice IPC. Para el ingreso se requiere mes inicial y depósito, además de presentación de bono de sueldo y dos garantes con bonos de sueldo.

No se aceptan mascotas en esta propiedad.

¡No dejes pasar la oportunidad de vivir en este departamento con todas las comodidades en una ubicación privilegiada de Mendoza Capital!",
inmoup:238433-194,inmoup,238433,194,https://inmoup.com.ar/238433-mapa-propiedades/inmuebles/194/ficha/departamentos-en-alquiler-en-calle-viamonte-1040-san-jose,2026-09-09,2026-09-01 13:31:04,600000.0,ARS,12000.0,50.0,65.0,2.0,1.0,1.0,,Alquiler,Excelente,,Guaymallen,Mendoza,Calle Viamonte 1040 San Jose,-32.89354064093024,-68.81963511534424,Garage,1.0,False,False,False,80000.0,False,,MAPA PROPIEDADES,Inmobiliaria,False,False,,"Mapa Propiedades Alquila Hermosos Departamentos en Guaymallen.

Ubicado en Calle Viamonte, esquina Pedernera, San José, Guaymallén, Mendoza. A una cuadra de calle Bandera de los Andes, a minutos de los principales accesos y centros comerciales.
Con un increíble SUM cerrado, churrasquera y hermoso espacio verde este conjunto de Duplex y departamentos tiene la oportunidad de disfrutar momentos agradables en familia.

#DESCRIPCION:
-Living cocina comedor integrados.
-Baño completo
-Habitación con amplio Placard.
-Cochera cubierta para un vehículo.

DETALLES: El departamento es a estrenar, con detalles de categoría. Portón automatizado, cámaras, cerco eléctrico y cerradura electrónica.

Atención! Se entrega únicamente con equipamiento de cocina y luminarias.
NO INCLUYE AIRES ACONDICIONADOS NI CORTINAS. 
NO SE PERMITEN MASCOTAS.
EXPENSAS: $80.000 aprox.

REQUISITOS:
#DOS GARANTES CON BONOS DE SUELDO.
#INGRESOS DEMOSTRABLES DEL SOLICITANTE.
#Contrato por 2 años.
Actualización cuatrimestral por ICL.

SE ABONA: MES DE ALQUILER,COMISION INMOBILIARIA, MES DE DEPOSITO.
SELLADO Y CERTIFICACION DE FIRMAS.
Mapa Propiedades a tu disposición.
Mat.2230 

- KP560174 - KPT090814 - 
 - Publicado usando KiteProp CRM Inmobiliario",
inmoup:2435-1268,inmoup,2435,1268,https://inmoup.com.ar/2435-inmobiliaria-ernesto-cordoba/inmuebles/1268/ficha/departamentos-en-alquiler-en-adyacente-pque-central-s-calle-mitre-n0-2-485-piso-20,2026-09-09,2026-06-30 12:25:19,459990.0,ARS,9199.8,50.0,60.0,4.0,2.0,1.0,,Alquiler,Excelente,38.0,Capital,Mendoza,"¡¡¡…*ADYACENTE ""PQUE. CENTRAL*..!!!: s/calle Mitre N° 2.485, piso 2°",-32.87452541308679,-68.84023564885584,Sin Cochera,1.0,False,False,True,45000.0,False,Si,INMOBILIARIA ERNESTO CORDOBA,Inmobiliaria,False,False,,"* ALQUILA * Ernesto CORDOBA (-Inmobiliaria-):: 
…Excelente Departamento Contra-Frente en Capital (“edificio muy tranquilo, colectivos en la puerta y zona con variedad de comercios)… 

¡¡¡…*FRENTE PARQUE CENTRAL y ADYACENTE SUPERMERCADO COTO*..!!!

-UBICACIÓN: 
Ubicado sobre calle Mitre Nº 2.485, Piso 2° (Contra-Frente). Se encuentra entre las calles Fray Inalicán y C. Pellegrini (a 30 mts. de ésta última), además a 5.5 cuadras de Av. San Martín y 50 mtrs. de Parque Central…!!!.- 
Edificio muy tranquilo y ordenado, contiene 4 ascensores y acceso a espacios verdes.-

-DESCRIPCIÓN: 
Cuenta con 2 Dormitorios con placares, Cocina c/barra desayunador (posee ingreso independiente), Comedor c/Balcón, Baño Completo y estacionamiento frontal (público).-

-MEJORAS/DETALLES: 
*Posee pisos Cerámicos.-
*Se entrega Recién pintado.-
*Cuenta con Termotanque y Lámparas.-
*Excelente Ventilación e Iluminación Natural.-
*Ventanas con Rejas.-

-FORMAS DE CONTRATACIÓN:
-Duración Contrato: 24 meses.-
-Actualización: cuatrimestral.- 
-Índice: I.C.L.- 

REQUISITOS SOLICITADOS::
Se debe presentar Garantías solventes: 
Garante propietario y 3 Garantes con bonos de sueldo (que tripliquen el valor del Alq.). Sin encontrarse inhibidos, ni poseer afectaciones de ninguna clase inclusive en Veraz y Codeme.-

Mayor Información y Fotos en nuestra Web: www.ERNESTOCORDOBAVENDE.com.ar

*El precio, distancias y medidas indicadas, son de referencia, sujeto a modificaciones sin previo aviso.-
*Los datos consignados en esta web, pueden contener errores y no son contractuales; verifique los mismos previamente con nuestro asesor.-",
inmoup:2556-601,inmoup,2556,601,https://inmoup.com.ar/2556-sergio-garcia-propiedades/inmuebles/601/ficha/departamentos-en-alquiler-en-alem-20,2026-09-09,2026-05-28 18:42:44,650000.0,ARS,6500.0,100.0,110.0,,3.0,1.0,,Alquiler,Excelente,,Capital,Mendoza,ALEM 20,-32.89292934192487,-68.83937163068848,Sin Cochera,,,,False,,False,,Sergio Garcia Propiedades,Inmobiliaria,False,False,,"SERGIO GARCIA ALQUILA EN MICROCENTRO, IMPECABLE DEPARTAMENTO. IDEAL ESTUDIANTES, EMPLEADOS DE COMERCIO.
MUY LUMINOS0. FRONTAL .
ESTA COMPUESTO DE TRES AMPLIOS DORMITORIOS CON ESPACIOSA SALA DE ESTAR, ESTA ÚLTIMA POSEE 30 METROS CUADRADOS.
EL BAÑO ES TOTALMENTE NUEVO, A IGUAL QUE LA COCINA. 
POSEE UN PINTORESCO PATIO FRONTAL QUE ENBELLESE EL ACCESO AL DEPARTAMENTO.
NO PAGA EXPENSAS.
LA ACTUALIZACION ES TRIMESTRAL CON IPC",
inmoup:2600-849,inmoup,2600,849,https://inmoup.com.ar/2600-aconcagua-propiedades/inmuebles/849/ficha/departamentos-en-alquiler-en-bordalesas,2026-09-09,2026-08-12 00:00:00,780000.0,ARS,7800.0,100.0,110.0,3.0,2.0,1.0,,Alquiler,,6.0,Maipu,Mendoza,Bordalesas,-32.97594631284524,-68.80477935075761,Garage/Cochera,,,,,,,,ACONCAGUA Propiedades,Inmobiliaria,False,False,,"Alquiler de Departamento 2 Dormitorios en B Viejo Tonel II, Maipú 
 
 

Excelente departamento ubicado en Complejo del Parque, Barrio Viejo Tonel II, sobre calle Bordalesas, Manzana K Lote 11, Dto 2, planta baja de Maipú, en un entorno residencial y de fácil acceso a calle J.J.Paso y con cercanía al Parque Metropolitano.

Características principales

- 100 m² cubiertos

- 110 m² de superficie total

- 2 dormitorios con placard

- 1 baño

- Cocina comedor con artefacto de cocina y purificador

- Termotanque

- Lavandería

- Patio con leonera

- Rejas

- Cochera techada para 1 vehículo

- Todos los servicios

No se admiten mascotas

VALOR PUBLICADO + EXPENSAS
 
 
 
 XINTEL (INA-INA-184)",
inmoup:2709-1318,inmoup,2709,1318,https://inmoup.com.ar/2709-inmobiliaria-ivanna-blanc/inmuebles/1318/ficha/departamentos-en-alquiler-en-barrio-dalvian,2026-09-09,2026-08-14 14:54:45,900.0,USD,9.473684210526317,95.0,105.0,5.0,2.0,2.0,,Alquiler,Excelente,6.0,Capital,Mendoza,Barrio Dalvian,-32.86984816194595,-68.89855888952508,Garage/Cochera,1.0,False,False,True,380000.0,False,,Inmobiliaria Ivanna Blanc,Inmobiliaria,False,False,,"Excelente departamento en alquiler ubicado en Barrio Dalvian.

Distribución y Ambientes
Superficie cubierta: 98 mts
Superficie total: 132 mts (balcon 16 m2, cochera 18m2)

Living-Comedor: Espacio amplio, integrado y con gran entrada de luz natural.

Cocina con lavanderia, cuenta con muy buen espacio de guaradado

2 Habitaciones, principal con baño en suite.

Otro baño completo.

Equipamiento y Comodidades
Balcón Privado: Amplio espacio exterior equipado con churrasquera / parrilla propia.

Climatización: Sistema de calefacción por radiadores y equipos de aire acondicionado instalados en los ambientes principales.

El departamento cuenta con carpinteria pvc doble vidrio, cortinas en todos los ambientes, aires acondicionados, placares amplios.",
inmoup:2712-754,inmoup,2712,754,https://inmoup.com.ar/2712-fanny-cruz-inmuebles/inmuebles/754/ficha/departamentos-en-alquiler-en-condominios-dalvian,2026-09-09,2026-08-25 14:15:04,900000.0,ARS,15000.0,60.0,60.0,2.0,1.0,3.0,,Alquiler,Excelente,8.0,Capital,Mendoza,Condominios Dalvian,-32.873868,-68.88304,Si,,True,,True,420000.0,,,Fanny Cruz Inmuebles,Inmobiliaria,False,False,,"EXCELENTE DEPARTAMENTO EN PLANTA BAJA, RECIÉN PINTADO

Ubicado en el exclusivo Condominios Dalvian, esta propiedad se destaca por su comodidad, luminosidad y excelente estado de conservación.

Cuenta con un amplio living comedor, equipado con luminarias y cortinas en impecable estado. Dispone además de toilette de visitas y una cómoda cocina con abundante espacio de guardado y vistas a los jardines.

El dormitorio principal es amplio y confortable, posee equipo de aire acondicionado, vestidor y baño en suite completo.

La propiedad incluye cochera y calefacción central por losa radiante, brindando confort durante todo el año.

Además de los amenities propios del barrio, el edificio cuenta con piscina, gimnasio y servicio de conserjería las 24 horas, ofreciendo seguridad y calidad de vida en un entorno privilegiado.",
inmoup:2904-18,inmoup,2904,18,https://inmoup.com.ar/2904-imperio-inmobiliaria/inmuebles/18/ficha/departamentos-en-alquiler-en-el-parral-2270-ciudad-capital-mendoza,2026-09-09,2026-07-03 13:14:38,570000.0,ARS,8142.857142857143,70.0,70.0,6.0,3.0,1.0,,Alquiler,Muy Bueno,15.0,Capital,Mendoza,EL PARRAL 2270 CIUDAD CAPITAL MENDOZA ,-32.8764013,-68.8433557,Sin Cochera,1.0,,,True,50000.0,True,Si,IMPERIO INMOBILIARIA,Inmobiliaria,False,False,,"PRECIOSO 

FRENTE LAGO PARQUE CENTRAL 

3 DORMITORIOS con placares 

AIRE ACONDICIONADO 

1 PISO 

ESPACIO ESTACIONAMIENTO FRENTE COMPLEJO 

$ 570.000 
Expensas $ 50.000

AUMENTOS POR IPC cuatrimestrales 

CONTRATO A 2 AÑOS 

*** Se aceptan perritos chicos 
*** Máximo para habitar 3 personas 

IMPERIO INMOBILIARIA Mza
CCPIM MAT.PROF.518",
inmoup:29394-247,inmoup,29394,247,https://inmoup.com.ar/29394-tieland/inmuebles/247/ficha/departamentos-en-alquiler-en-peltier-y-figueroa-alcorta,2026-09-09,2026-08-31 10:47:51,680000.0,ARS,9714.285714285714,70.0,100.0,4.0,2.0,2.0,,Alquiler,Muy Bueno,20.0,Godoy Cruz,Mendoza,Peltier y Figueroa Alcorta ,-32.94725038817937,-68.8461244847857,Cochera Pasante,2.0,False,,False,,True,,Tieland,Inmobiliaria,False,False,,"TIELAND ALQUILA

En el corazón de Godoy Cruz Centro, se encuentra este amplio dúplex de 70mts cubiertos, luminoso y con óptima ventilación. Con una distribución funcional, esta propiedad cuenta con 2 dormitorios amplios con placares, cocina comedor living, baño principal, toilette de visitas, tender y un patio de 12mts perfecto para disfrutar al aire libre.

Este dúplex, con una antigüedad de 20 años y en muy buen estado de conservación, ofrece una superficie total de 100mts2 distribuidos en 2 plantas. Además, cuenta con 2 baños, internet y la posibilidad de tener mascotas pequeñas, lo que lo convierte en un hogar ideal para aquellos que desean compartir con sus fieles compañeros.

La propiedad también dispone de cochera compartida para mayor comodidad y se encuentra libre de expensas. Aunque no cuenta con calefacción central, está equipado con instalación de gas para calefactor y lavandería. En cuanto al contrato de alquiler, se requiere garantía con bono de sueldo o seguro/caución de alquiler, pago del mes proporcional al inicio, honorarios inmobiliarios y certificación de firmas en escribanía, así como un mes de depósito en garantía equivalente al mes de alquiler. El contrato es por 2 años con aumento a acordar, y el solicitante debe contar con un bono de sueldo o ser monotributista desde categoría D o responsable inscripto.

Vive la experiencia de habitar en este encantador dúplex en una ubicación privilegiada de Godoy Cruz, disfrutando de la comodidad y amplitud que ofrece esta propiedad. ¡No dejes pasar esta oportunidad única de alquilar tu próximo hogar!",
inmoup:294071-135,inmoup,294071,135,https://inmoup.com.ar/294071-mix-inmo/inmuebles/135/ficha/departamentos-en-alquiler-en-palmeres-godoy-piso-1-depto-2,2026-09-09,2026-08-29 11:26:40,1500.0,USD,15.0,100.0,100.0,3.0,2.0,2.0,,Alquiler,Excelente,15.0,Godoy Cruz,Mendoza,Palmeres godoy Piso 1 Depto 2,-32.9558745,-68.8590911,Garage,,True,False,True,300000.0,True,Si,Mix Inmo,Inmobiliaria,False,False,,"Departamento en alquiler de dos dormitorios en Villa Palmares, uno de los complejos residenciales de mayor categoría de Godoy Cruz, ubicado junto a Palmares Open Mall. Primer piso, con distribución de criterio funcional pensada para el uso diario.

El dormitorio principal es en suite, con baño privado, mientras que el segundo dormitorio cuenta con baño completo independiente — una distribución que da autonomía real a quien lo habite. La cocina con lavandería independiente . Living-comedor ampllio y luminoso generando un ambiente social de mayor jerarquía.

Villa Palmares ofrece un sistema de amenities pensado para elevar la calidad de vida cotidiana:

Seguridad las 24 horas con control de acceso
Piscinas de uso común (exteriores e interior climatizada según torre)
Salón de Usos Múltiples (SUM) para reuniones y eventos
Cochera y baulera
Espacios verdes de uso compartido
Ubicación estratégica junto a Palmares Open Mall, con acceso inmediato a comercios, gastronomía y servicios
Conectividad directa hacia el centro de Godoy Cruz y la Ciudad de Mendoza

Una propuesta de valor patrimonial sólida para quien busca vivir en uno de los corredores residenciales más consolidados de la zona oeste del Gran Mendoza.

Superficie: aprox. 85-90 m² cubiertos
Dormitorios: 2 (1 en suite)
Baños: 2
Alquiler: USD 1600
Expensas: $300.000

Consultas y visitas a coordinar directamente.",
inmoup:31681-151,inmoup,31681,151,https://inmoup.com.ar/31681-sintesis-propiedades/inmuebles/151/ficha/departamentos-en-alquiler-en-peru,2026-09-09,2026-08-28 12:17:58,550000.0,ARS,13750.0,40.0,40.0,,2.0,1.0,,Alquiler,Excelente,,Capital,Mendoza,Perú,-32.87384766706447,-68.84415855856915,Sin Cochera,1.0,,,True,65000.0,False,Si,Sintesis Propiedades,Inmobiliaria,False,False,,"SINTESIS PROPIEDADES ALQUILA

HERMOSO DEPARTAMENTO EN ALQUILER ubicado a tan solo una cuadra del Parque Central y media cuadra del Coto, en Mendoza Capital, en la Primera Sección. Esta propiedad se encuentra en excelentes condiciones de conservación, ubicado en el contrafrente del edificio y está distribuida en una sola planta. 

El departamento cuenta con una cocina comedor estar, dos dormitorios y un baño completo. Además, tiene una superficie cubierta de 40 m2 y una superficie total de 40 m2. 

En cuanto a las características adicionales, la propiedad no incluye cochera, pero sí tiene expensas mensuales de $65000. Se encuentra en una zona escolar.

No pierdas la oportunidad de vivir en este acogedor departamento en una ubicación privilegiada, cerca de espacios verdes y servicios comerciales. ¡Contáctanos para más información y agenda una visita!",
inmoup:3254-1531,inmoup,3254,1531,https://inmoup.com.ar/3254-oviedo-inmobiliaria/inmuebles/1531/ficha/departamentos-en-alquiler-en-piedrabuena-1039-godoy-cruz,2026-09-09,2026-05-08 18:11:58,600000.0,ARS,8571.42857142857,70.0,100.0,,2.0,1.0,,Alquiler,Muy Bueno,,Godoy Cruz,Mendoza,"PIEDRABUENA 1039, GODOY CRUZ ",-32.9457549,-68.8348049,Cochera Pasante,,,,False,,False,,Oviedo Inmobiliaria,Inmobiliaria,False,True,,"✨ Oviedo Inmobiliaria alquila departamento ✨

🏢 Ubicado en primer piso por escalera

La propiedad cuenta con:
🛏️ Dos dormitorios
🛋️ Cocina comedor amplio
🍽️ Cocina
🚿 Baño
🧺 Espacio de lavandería externo
🌅 Balcón
🚗 Entrada para vehículos con capacidad para dos autos

SE ACEPTA MASCOTA PEQUEÑA

Ideal para quienes buscan comodidad y amplitud ✨

📲 Consultanos para más información o coordinar una visita",
inmoup:3254-1568,inmoup,3254,1568,https://inmoup.com.ar/3254-oviedo-inmobiliaria/inmuebles/1568/ficha/departamentos-en-alquiler-en-mitre-2001-p3-d1,2026-09-09,2026-06-30 17:07:33,1100000.0,ARS,10000.0,110.0,180.0,,2.0,2.0,,Alquiler,Muy Bueno,,Capital,Mendoza,"MITRE 2001, P3-D1",-32.8790794,-68.84131839999999,Garage/Cochera,,,,True,280000.0,False,,Oviedo Inmobiliaria,Inmobiliaria,False,True,,"🏢 ¡Oviedo Inmobiliaria alquila excelente departamento! 🏢

📍 Ubicación: Calle Mitre 2001 – Torre Delfina

✨ Este moderno departamento cuenta con:
🛏️ 2 dormitorios
🛁 2 baños completos
🍽️ Cocina
🛋️ Amplio living-comedor
🚘 Cochera

🌟 Además, el edificio ofrece increíbles amenities:
🏊 Pileta
💪 Gimnasio
🎉 SUM (Salón de Usos Múltiples)
🌅 Terraza con espacios comunes

📄 Contrato por 2 años
📈 Aumentos trimestrales según IPC.

📲 ¡Consultanos para más información o para coordinar una visita!",
inmoup:3254-1593,inmoup,3254,1593,https://inmoup.com.ar/3254-oviedo-inmobiliaria/inmuebles/1593/ficha/departamentos-en-alquiler-en-9-de-julio-1729-p6-d5,2026-09-09,2026-08-18 14:29:46,600000.0,ARS,8000.0,75.0,75.0,,2.0,1.0,,Alquiler,Muy Bueno,,Capital,Mendoza,9 DE JULIO 1729 P6 D5,-32.883551,-68.8386203,Sin Cochera,,,,True,85000.0,False,,Oviedo Inmobiliaria,Inmobiliaria,False,True,,"🏡 OVIEDO INMOBILIARIA ALQUILA 🏡

📍 Ubicación: 9 de Julio 1729, Piso 6, Depto. 5 – Ciudad de Mendoza.

✨ El departamento cuenta con:

🛏️ 2 dormitorios
🛋️ Living comedor
🍽️ Cocina
🚿 Baño completo
🌿 Balcón

Una excelente opción para quienes buscan comodidad y una ubicación privilegiada en Ciudad.

📲 Consultanos para más información o para coordinar una visita.

🔑 ¡Tu próximo hogar te espera!",
inmoup:3254-1602,inmoup,3254,1602,https://inmoup.com.ar/3254-oviedo-inmobiliaria/inmuebles/1602/ficha/departamentos-en-alquiler-en-9-de-julio-1729-piso-3-depto-2,2026-09-09,2026-08-31 17:27:40,420000.0,ARS,7636.363636363636,55.0,55.0,,1.0,1.0,,Alquiler,Muy Bueno,,Capital,Mendoza,"9 de julio 1729, piso 3 depto 2",-32.883551,-68.8386203,Sin Cochera,,,,True,75000.0,False,,Oviedo Inmobiliaria,Inmobiliaria,False,True,,"🏠 OVIEDO INMOBILIARIA ALQUILA

📍 Departamento ubicado en calle 9 de Julio 1729, 3.º piso, Departamento 2, con acceso por ascensor y escalera.

✨ Cuenta con:
• 🍽️ Cocina-comedor
• 🛁 1 baño
• 🛏️ 1 dormitorio
• 🛗 Acceso por ascensor y escalera

💰 Expensas: $75.000 aprox.
🚫 No se aceptan mascotas.

📲 Consultanos para más información y coordiná tu visita.

OVIEDO INMOBILIARIA 🏡",
inmoup:3254-1603,inmoup,3254,1603,https://inmoup.com.ar/3254-oviedo-inmobiliaria/inmuebles/1603/ficha/departamentos-en-alquiler-en-olascoaga-2649,2026-09-09,2026-09-02 13:36:11,750000.0,ARS,10000.0,75.0,75.0,,2.0,2.0,,Alquiler,Muy Bueno,,Capital,Mendoza,OLASCOAGA 2649,-32.8711945,-68.8489946,Garage/Cochera,,,,True,41000.0,False,,Oviedo Inmobiliaria,Inmobiliaria,False,True,,"🏡 OVIEDO INMOBILIARIA ALQUILA 🏡

📍 Departamento en complejo cerrado

✨ La propiedad cuenta con:

🛏️ 2 dormitorios (1 en suite)
🛁 2 baños
🛋️ Living-comedor
🍽️ Cocina
* Espacio pequeño tipo tendedero
🚗 Entrada para vehículo
🔐 Complejo con portón automático de cochera

💰 Expensas: $41.000

🚫 No se aceptan mascotas.

📄 Contrato por 2 años.

📲 Consultanos para más información o para coordinar una visita.

🏠 OVIEDO INMOBILIARIA",
inmoup:331760-26,inmoup,331760,26,https://inmoup.com.ar/331760-wonder/inmuebles/26/ficha/departamentos-en-alquiler-en-palmares-valley-edificio-las-lomas,2026-09-09,2026-08-18 16:58:41,1600.0,USD,7.272727272727272,220.0,250.0,,3.0,3.0,,Alquiler,Muy Bueno,8.0,Lujan de Cuyo,Mendoza,Palmares Valley - Edificio Las Lomas,-32.9657395,-68.8851749,Garage Doble,,True,,True,550000.0,False,,WONDER,Inmobiliaria,False,False,,"Departamento ubicado en Edificio Las Lomas dentro de Palmares Valley (Desarrollo de PRESIDENTE).

Un departamento espectacular con una superficie propia de departamento de 220 mts2 apx.

Edificio Las Lomas y Palmares Valley ofrecen un estilo de vida único en Mendoza por ser el primer edificio en Chacras de Coria y el Piedemonte lo que permite vivir con las mejores vistas de Mendoza en un entorno natural, seguro y privilegiado.

El Edificio se destaca por su estilo arquitectónico moderno combinando hormigón visto y vidrio con iluminación LED, el mismo se encuentra dentro de un barrio privado en una de las mejores zonas residenciales de Mendoza frente a Chacras de Coria con un ingreso privilegiado a través del corredor del oeste.

Referencias:

- a 10 minutos de la Ciudad de Mendoza
- a 2 minutos de Chacras de Coria
- a 2 minutos Palmares Open Mall.
- Frente al nuevo polo corporativo Chacras Park

DISPONIBLE PARA INGRESAR EN OCTUBRE.

Distribución y Ambientes

Cuenta con 3 Habitaciones, una de ellas en suite y 3 Baños Completos.

- Hall de Ingreso
- Living comedor
- Cocina + Lavandería
- Suite principal con Vestidor, Baño completo y salida a balcón con vistas a Chacras de Coria
- 2 habitaciones con placares
- 2 Baños Completos
- Balcón Terraza de grandes dimensiones (ideal para living exterior)
- Cochera doble cubierta

Detalles y Terminaciones

- Calefacción central por Losa Radiante con caldera dual
- Carpinteria de Aluminio ultima generación DVH (Doble vidrio hermético)
- Grifería de Calidad
- Pisos de porcelanato

Servicios y Amenities del Barrio+ Edificio

- Espectacular Lobby de recepción de doble altura
- Doble control de acceso con seguridad privada
- Servicio de transfer a Palmares Open Mall
- Sector de Laundry con maquinas de lavado y secado
- Piscina y Solarium
- 2 salones para eventos
- Cocina y asadores",
inmoup:333537-1,inmoup,333537,1,https://inmoup.com.ar/333537-telma/inmuebles/1/ficha/departamentos-en-alquiler-en-barcala,2026-09-09,2026-07-10 02:41:18,450000.0,ARS,10000.0,45.0,45.0,5.0,1.0,1.0,,Alquiler,Muy Bueno,,Capital,Mendoza,Barcala,,,Sin Cochera,1.0,False,False,False,,False,,Telma,Inmobiliaria,False,False,,"PROPIETARIO DIRECTO ALQUILA DEPARTAMENTO
- 🏠 Ubicación: calle Barcala, Ciudad (Capital) - PLANTA BAJA.
- 💰 Alquiler: $500.000 mensuales (propietario directo)
- 🛏️ 1 dormitorio
- 🛋️ Living-comedor funcional
- 👩🍳 Cocina independiente
- 🛁 1 baño completo
- 🚫🚗 Sin cochera
- 🧾 Sin expensas
- 🐾 No se aceptan mascotas
- ☀️ Frontal y muy luminoso

Al ser frontal, todos los ambientes se benefician de luz directa, lo que aporta sensación de amplitud y calidez durante el día. La ausencia de expensas y la operación directa con propietario simplifican el trámite y ayudan a mantener un costo mensual más previsible. Esta propuesta es especialmente conveniente para una persona sola o una pareja.
Se deben cumplir los requisitos de alquiler; consulte condiciones y documentación necesaria.

 para coordinar una visita y obtener más información. Contactar al propietario/directo.",
inmoup:334258-2,inmoup,334258,2,https://inmoup.com.ar/334258-maria-perez/inmuebles/2/ficha/departamentos-en-alquiler-en-dr-favaloro-1853,2026-09-09,2026-05-20 11:12:59,1100000.0,ARS,1100000.0,1.0,100.0,,2.0,2.0,,Alquiler,Excelente,,Capital,Mendoza,Dr. Favaloro 1853,-32.86978043412651,-68.8796737799928,Cochera Pasante,,,False,False,,True,Si,maria perez,Inmobiliaria,False,False,superficie fuera de rango,"Amplio y luminoso Duplex, frente a B° Dalvian. 
2 dormitorios, 2 baños, living comedor,
sistema de losa radiante, doble vidrio, patio interno, cochera, portón eléctrico con acceso independiente.",
inmoup:33954-444,inmoup,33954,444,https://inmoup.com.ar/33954-cosentino-inmobiliaria/inmuebles/444/ficha/departamentos-en-alquiler-en-barrio-solares,2026-09-09,2026-09-07 11:22:31,1100000.0,ARS,12222.222222222224,90.0,200.0,5.0,3.0,2.0,,Alquiler,Excelente,,Guaymallen,Mendoza,barrio solares,-32.920341560509,-68.793596041659,Garage,,False,False,True,40000.0,False,No,Cosentino Inmobiliaria,Inmobiliaria,False,False,,"Inmobiliaria Cosentino alquila. 
Departamento en planta baja ubicado en el barrio solares de Urquiza, el mismo queda en la esquina de Urquiza y el Elpidio González, Francisco del Monte, Guaymallen. 

Características: 
Ingreso con portón automático cochera para un vehículo. 
Complejo de departamentos. 
Barrio semi privado con bajas expensas. 
Living comedor con calefactor y aire acondicionado. 
Cocina con lavandería integrada. 
Patio
Toilet
Baño con bañera y ante baño 
Tres habitaciones
La principal tiene vestidor y aire acondicionado . 

Para mayor información, no dude en consultar",
inmoup:341027-17,inmoup,341027,17,https://inmoup.com.ar/341027-fragapane-inmobiliaria-desarrollos/inmuebles/17/ficha/departamentos-en-alquiler-en-san-martin-610-primera-seccion-ciudad-de-mendoza,2026-09-09,2026-09-02 18:10:55,830000.0,ARS,6916.666666666667,120.0,120.0,4.0,2.0,1.0,,Alquiler,Excelente,60.0,Capital,Mendoza,"San Martin 610, Primera Sección, Ciudad de Mendoza",-32.8962894,-68.8411225,,1.0,,,True,75000.0,,,FRAGAPANE Inmobiliaria & Desarrollos,Inmobiliaria,False,False,,"Departamento en Alquiler en Av. San Martín y Pedro Molina, Ciudad de Mendoza.

Sup. Cubierta: 120 m2 aprox.
Disposición: frente y listo para habitar

Hermoso departamento ubicado en primer piso por ascensor, ubicadísimo, muy amplio y luminoso, sobre Av. San Martín esquina Pedro Molina en la Primera Sección, plena Capital de la Provincia de Mendoza.

El departamento cuenta con:
- Living comedor amplio y muy luminoso, con pisos de parquet plastificado, con balcón a la calle.
- 2 dormitorios amplios con placares, ambos con balcones
- 1 habitación de servicio/estudio.
- Cocina con amoblamientos completos de mesada y bajomesada
- Baño completo

* Valor de expensas: $75.000
* El consorcio del edifiicio no permite la tenencia de mascotas.

¡No dude en consultarnos, estamos a su entera disposición!",
inmoup:341383-1,inmoup,341383,1,https://inmoup.com.ar/341383-enzo-malizia/inmuebles/1/ficha/departamentos-en-alquiler-en-aristides-villanueva-342-ciudad,2026-09-09,2026-08-27 19:05:38,950000.0,ARS,8636.363636363636,110.0,125.0,4.0,2.0,2.0,,Alquiler,Excelente,,Capital,Mendoza,ARISTIDES VILLANUEVA 342 CIUDAD,-32.8923843,-68.8556819,Sin Cochera,,False,False,True,50000.0,False,,Enzo Malizia,Inmobiliaria,False,True,,"- 🏠 Dirección: Aristides Villanueva 342
- 🛏️ 2 dormitorios
- 👗 Vestidor
- 🛁 2 baños completos (uno en suite)
- 🍽️ Cocina comedor
- 🧺 Despensa
- 🌤️ Balcón con tender y chulengo
- 💡 Muy luminoso
- 🔒 Seguro
- 💸 Bajas expensas

Excelente departamento sobre calle Arístides Villanueva, súper luminoso, seguro y de bajas expensas. Ideal para vivir en la mejor zona de Mendoza.
NO INCLUYE LOS MUEBLES.-",
inmoup:3509-1392,inmoup,3509,1392,https://inmoup.com.ar/3509-villalobos-y-asociados-bienes-raices/inmuebles/1392/ficha/departamentos-en-alquiler-en-villavicencio-2724,2026-09-09,2026-09-03 15:38:56,800000.0,ARS,8888.888888888889,90.0,130.0,5.0,2.0,2.0,,Alquiler,Excelente,8.0,Maipu,Mendoza,Villavicencio 2724,-32.8894587,-68.8458386,Garage Doble,2.0,,False,False,,True,,Villalobos y Asociados Bienes Raices,Inmobiliaria,False,False,,"Inmobiliaria Villalobos & Asoc. (Mat 1130) ofrece:
Dúplex en alquiler en Luzuriaga, ubicado en calle Villavicencio, a metros de Barrio El Torreón y Sede de Club Regatas. Zona residencial de fácil circulación gracias a su cercanía a calle Sarmiento y Accesos.
El inmueble se encuentra dentro de un complejo cerrado con 3 dúplex, cuenta con cochera techada para 2 vehículos y se distribuye de la siguiente manera:
Planta baja: ingreso por living, patiecito propio, cocina-comedor, lavandería independiente de la cocina, un toilette (baño de visitas) y un pequeño cuarto de depósito.
Planta alta: un baño completo y dos cómodos dormitorios con placard. El dormitorio principal además cuenta con balcón con vista al Este.
Se entrega con estufas a gas en living y ambos dormitorios y cocina a gas de 4 hornallas y horno. 
Se acepta una mascota.
Se hace contrato por dos años con aumentos trimestrales por IPC.
Se piden dos garantes con bonos de al menos $1.600.000
No dudes en escribirnos ¡Tu consulta no molesta!",
inmoup:35131-491,inmoup,35131,491,https://inmoup.com.ar/35131-roberto-garin-inmobiliaria/inmuebles/491/ficha/departamentos-en-alquiler-en-calle-buenos-aires-y-san-martin,2026-09-09,2026-07-31 00:07:17,450000.0,ARS,11250.0,40.0,40.0,,1.0,1.0,,Alquiler,Muy Bueno,,Capital,Mendoza,Calle Buenos Aires y san Martín,-32.88752519834961,-68.8362874446707,Sin Cochera,,,,True,,False,,ROBERTO GARIN Inmobiliaria,Inmobiliaria,False,False,,"Roberto Garini Inmobiliaria alquila 

excelente departamento ubicado en una de las zonas más estratégicas y dinámicas de la Ciudad de Mendoza, sobre calle Buenos Aires. Ideal para profesionales, parejas o estudiantes que buscan comodidad y accesibilidad .

El inmueble destaca por su distribución funcional y ambientes luminosos:

 Estar - Comedor: Un espacio acogedor y bien ventilado.

 Cocina: Integrada de manera práctica, equipada con amoblamiento funcional.

 Dormitorio: Cómodo y confortante, con un amplio placar con gran capacidad de guardado.
 
Baño completo: En impecable estado, equipado con todos sus artefactos y grifería.

 Balcón

Su ubicación privilegiada sobre calle Buenos Aires te permite contar con fácil acceso al transporte público, comercios, oferta gastronómica, bancos y a solo minutos del microcentro mendocino.",
inmoup:3537-323,inmoup,3537,323,https://inmoup.com.ar/3537-roberto-furlan-inmobiliaria/inmuebles/323/ficha/departamentos-en-alquiler-en-ingeniero-baglietto-2950,2026-09-09,2026-09-02 13:18:47,650000.0,ARS,14444.444444444443,45.0,85.0,,1.0,1.0,,Alquiler,Muy Bueno,11.0,Capital,Mendoza,Ingeniero Baglietto 2950,-32.868541,-68.8571451,Garage/Cochera,,False,,True,65500.0,True,,Roberto Furlan Inmobiliaria,Inmobiliaria,False,False,,"ROBERTO FURLAN ALQUILA !!!!

Hermoso departamento en VIVAK, planta baja, muy luminoso, un dormitorio, con placares, aire acondicionado, baño completo y amplio, muy bonito; cocina integrada al living comedor, desayunador y muy buen amoblamiento de cocina, los artefactos son eléctricos (el inmueble no tiene gas), tiene anafe, horno, microondas, y calefón. Tiene un gran patio muy bonito y cochera techada, con acceso por portón automático. Con bajas expensas, 65.500 lo hace totalmente interesante.

En una zona con varios supermercados cerca, y líneas de transporte público a metros

Los interesados deberán presentar dos garantías personales, con bono o propietarios, que no estén inhibidos o embargados; los bonos deberán ser de un millón doscientos mil en adelante, los propietarios deberán tener sus propiedades sin afectaciones ni restricciones, (Hipotecas, Protección a la vivienda familiar o bien de familia, usufructos, etc.).

Abonar el mes de alquiler, (para setiembre será proporcional a los días de ocupación), mes de depósito (puede abonarse en dos cuotas), honorarios del Corredor, y certificación de firmas.

Comunicarse por WhatsApp",
inmoup:43006-1,inmoup,43006,1,https://inmoup.com.ar/43006-luis-adrian-quiroga-zingaretti/inmuebles/1/ficha/departamentos-en-alquiler-en-moldes-40,2026-09-09,2026-08-19 16:18:37,650000.0,ARS,13829.787234042553,47.0,50.0,,1.0,1.0,,Alquiler,Excelente,5.0,Capital,Mendoza,Moldes 40,-32.87672325823746,-68.84713410695421,Garage,1.0,False,False,True,70000.0,False,,Luis Adrian Quiroga Zingaretti,Inmobiliaria,False,False,,"DEPARTAMENTO 1 HABITACIÓN. 
Moldes 40, esquina Belgrano. Torres procrear de ciudad
Departamento funcional y bien ubicado en la Ciudad de Mendoza. En frente se encuentra el metro tranvía y muy cercano a ciclovía.
En muy buen estado de conservación y muy luminoso, es ideal para estudiantes, parejas o profesionales que buscan comodidad y cercanía. Edificio tranquilo y seguro, cuenta también con cámaras de seguridad. Cercano a supermercados, farmacias y comercios.
No se permiten mascotas.
Ubicado en primer piso, con ascensor.
Cuenta con los siguientes ambientes:
1 dormitorio con amplios placares y vista a la montaña
1 living comedor
1 balcón con vista a la montaña
1 baño con antebaño.
1 cocina
El departamento tiene cochera descubierta con portón automático.
Incluye:
Horno
Calefón
Las expensas son bajas, lo que lo convierte en una opción accesible para aquellos que buscan comodidad y conveniencia en un mismo lugar. No se alquila amoblado.
Gastos iniciales:
 Mes de alquiler
 Depósito en garantía
 Certificación de firmas

Requisitos:
DNI del o los solicitantes.
 Recibos de sueldo o comprobantes de ingresos que dupliquen el valor del alquiler.

 Opción 1: Una Garantía propietaria y una garantía con recibo de sueldo.
 Opción 2: Tres garantes con recibo de sueldo.
 Opción 3: Seguro de caución.
 Los garantes con recibo de sueldo deben duplicar el valor de alquiler.
Contrato a largo plazo con subas trimestrales por ICL.
Valor: $650.000 + expensas (aproximado $70.000). Contrato por dos años.",
inmoup:4378-1739,inmoup,4378,1739,https://inmoup.com.ar/4378-inmobiliaria-del-aguila/inmuebles/1739/ficha/departamentos-en-alquiler-en-juan-e-gainza-2820,2026-09-09,2026-09-07 16:54:16,850000.0,ARS,10000.0,85.0,120.0,4.0,2.0,2.0,,Alquiler,Excelente,5.0,Capital,Mendoza,Juan E. Gainza 2820,-32.86923894984519,-68.8794765492981,Garage/Cochera,2.0,False,False,True,55000.0,True,Si,Inmobiliaria Del Aguila,Inmobiliaria,False,False,,"DÚPLEX EN ALQUILER – 2 DORMITORIOS CON COCHERA – BARRIO SANIDAD

Inmobiliaria Del Águila alquila dúplex ubicado en Barrio Sanidad, Ciudad de Mendoza, a pocas cuadras del Parque General San Martín y a menos de 10 minutos del centro.

La propiedad se desarrolla en dos plantas y cuenta con:

* 2 dormitorios, ambos con placares de piso a techo.
* 1 baño completo en planta alta.
* 1 toilette en planta baja.
* Living comedor.
* Cocina con barra, alacenas y bajo mesada.
* Jardín.
* Cochera techada con portón automatizado.

 Características destacadas

* Calefactores en todos los ambientes.
* Se entrega con 3 aires acondicionados
* Gas natural, agua corriente, cloacas y electricidad.
* Complejo con cerco eléctrico.
* Excelente ubicación residencial, cercana al Parque General San Martín y con rápido acceso al centro.

**CONTRATO POR 2 AÑOS – AJUSTE CUATRIMESTRAL.**

**Requisitos:**

* Titular con ingresos demostrables.
* 2 garantes con bono de sueldo o propiedad.
* Posibilidad de presentar **seguro de caución**.

**Para ingresar:** mes de alquiler + mes de depósito + honorarios inmobiliarios.

**Consultanos para coordinar una visita.**",
inmoup:45804-643,inmoup,45804,643,https://inmoup.com.ar/45804-wayhome/inmuebles/643/ficha/departamentos-en-alquiler-en-25-de-mayo,2026-09-09,2024-06-24 19:25:29,630000.0,ARS,15000.0,42.0,46.0,2.0,1.0,1.0,,Alquiler,Excelente,,Godoy Cruz,Mendoza,25 de mayo ,-32.905319232455,-68.84430308249512,Garage/Cochera,1.0,False,False,True,22.0,True,Si,WAYHOME,Inmobiliaria,False,False,,"WAY HOME ALQUILA DEPARTAMENTO A ESTRENAR EN ZONA PRIVILEGIADA DE GODOY CRUZ
Mat. 1583

La propiedad se desarrolla en un complejo de 17 departamentos, cada uno con su respectiva cochera techada. Portón eléctrico con control remoto. Espacios comunes luminosos y amplios.

El departamento en alquiler cuenta con una habitación con amplio placard de guardado, un baño completo con artefactos de luz y accesorios de baño nuevos. Cocina, living y comedor integrados, muebles de cocina nuevos marca Jhonson, cocina con 4 hornallas y horno, extractor. 

Todos sus ambientes constan de cortinas black out, la zona de living cuenta con estufa tiro balanceado a estrenar y en la habitación con aire frio-calor. A su vez se encuentra un patio de servicio en el cual hay un espacio para colocar lavadora bajo techo. 

EXPENSAS: $42.000
MUNICIPALIDAD DE GODOY CRUZ: 
INDEXACIÓN: Ajuste cuatrimestral según ICL.

REQUISITOS LEGALES Y COMERCIALES

- Acreditación de ingresos del solicitante.
- 2 garantes con bono de sueldo.
- Si no desea presentar esta documentación o no dispone de ella puede ofrecer realizar pagos adelantados.",
inmoup:46201-547,inmoup,46201,547,https://inmoup.com.ar/46201-marcelo-miranda-propiedades/inmuebles/547/ficha/departamentos-en-alquiler-en-espana-1024-4to-piso-41,2026-09-09,2026-02-20 10:11:59,550000.0,ARS,8461.538461538461,65.0,65.0,,2.0,2.0,,Alquiler,Bueno,,Capital,Mendoza,España 1024 4to piso 41,-32.8801052,-68.89434609999999,Sin Cochera,,,,True,,False,,MARCELO MIRANDA PROPIEDADES,Inmobiliaria,False,False,,"DEPARTAMENTO EN ALQUILER 

España 1024 4to piso 41 Frontal

-Amplio living
-Dos dormitorios 
-Toilette
-Baño completo
-Cocina mediana
-Lavandería
-Doble entrada

65 mts2. 
Expensas $ 125.000

$550.000 Ajuste cuatrimestral por IPC",
inmoup:4714-1014,inmoup,4714,1014,https://inmoup.com.ar/4714-jorba-promotora-inmobiliaria/inmuebles/1014/ficha/departamentos-en-alquiler-en-bo-champagnat-m-a11,2026-09-09,2025-12-17 15:46:24,600000.0,ARS,,0.0,70.0,,3.0,1.0,,Alquiler,Muy Bueno,,Capital,Mendoza,"Bº Champagnat, M-A11",,,Sin Cochera,,,,True,,True,,Jorba Promotora Inmobiliaria,Inmobiliaria,False,False,superficie fuera de rango,"Alquiler de Duplex en Bº Champagnat
Cuenta con living comedor, cocina comedor, balcón, 3 dormitorios, 1 baño y balcón. 

Expensas $.25.000.
Canon $600.000 ajuste cuatrimestral IPC",
inmoup:4714-1016,inmoup,4714,1016,https://inmoup.com.ar/4714-jorba-promotora-inmobiliaria/inmuebles/1016/ficha/departamentos-en-alquiler-en-gainza-2265,2026-09-09,2025-12-17 15:53:05,450000.0,ARS,13636.363636363636,33.0,33.0,2.0,1.0,1.0,,Alquiler,Excelente,8.0,Capital,Mendoza,gainza 2265,-32.8712848,-68.8797933,Garage,1.0,,,False,,False,Si,Jorba Promotora Inmobiliaria,Inmobiliaria,False,False,,"Departamento Ubicado en Zona Alta mendoza, detras de complejo Lomas Centro Comercial, sobre calle Gainza y Milstein, Primer piso por escalera. 
Cuenta con 1 dormitorio, baño, cocina comedor, cochera con portón automático techado. Sin expensas , por ahora. 
Canon de Alquiler $ 450.000.- Mensual con Ajuste cuatrimestral IPC. 
Sup. aproximada 33 mts2.",
inmoup:4714-1158,inmoup,4714,1158,https://inmoup.com.ar/4714-jorba-promotora-inmobiliaria/inmuebles/1158/ficha/departamentos-en-alquiler-en-chile-1671-mendoza,2026-09-09,2026-07-22 11:10:22,475000.0,ARS,13571.42857142857,35.0,35.0,3.0,2.0,1.0,,Alquiler,Muy Bueno,35.0,Capital,Mendoza,"chile 1671, mendoza",-32.883190736782474,-68.84398008551025,Sin Cochera,,,,True,35000.0,False,Si,Jorba Promotora Inmobiliaria,Inmobiliaria,False,False,,"Departemento ubicado sobre calle Chile Nº 1.671, EN 3ER PISO, muy luminoso con persianas tipo celocias de madera, dos habitaciones con placares, estar-comedor y kichinett, baño con ducha.

Canon de Alquiler $ 475.000.-

Expensas Comunes Ordinarias $ 35.000.- Sujeto a reajuste.-",
inmoup:4714-1176,inmoup,4714,1176,https://inmoup.com.ar/4714-jorba-promotora-inmobiliaria/inmuebles/1176/ficha/departamentos-en-alquiler-en-dr-milstein-y-carrillo,2026-09-09,2026-09-04 14:08:35,530000.0,ARS,10600.0,50.0,55.0,2.0,1.0,1.0,,Alquiler,Muy Bueno,8.0,Capital,Mendoza,Dr Milstein y Carrillo,-32.8731957,-68.8774086,Garage/Cochera,,False,False,False,,True,Si,Jorba Promotora Inmobiliaria,Inmobiliaria,False,False,,"DEPARTAMENTO EN ALQUILER. FRENTE A DALVIAN. DETRAS DE COPLEJO COMERCIAL LOMAS.
UBICADO SOBRE CALLE DR. MILSTEIN ESQUINA CARRILLO. CIUDAD.

Características: Departamento desarrollado completamente en Planta Baja, con entrada independiente. Estar - Cocina integrada. Baño completo. Dormitorio con placares. Patio de uso exclusivo. Cochera cerrada. 

Canon:$ 530.000.- Ajuste cada 4 Meses por IPC.-

Contrato por 24 Meses.-

No Paga Expensas.",
inmoup:49219-3,inmoup,49219,3,https://inmoup.com.ar/49219-ivana-wolf/inmuebles/3/ficha/departamentos-en-alquiler-en-25-de-mayo-945,2026-09-09,2026-07-28 12:46:22,700.0,USD,0.0046666666666666,150000.0,100000.0,,2.0,1.0,,Alquiler,Excelente,,Capital,Mendoza,25 DE MAYO 945,-32.8908536,-68.8473932,Garage,,True,True,True,,True,Si,Ivana Wolf,Inmobiliaria,False,False,superficie fuera de rango,"Alquilá este hermoso y amplio departamento en el corazón de Mendoza, con una ubicación privilegiada y cerca de los principales atractivos, restaurantes, bares y comercios de la ciudad.

El departamento cuenta con un luminoso living-comedor integrado a una cocina totalmente equipada, dos cómodas habitaciones, una amplia terraza privada y cochera.

Además, podrás disfrutar de excelentes amenities como pileta y quincho, ideales para relajarte y compartir momentos inolvidables durante tu estadía.

¡La combinación perfecta entre comodidad, ubicación y servicios para que vivas una experiencia única en Mendoza!",
inmoup:52775-505,inmoup,52775,505,https://inmoup.com.ar/52775-geirealstate/inmuebles/505/ficha/departamentos-en-alquiler-en-torre-delfina,2026-09-09,2026-08-07 18:36:13,1100000.0,ARS,16923.076923076922,65.0,66.0,,2.0,2.0,,Alquiler,Excelente,,Capital,Mendoza,Torre delfina,-32.8789719,-68.84146290000001,Garage/Cochera,,,,True,200000.0,False,,GeiRealState,Inmobiliaria,False,False,,"Departamento de categoría en Torre Delfina.
Ubicada en calle avenida mitre y Maza. Ciudad de Mendoza.
Excelente ubicación y entorno. Con hermosas vistas a la cordillera, vista panorámica.

Características:

- 2 habitaciones con salida al balcon ( una al norte, y otra al oeste) ( habitación principal con baño y vestidor)
- 2 baños
- cochera A20
- 2 balcones
- piso , dpto 
- ascensor
- SUM
- piscina
- gym
- parrilla
- portón automático
- loby
- NO se permiten mascotas 

- Expensas: $200.000",
inmoup:5436-946,inmoup,5436,946,https://inmoup.com.ar/5436-musacchio-negocios-inmobiliarios/inmuebles/946/ficha/departamentos-en-alquiler-en-sobre-calle-j-m-clark-entre-granaderos-y-martinez-de-rosas,2026-09-09,2026-09-02 13:45:35,1000.0,USD,16.666666666666668,60.0,75.0,2.0,2.0,1.0,,Alquiler,Excelente,,Capital,Mendoza,Sobre calle J. M. Clark entre Granaderos y Martínez de Rosas,-32.8949664826902,-68.8581348232788,Garage/Cochera,,,False,True,120000.0,False,,Musacchio Negocios Inmobiliarios,Inmobiliaria,False,False,,"MUSACCHIO NEGOCIOS INMOBILIARIOS ALQUILA 

Amplio departamento a estrenar de categoría en la exclusiva Torre Allegra, ubicada en la zona residencial de Quinta Sección en Mendoza Capital, sobre calle J. M. Clark entre Granaderos y Martínez de Rosas

El departamento, situado en el quinto piso, cuenta con una distribución moderna y funcional que incluye un luminoso living-comedor integrado con la cocina y salida a un balcón con vistas a la montaña. Además, posee un baño completo con antebaño y un dormitorio principal con amplio placard, junto a un pequeño dormitorio extra que puede funcionar como un espacio adicional o un estudio, según las necesidades del inquilino. 

Entre las características destacadas de esta propiedad se encuentran la losa radiante, el doble vidrio en todas las aberturas, los aires acondicionados, y la excelente iluminación y ventilación natural.

El edificio donde se encuentra el departamento es sustentable, lo que garantiza un menor impacto ambiental. 

Para aquellos que buscan un lugar para vivir con todas las comodidades y en una ubicación privilegiada, este departamento en alquiler es la opción ideal. No se aceptan mascotas. Las expensas tienen un valor de $120.000. 

¡No pierdas la oportunidad de vivir en este exclusivo departamento en Mendoza Capital! ¡Contacta a Musacchio Negocios Inmobiliarios para más información!",
inmoup:55205-4,inmoup,55205,4,https://inmoup.com.ar/55205-pablo/inmuebles/4/ficha/departamentos-en-alquiler-en-peru-2425,2026-09-09,2026-09-02 20:19:43,1100000.0,ARS,14473.684210526317,76.0,114.0,,2.0,2.0,,Alquiler,Excelente,,Capital,Mendoza,Perú 2425,-32.87499869500392,-68.84441009632567,Garage/Cochera,,True,False,True,,False,,Pablo ,Inmobiliaria,False,False,,"DUEÑO DIRECTO (sin comisión)
Departamento en alquiler en ATHENEA PARK TOWER
Sin amoblar | Piso 2 | 2 dormitorios | Cochera

Viví con comodidad, luz natural y una vista privilegiada a la ciudad, en uno de los edificios modernos más destacados de la zona.

Departamento ubicado en el piso 2, muy luminoso y con excelentes vistas. Cuenta con:
• 2 dormitorios con grandes ventanales y vista a la ciudad y a la montaña.
• Living comedor amplio, con un gran ventanal doble, salida al balcón y vistas espectaculares.
•2 baños
•Calefacción central por radiadores en todos los ambientes.
• 2 aires acondcionados, cortinas en la pieza instalados
•Cochera muy amplia y cómoda en el segundo subsuelo.

El edificio ofrece excelentes amenities:
. Seguridad/Guardias 24 hs.
• Piscina, SUM, Lavandería (con lavarrolas y secaropas), y terraza en el piso 13, con increíbles vistas panorámicas.
• Gimnasio.
• Espacios comunes modernos y confortables.

Ubicación privilegiada: a una cuadra del Parque Central, a 2 cuadras del supermercado Coto y a tan solo 10 cuadras del centro de la Ciudad de Mendoza.

Una excelente opción para quienes buscan tranquilidad, comodidad, seguridad y cercanía al centro, sin renunciar a una vista única de la montaña.

Alquiler directo con el propietario, sin comisión inmobiliaria.
Requisitos:
locatario que acredite ingresos
2 garantes (una con inmueble otro con bono de sueldo)",
inmoup:58951-78,inmoup,58951,78,https://inmoup.com.ar/58951-garbin-propiedades/inmuebles/78/ficha/departamentos-en-alquiler-en-rodriguez-2667-mendoza-argentina,2026-09-09,2026-08-28 05:30:17,900000.0,ARS,12328.767123287673,73.0,244.0,,2.0,2.0,,Alquiler,Excelente,3.0,Capital,Mendoza,"Rodríguez 2667, Mendoza, Argentina",-32.87126189084921,-68.84792963752119,Garage,,,,True,,True,,GARBIN PROPIEDADES,Inmobiliaria,False,False,,"GARBIN PROPIEDADES

#Alquila‼️ 

DEPARTAMENTO DE CATEGORÍA a ESTRENAR en SEXTA SECCIÓN!! 

Ubicado en Calle: Rodriguez 2667 - Sexta Sección - Capital - Mendoza.

▪️Departamento se encuentra en primer piso y consta de:
🔸 ESTAR/COMEDOR.
🔸 COCINA/LAVANDERÍA.
🔸 2 DORMITORIOS C/PLACARES 3 PUERTAS.
🔸 2 BAÑOS.
🔸 BALCÓN.
🔸 COCHERA TECHADA PARA 1 VEHÍCULO.

▪️Extras:
🔸 2 Aires acondicionado split frio/calor.
🔸 Calefacción a gas.
🔸 Cerco perimetral electrificado.
🔸 Camara Filmadora en Hall de entrada.
🔸 Alarma con luz de emergencia.
🔸 Contrato por 2 años, actualizaciones trimestrales por el indice del IPC.
🔸 Se acepta una mascota pequeña.

Precio Alquiler: $900.000.

Disponibilidad para coordinar una visita cuando guste.

GARBIN PROPIEDADES
Olegario V. Andrade 406

garbinpropiedades@gmail.com
www.instagram.com/garbinpropiedades",
inmoup:67572-13,inmoup,67572,13,https://inmoup.com.ar/67572-cecilia-crisci/inmuebles/13/ficha/departamentos-en-alquiler-en-las-canas-1171,2026-09-09,2025-10-12 20:16:19,720000.0,ARS,11612.90322580645,62.0,77.0,4.0,2.0,1.0,,Alquiler,Excelente,6.0,Guaymallen,Mendoza,Las Cañas 1171,-32.9076238325603,-68.81915211873945,Garage/Cochera,1.0,False,False,True,,True,Si,Cecilia Crisci,Inmobiliaria,False,False,,"Hermoso departamento ubicado en Mendoza, en la zona de Guaymallén, Las Cañas. 
Esta excelente unidad de espacios amplios y luminosos, ubicada en primer piso por ascensor, se encuentra en un moderno edificio con portón automático, cámaras de seguridad, SUM y una amplia terraza común con vistas panorámicas.

El departamento consta de 2 dormitorios con placard, un baño completo, ante baño, cocina equipada, lavandería, living, patio y cochera. Se entrega luminarias, termotanque extractor de aire y cocina. Cuenta con cochera propia techada y baulera Es importante destacar que la unidad es 100% eléctrica.

Además, cuenta con 2 aires acondicionados frío calor instalados. 
La ubicación del departamento es estratégica e inmejorable, en constante crecimiento ya que se encuentra cerca de los accesos sur y este, permitiendo una fácil conexión con diferentes puntos de la provincia. A tan solo 300 metros del mall La Barraca, La Barraca Market, a 5 minutos de centros comerciales como Mendoza Plaza shopping, circuito mall, escuelas, espacios verdes y hospitales. 

Los requisitos para alquilar este hermoso departamento incluyen presentar bono de sueldo, contar con 2 garantes con bono de sueldo, abonar el mes de alquiler y el mes de depósito, así como los honorarios de elaboración del contrato. No dudes en contactarnos para programar una visita y conocer este increíble departamento en persona. ¡Te esperamos!",
inmoup:682-6299,inmoup,682,6299,https://inmoup.com.ar/682-contacto-propiedades/inmuebles/6299/ficha/departamentos-en-alquiler-en-rodriguez-y-av-emilio-civit,2026-09-09,2026-08-26 12:55:03,1000.0,USD,6.802721088435374,147.0,147.0,,3.0,2.0,,Alquiler,Excelente,,Capital,Mendoza,RODRIGUEZ Y AV. EMILIO CIVIT,-32.8882277,-68.85257159999999,Garage,,,False,True,90000.0,False,,Contacto Propiedades,Inmobiliaria,False,True,,"CONTACTO PROPIEDADES INMOBILIARIA

ALQUILA DEPARTAMENTO EN CIUDAD.

Ubicado en un complejo del corazón de la Quinta sección, excelente zona. A metros de Av. Emilio civit.

Sup. Total: 147 m2

Primer piso por escalera

Distribuido en una planta:

-Living 
-Cocina
-3 dormitorios
-2 baños
-Cochera

Observaciones:
-Paga expensas (valor agosto 2026 $90.000)
-Aire acondicionado

Contactanos por WhatsApp para solicitar mayor información.

CONTACTO PROPIEDADES INMOBILIARIA más de 50 años de trayectoria.
Seguinos en redes y enterate de todas las novedades!
Instagram: contactoinmobiliaria
Facebook: contactopropiedadesinmo
Web: www.contactopropiedades.com

*La presente publicación describe las características esenciales del inmueble, debiéndose consultar al corredor público inmobiliario responsable de la operación por la eventual actualización de las medidas, descripciones arquitectónicas y funcionales, valores de expensas, servicios, impuestos, precios y demás información, cuyos valores son aproximados en esta publicación*",
inmoup:7226-148,inmoup,7226,148,https://inmoup.com.ar/7226-dc-inmobiliaria/inmuebles/148/ficha/departamentos-en-alquiler-en-montes-de-oca-y-america,2026-09-09,2026-06-01 18:08:55,495000.0,ARS,6187.5,80.0,85.0,4.0,3.0,1.0,,Alquiler,Muy Bueno,45.0,Godoy Cruz,Mendoza,MONTES DE OCA Y AMERICA,-32.91064340570879,-68.87121738732513,Sin Cochera,,,,False,,False,Si,DC INMOBILIARIA,Inmobiliaria,False,False,,"DC Inmobiliaria alquila departamento en Godoy Cruz, sobre calle Montes de Oca frente al Hipódromo.

La propiedad se encuentra en muy buen estado de conservación y cuenta con:
• 3 dormitorios.
• 1 baño.
• Cocina.
• Living-comedor.
• Lavandería.
• Sin cochera.

Excelente ubicación, próxima a líneas de colectivo, supermercados y comercios.

NO SE ACEPTAN MASCOTAS!!!

Contrato por 24 meses, ajuste cuatrimestral IPC

REQUISITOS:
Solicitante (inquilino):
• Bono de sueldo.

Garantías:
Tres garantes con bono de sueldo.

Daniel Corazza (Mat 1145)",
inmoup:7226-151,inmoup,7226,151,https://inmoup.com.ar/7226-dc-inmobiliaria/inmuebles/151/ficha/departamentos-en-alquiler-en-soler-725,2026-09-09,2026-07-21 12:13:55,590000.0,ARS,9365.079365079366,63.0,80.0,4.0,3.0,1.0,,Alquiler,Muy Bueno,26.0,Godoy Cruz,Mendoza,SOLER 725,-32.93340866595241,-68.86201155396729,Garage/Cochera,1.0,,,True,38000.0,False,Si,DC INMOBILIARIA,Inmobiliaria,False,False,,"DC Inmobiliaria alquila departamento en planta baja en Godoy Cruz, sobre calle Soler y Salvador Civit, Barrio Conjunto ""El Carmen""

La propiedad se encuentra en muy buen estado de conservación y cuenta con:
• 3 dormitorios.
• 1 baño.
• Cocina.
• Living-comedor.
• Lavandería.
• Patio.
• Cochera de uso exclusivo.
• Todos los servicios.

Excelente ubicación, próxima a líneas de colectivo, supermercados y comercios, con rápida salida al Corredor del Oeste.

NO SE ACEPTAN MASCOTAS!!!

Contrato por 24 meses, ajuste cuatrimestral IPC

REQUISITOS:
Solicitante (inquilino):
• Bono de sueldo.

Garantías:
• Tres garantes con bono de sueldo.

Daniel Corazza (Mat 1145)",
inmoup:74965-125,inmoup,74965,125,https://inmoup.com.ar/74965-roxana-barrera-negocios-inmobiliarios/inmuebles/125/ficha/departamentos-en-alquiler-en-soler,2026-09-09,2026-05-03 23:55:20,400000.0,ARS,8888.888888888889,45.0,45.0,2.0,1.0,1.0,,Alquiler,Muy Bueno,6.0,Capital,Mendoza,Soler,-32.86918935964865,-68.83466654163361,Sin Cochera,1.0,False,False,True,,False,Si,Roxana Barrera Negocios Inmobiliarios,Inmobiliaria,False,False,,"ROXANA BARRERA NEGOCIOS INMOBILIARIOS ALQUILA TEMPORALMENTE

En la prestigiosa zona de la 1.ª Sección Parque Central en Mendoza Capital, se encuentra disponible este encantador departamento de 2 ambientes en alquiler temporal. Ubicado en un primer piso, este luminoso y espacioso departamento es ideal para parejas o profesionales que buscan comodidad y conveniencia en un entorno seguro y tranquilo.
El departamento cuenta con una superficie cubierta de 45 m2, distribuidos en un amplio living comedor que brinda un ambiente acogedor para disfrutar en familia o con amigos. La cocina, equipada con termotanque, cocina, estufa, mueble de madera con alacena y bajomesada, es perfecta para aquellos que disfrutan de la cocina casera. El dormitorio principal, de generosas dimensiones, cuenta con un cómodo placard con puertas corredizas que maximizan el espacio y ofrecen una solución de almacenamiento conveniente.
 El complejo donde se encuentra ubicado es muy seguro, ofreciendo tranquilidad y paz de mente a sus habitantes. 
La ubicación estratégica cerca de la calle San Martín proporciona fácil acceso a centros comerciales, cafés, farmacias, tintorerías, colegios primarios y secundarios, paradas de colectivos y Uber, convirtiendo a este departamento en una opción única en el mercado de alquiler en Mendoza.
Con una antigüedad de 6 años y en excelente estado de conservación, este inmueble ofrece una excelente oportunidad de vivir en una zona privilegiada de la ciudad. No pierdas la oportunidad de conocer este maravilloso lugar. ¡Contáctanos para coordinar una visita!",
inmoup:76989-43,inmoup,76989,43,https://inmoup.com.ar/76989-roma-propiedades/inmuebles/43/ficha/departamentos-en-alquiler-en-martinez-de-rozas,2026-09-09,2026-08-21 12:29:26,990000.0,ARS,11000.0,90.0,120.0,,2.0,2.0,,Alquiler,Excelente,,Capital,Mendoza,Martinez de Rozas,-32.897670323956994,-68.85675175269434,Garage/Cochera,,,,True,90000.0,False,,ROMA Propiedades,Inmobiliaria,False,True,,"Roma Propiedades alquila este excelente departamento, ubicado en calle Martinez de Rosas, en el corazón de 5ta. Sección. A escasas cuadras de calle Aristides Villanueva.
Departamento en 3° piso, cuenta con dos dormitorios con placares; baño instalado completo; amplio estar comedor con vistas y gran balcón-terraza; baño de visita; amplia cocina – lavadero. Cochera cubierta y baulera.
El complejo cuenta con portón eléctrico, ascensor. Amenities: SUM en terraza con churrasquera, baño y excelentes vistas.",
inmoup:773-3447,inmoup,773,3447,https://inmoup.com.ar/773-inmobiliaria-stevanato/inmuebles/3447/ficha/departamentos-en-alquiler-en-barrio-procrear-m-w-lote-1-duplex-2-maipu-mendoza-piso-2-pisos-depto-1,2026-09-09,2026-08-24 10:39:54,800000.0,ARS,9302.32558139535,86.0,133.0,3.0,2.0,2.0,,Alquiler,Excelente,11.0,Maipu,Mendoza,"Barrio Procrear, M: W, Lote 1, Dúplex 2, Maipú Mendoza Piso 2 Pisos Depto 1",-32.966060975194,-68.827001266292,Sin Cochera,,False,False,False,,False,No,Inmobiliaria Stevanato,Inmobiliaria,False,False,,"SE ALQUILA – DÚPLEX EN B° PROCREAR, MAIPÚ

Ubicado en el corazón de Barrio Procrear, este dúplex ofrece una excelente combinación entre comodidad, buena iluminación y espacios exteriores, dentro de un entorno residencial consolidado de Maipú.

La propiedad cuenta con una superficie total de 133 m², de los cuales 86 m² son cubiertos y 47 m² descubiertos, distribuidos en dos plantas:

PLANTA BAJA

▫️ Living-comedor
▫️ Cocina
▫️ Baño de servicio con inodoro y lavamanos
▫️ Amplio patio
▫️ Espacio para estacionamiento con portón corredizo mecánico con control remoto

PLANTA ALTA

▫️ 2 dormitorios con placares
▫️ Uno de los dormitorios con balcón hacia el patio
▫️ Baño completo

Uno de los principales atractivos de la propiedad es su amplio patio, brindando un muy buen espacio exterior para disfrutar en el día a día.

Además, el dúplex se destaca por su muy buena iluminación natural, dormitorios con placares y se entrega con equipos de aire acondicionado instalados, sumando comodidad y practicidad a la vivienda.

Cuenta con todos los servicios:

▫️ Luz
▫️ Gas natural
▫️ Agua corriente
▫️ Desagüe cloacal

💼 Una excelente opción para parejas o familias pequeñas que buscan una vivienda cómoda, con buen espacio exterior y ubicada dentro de Barrio Procrear.

💰 Canon mensual: AR$ 800.000

💰 Consulte por facilidades de pago para el ingreso.

📞 ¡Llámenos para conocer más en detalle esta propiedad!",
inmoup:78981-2,inmoup,78981,2,https://inmoup.com.ar/78981-amado-borrajo-propiedades/inmuebles/2/ficha/departamentos-en-alquiler-en-tropero-sosa-1880-b0-suelos-de-tropero,2026-09-09,2026-09-04 18:25:28,730000.0,ARS,12166.666666666666,60.0,140.0,,2.0,1.0,,Alquiler,Excelente,3.0,Maipu,Mendoza,Tropero Sosa 1880 - B° Suelos de Tropero,,,Garage/Cochera,1.0,,False,True,70.0,False,Si,Amado  Borrajo Propiedades,Inmobiliaria,False,False,,"AMADO BORRAJO PROPIEDADES ALQUILA:

Departamento en Barrio Privado Suelos de Tropero, sobre Carril Tropero Sosa 1880, Maipú. Un entorno residencial que destaca por su seguridad, tranquilidad y fácil salida hacia los accesos principales de la zona.

La propiedad se encuentra en excelente estado de conservación y se distribuye de la siguiente manera:

Distribución y Ambientes:

Planta / Ambientes: Cuentan con un amplio y luminoso living-comedor.

Cocina: Equipada con amoblamiento completo de guardado.

Dormitorios: 2 dormitorios cómodos, ambos equipados con sus respectivos placards.

Baño: 1 baño completo.

Exterior: Patio propio equipado con churrasquera.

Estacionamiento: Cochera cubierta.

Servicios: Todos los servicios.

Condiciones del Alquiler:
Canon mensual publicitado + Expensas.",
inmoup:79085-439,inmoup,79085,439,https://inmoup.com.ar/79085-shelter-propiedades/inmuebles/439/ficha/departamentos-en-alquiler-en-condominios-dalvian,2026-09-09,2026-08-03 16:08:01,1000.0,USD,12.5,80.0,80.0,4.0,2.0,2.0,,Alquiler,Excelente,12.0,Las Heras,Mendoza,Condominios Dalvian ,-32.85937114212768,-68.89148506748155,Sin Cochera,1.0,True,False,True,460000.0,False,Si,Shelter Propiedades,Inmobiliaria,False,False,,"Alquiler de precioso de departamento en Condominios Dalvian, excelente ubicación y entorno, siendo uno de los mejores y más prestigioso Barrio Privado de la Provincia, teniendo incalculable beneficios y prestaciones para sus habitantes.
Se encuentra a 10 minutos del centro de Mendoza, a 5 minutos del Parque General San Martín, frente al centro comercial Lomas dónde existe gran variedad de negocios de todos los rubros y un centro Médico, aledaño supermercados, colegios, etc. 

El Barrio consta de: 

-Canchas de Golf, futbol, básquet, tenis, etc
- Caballerizas
- Jardín de niños.
- Transfer con destino al centro de Mendoza.
- Club house con piscina.
- Gimnasio 
- SUM con parrilla para eventos sociales.

El edificio posee:

- Guardia las 24hs.
- Gimnasio 
- Piscina
- Solárium.

El Departamento se encuentra en un segundo piso y tiene:

- 2 dormitorios (1 con baño en suite con vestidor y el otro solamente con vestidor)
- Amplio living comedor.
- Cocina. 
- Lavandería.
- 2 baños ( 1 en suite y el otro con amplios placares en su ante baño).
- Gigantesco balcón donde todos los ambientes dan al mismo a través de puertas ventanas con una maravillosa vista a la ciudad.
- Calefacción central por radiadores.
- Carpinteria doble vidrio (dvh) de primera calidad.
- Aires acondicionados en todos los ambientes.
-Todas las luminarias.
- Cortinado completo de diseño en todos los ventanales.",
inmoup:80272-994,inmoup,80272,994,https://inmoup.com.ar/80272-hauser/inmuebles/994/ficha/departamentos-en-alquiler-en-barrio-dalvian,2026-09-09,2026-09-02 04:03:52,1000.0,USD,10.20408163265306,98.0,98.0,4.0,2.0,2.0,,Alquiler,Excelente,6.0,Capital,Mendoza,Barrio Dalvian,-32.8737548,-68.883047,Si,,,,True,320000.0,,,HAUSER,Inmobiliaria,False,False,,"ALQUILER DE DEPARTAMENTO EN PLANTA BAJAComplejo Pedraza - Barrio Dalvian.

¡Oportunidad única en uno de los complejos más buscados de Barrio Dalvian!

Te presentamos este hermoso departamento desarrollado en una sola planta de 98 m² cubiertos sobre un terreno total de 133 m², ideal para quienes buscan máxima comodidad y accesibilidad total sin escaleras.

Ubicado en el exclusivo Complejo Pedraza, la propiedad destaca por su seguridad, tranquilidad y excelentes prestaciones. Su distribución funcional incluye un amplio living-comedor principal con salida a una galería privada con churrasquera y jardín propio, perfecto para disfrutar momentos al aire libre con total privacidad.

La cocina es independiente y cuenta con instalaciones previstas para lavarropas y lavavajillas. El área de descanso ofrece dos dormitorios en total: una habitación con placar, y una suite principal con placar y baño privado. Además, el pasillo distribuidor suma valiosos placares adicionales de guardado y un baño completo.

El departamento está equipada con calefacción por radiadores en todos sus ambientes y se entrega listo para habitar con cortinas, artefactos de iluminación y dos aires acondicionados ubicados en el living-comedor y en el dormitorio principal. Incluye también una cochera cubierta con pérgola para un vehículo.

Expensas: $320.000
Canon de locación: 1.000 USD sin amoblar / 1.200 USD amoblado.

Listo para ingresar!

Para más información, contáctanos.

Hauser Servicios Inmobiliarios.
Mat. 1667.",
inmoup:82509-28,inmoup,82509,28,https://inmoup.com.ar/82509-anida-estudio/inmuebles/28/ficha/departamentos-en-alquiler-en-espana-a-mtrs-de-la-peatonal,2026-09-09,2026-09-09 12:38:07,1100000.0,ARS,8461.538461538461,130.0,140.0,,3.0,2.0,,Alquiler,Muy Bueno,,Capital,Mendoza,España a mtrs de la Peatonal,-32.88945967841428,-68.84164399544719,Sin Cochera,1.0,,False,True,170000.0,True,,ÁNIDA ESTUDIO,Inmobiliaria,False,True,,"SE ALQUILA departamento en 2do Piso de 3 dormitorios (principal en suite), 2 baños, estar comedor muy amplio, cocina remodelada con comedor de diario, despensa aparte, lavandería independiente, balcón. Ubicado en edificio de pocos departamentos a metros de la Peatonal Sarmiento. Carpintería DVH (doble vidrio); SIN COCHERA
Micros en la puerta.
INGRESO OPCIONAL MEDIADOS DE SEPTIEMBRE

NO AMOBLADO

REQUISITOS

📌 Valor del alquiler: $1.100.000

📌 Duración del contrato: 24 meses (2 años)

📌 Ajustes CUATRImestrales: Según índice IPC

Gastos para ingresar:
💰 Primer mes de alquiler OCTUBRE: $1.100.000

💰 Depósito en garantía: $1.100.000

💰 Honorarios inmobiliarios (2,5% del monto total del contrato 2 años): $660.000

💰 Certificación de firmas ante notario: $40.000 por firma (aprox)

Consulta sin compromiso, disponible para visitas. CPIM Mat. 2142",
inmoup:878-973,inmoup,878,973,https://inmoup.com.ar/878-inmobiliaria-valente/inmuebles/973/ficha/departamentos-en-alquiler-en-espana-1888,2026-09-09,2026-08-20 00:37:07,750000.0,ARS,10000.0,75.0,100.0,,3.0,2.0,,Alquiler,Muy Bueno,7.0,Maipu,Mendoza,España 1888,-32.9619849,-68.78765,Garage/Cochera,2.0,False,,False,,False,Si,INMOBILIARIA VALENTE,Inmobiliaria,False,False,,"🏠 Inmobiliaria Valente ofrece en alquiler este amplio y cómodo departamento dúplex, ubicado en General Gutiérrez, Maipú.

📍 Ubicada en calle España 1888 (casi esquina 17 de Agosto)

✅La propiedad se encuentra dentro de un complejo cerrado de solo 2 unidades, lo que garantiza un entorno privado, tranquilo y seguro para tu día a día.

📐Cuenta con:📐

. 3 habitaciones luminosas (2 con placard y la principal con vestidor).

. 2 baños completos.

. Cómodo living-estar con cocina comedor integrada.

. Patio privado.

. Cochera techada

📍Cuenta con todos los servicios correspondientes.

📲 Para más detalles o visitas a la propiedad, lo invitamos a comunicarse con nosotros vía WhatsApp de Lunes a Viernes de 9:00 a 17:00 hs (horario corrido).",
inmoup:90373-106,inmoup,90373,106,https://inmoup.com.ar/90373-aureo-propiedades/inmuebles/106/ficha/departamentos-en-alquiler-en-coronel-rodriguez-722,2026-09-09,2026-08-13 20:18:49,700000.0,ARS,10000.0,70.0,100.0,,3.0,2.0,,Alquiler,Muy Bueno,,Capital,Mendoza,Coronel Rodriguez 722,-32.8923602,-68.85317189999999,Garage/Cochera,,,,True,80000.0,False,,Aureo Propiedades,Inmobiliaria,False,False,,"AUREO PROPIEDADES alquila ubicadísimo departamento de 3 dormitorios, a metros de Arístides Villanueva. Se encuentra emplazado en un primer piso por escalera. 

Dispone de un living comedor, cocina, 3 dormitorios con placares, baño completo y toilette. Cuenta con una amplia terraza de uso privado, lavandería, y acceso a una cochera cerrada para un vehículo. 

Contrato a 2 años con actualizaciones trimestrales por inflación (IPC).

Requisitos:

Justificación de ingresos del locatario.
Al menos 2 garantes propietarios, o con bono de sueldo acorde al contrato.
Depósito de garantía.
Honorarios de gestión inmobiliaria.

Para coordinar una visita, por favor solicitar fecha por WhatsApp.",
inmoup:9307-222,inmoup,9307,222,https://inmoup.com.ar/9307-capital-inmobiliaria/inmuebles/222/ficha/departamentos-en-alquiler-en-peru-2453,2026-09-09,2026-08-04 10:12:41,550000.0,ARS,9821.42857142857,56.0,73.0,,2.0,1.0,,Alquiler,Muy Bueno,,Capital,Mendoza,Perú 2453,-9.189967,-75.015152,Sin Cochera,,,,True,89000.0,True,,CAPITAL Inmobiliaria,Inmobiliaria,False,False,,"Ubicado a solo una cuadra del Parque Central, este departamento ofrece una excelente combinación de comodidad, luminosidad y conectividad, con múltiples líneas de transporte público en sus inmediaciones.
La propiedad cuenta con:
Dos amplios dormitorios, ambos con generosos placares.
Antebaño y baño completo.
Luminoso living-comedor.
Cocina independiente con espacio para lavandería.
Aire acondicionado y estufa, para mayor confort durante todo el año.
El edificio dispone de ascensor, escaleras, cámaras de seguridad y portero eléctrico, brindando comodidad y tranquilidad a sus residentes.
Una excelente oportunidad para vivir o invertir en una de las zonas con mayor conectividad de la ciudad.",
